#2026 07 26 14:32:19.934#Z#DEBUG#a94a10ac-88fe-11f1-b49e-eeee0a804d2e.ai_cap#flowable-async-job-executor-thread-395#
[PollStageAppStatusExecution] 7660856f-8cbb-42ff-826b-d11e3bb26138 [2026-07-26T14:31:33.370619] Added process: "web" (STDOUT, API)#
#2026 07 26 14:32:19.934#Z#DEBUG#a94a10ac-88fe-11f1-b49e-eeee0a804d2e.ai_cap#flowable-async-job-executor-thread-395#
[PollStageAppStatusExecution] 7660856f-8cbb-42ff-826b-d11e3bb26138 [2026-07-26T14:31:33.380456] Created app with guid 7660856f-8cbb-42ff-826b-d11e3bb26138 (STDOUT, API)#
#2026 07 26 14:32:19.934#Z#DEBUG#a94a10ac-88fe-11f1-b49e-eeee0a804d2e.ai_cap#flowable-async-job-executor-thread-395#
[PollStageAppStatusExecution] 7660856f-8cbb-42ff-826b-d11e3bb26138 [2026-07-26T14:31:33.467306] Updating process: "web" (STDOUT, API)#
#2026 07 26 14:32:19.934#Z#DEBUG#a94a10ac-88fe-11f1-b49e-eeee0a804d2e.ai_cap#flowable-async-job-executor-thread-395#
[PollStageAppStatusExecution] 7660856f-8cbb-42ff-826b-d11e3bb26138 [2026-07-26T14:31:33.534668] Scaling process: "web" (STDOUT, API)#
#2026 07 26 14:32:19.934#Z#DEBUG#a94a10ac-88fe-11f1-b49e-eeee0a804d2e.ai_cap#flowable-async-job-executor-thread-395#
[PollStageAppStatusExecution] 7660856f-8cbb-42ff-826b-d11e3bb26138 [2026-07-26T14:31:59.992819] Uploading app package for app with guid 7660856f-8cbb-42ff-826b-d11e3bb26138 (STDOUT, API)#
#2026 07 26 14:32:19.934#Z#DEBUG#a94a10ac-88fe-11f1-b49e-eeee0a804d2e.ai_cap#flowable-async-job-executor-thread-395#
[PollStageAppStatusExecution] 7660856f-8cbb-42ff-826b-d11e3bb26138 [2026-07-26T14:32:00.257710] Updated app with guid 7660856f-8cbb-42ff-826b-d11e3bb26138 ({"environment_variables"=>"[PRIVATE DATA HIDDEN]"}) (STDOUT, API)#
#2026 07 26 14:32:19.934#Z#DEBUG#a94a10ac-88fe-11f1-b49e-eeee0a804d2e.ai_cap#flowable-async-job-executor-thread-395#
[PollStageAppStatusExecution] 7660856f-8cbb-42ff-826b-d11e3bb26138 [2026-07-26T14:32:10.202181] Creating build for app with guid 7660856f-8cbb-42ff-826b-d11e3bb26138 (STDOUT, API)#
#2026 07 26 14:32:19.934#Z#DEBUG#a94a10ac-88fe-11f1-b49e-eeee0a804d2e.ai_cap#flowable-async-job-executor-thread-395#
[PollStageAppStatusExecution] 7660856f-8cbb-42ff-826b-d11e3bb26138 [2026-07-26T14:32:11.361730] Downloading zero_trust_sidecar_buildpack_1_18... (STDOUT, STG)#
#2026 07 26 14:32:19.934#Z#DEBUG#a94a10ac-88fe-11f1-b49e-eeee0a804d2e.ai_cap#flowable-async-job-executor-thread-395#
[PollStageAppStatusExecution] 7660856f-8cbb-42ff-826b-d11e3bb26138 [2026-07-26T14:32:11.361738] Downloading nginx_buildpack... (STDOUT, STG)#
#2026 07 26 14:32:19.934#Z#DEBUG#a94a10ac-88fe-11f1-b49e-eeee0a804d2e.ai_cap#flowable-async-job-executor-thread-395#
[PollStageAppStatusExecution] 7660856f-8cbb-42ff-826b-d11e3bb26138 [2026-07-26T14:32:11.361802] Downloading nodejs_buildpack... (STDOUT, STG)#
#2026 07 26 14:32:19.934#Z#DEBUG#a94a10ac-88fe-11f1-b49e-eeee0a804d2e.ai_cap#flowable-async-job-executor-thread-395#
[PollStageAppStatusExecution] 7660856f-8cbb-42ff-826b-d11e3bb26138 [2026-07-26T14:32:11.361815] Downloading go_buildpack... (STDOUT, STG)#
#2026 07 26 14:32:19.934#Z#DEBUG#a94a10ac-88fe-11f1-b49e-eeee0a804d2e.ai_cap#flowable-async-job-executor-thread-395#
[PollStageAppStatusExecution] 7660856f-8cbb-42ff-826b-d11e3bb26138 [2026-07-26T14:32:11.361847] Downloading php_buildpack... (STDOUT, STG)#
#2026 07 26 14:32:19.934#Z#DEBUG#a94a10ac-88fe-11f1-b49e-eeee0a804d2e.ai_cap#flowable-async-job-executor-thread-395#
[PollStageAppStatusExecution] 7660856f-8cbb-42ff-826b-d11e3bb26138 [2026-07-26T14:32:12.491753] Downloaded zero_trust_sidecar_buildpack_1_18 (28.9M) (STDOUT, STG)#
#2026 07 26 14:32:19.934#Z#DEBUG#a94a10ac-88fe-11f1-b49e-eeee0a804d2e.ai_cap#flowable-async-job-executor-thread-395#
[PollStageAppStatusExecution] 7660856f-8cbb-42ff-826b-d11e3bb26138 [2026-07-26T14:32:12.491793] Downloading sap_java_buildpack_jakarta_2_63... (STDOUT, STG)#
#2026 07 26 14:32:19.934#Z#DEBUG#a94a10ac-88fe-11f1-b49e-eeee0a804d2e.ai_cap#flowable-async-job-executor-thread-395#
[PollStageAppStatusExecution] 7660856f-8cbb-42ff-826b-d11e3bb26138 [2026-07-26T14:32:12.755863] Downloaded nginx_buildpack (61.8M) (STDOUT, STG)#
#2026 07 26 14:32:19.934#Z#DEBUG#a94a10ac-88fe-11f1-b49e-eeee0a804d2e.ai_cap#flowable-async-job-executor-thread-395#
[PollStageAppStatusExecution] 7660856f-8cbb-42ff-826b-d11e3bb26138 [2026-07-26T14:32:12.755907] Downloading binary_buildpack... (STDOUT, STG)#
#2026 07 26 14:32:19.934#Z#DEBUG#a94a10ac-88fe-11f1-b49e-eeee0a804d2e.ai_cap#flowable-async-job-executor-thread-395#
[PollStageAppStatusExecution] 7660856f-8cbb-42ff-826b-d11e3bb26138 [2026-07-26T14:32:13.029932] Downloaded binary_buildpack (7.7M) (STDOUT, STG)#
#2026 07 26 14:32:19.934#Z#DEBUG#a94a10ac-88fe-11f1-b49e-eeee0a804d2e.ai_cap#flowable-async-job-executor-thread-395#
[PollStageAppStatusExecution] 7660856f-8cbb-42ff-826b-d11e3bb26138 [2026-07-26T14:32:13.029971] Downloading java_buildpack_v5_preview... (STDOUT, STG)#
#2026 07 26 14:32:19.934#Z#DEBUG#a94a10ac-88fe-11f1-b49e-eeee0a804d2e.ai_cap#flowable-async-job-executor-thread-395#
[PollStageAppStatusExecution] 7660856f-8cbb-42ff-826b-d11e3bb26138 [2026-07-26T14:32:16.895966] Downloaded go_buildpack (296.3M) (STDOUT, STG)#
#2026 07 26 14:32:19.934#Z#DEBUG#a94a10ac-88fe-11f1-b49e-eeee0a804d2e.ai_cap#flowable-async-job-executor-thread-395#
[PollStageAppStatusExecution] 7660856f-8cbb-42ff-826b-d11e3bb26138 [2026-07-26T14:32:16.896024] Downloading sap_java_buildpack_jakarta... (STDOUT, STG)#
#2026 07 26 14:32:29.950#Z#DEBUG#a94a10ac-88fe-11f1-b49e-eeee0a804d2e.ai_cap#flowable-async-job-executor-thread-398#
[PollStageAppStatusExecution] 7660856f-8cbb-42ff-826b-d11e3bb26138 [2026-07-26T14:32:21.626071] Downloaded sap_java_buildpack_jakarta_2_63 (383M) (STDOUT, STG)#
#2026 07 26 14:32:29.950#Z#DEBUG#a94a10ac-88fe-11f1-b49e-eeee0a804d2e.ai_cap#flowable-async-job-executor-thread-398#
[PollStageAppStatusExecution] 7660856f-8cbb-42ff-826b-d11e3bb26138 [2026-07-26T14:32:21.626103] Downloading sap_java_buildpack_jakarta_2_66... (STDOUT, STG)#
#2026 07 26 14:32:29.950#Z#DEBUG#a94a10ac-88fe-11f1-b49e-eeee0a804d2e.ai_cap#flowable-async-job-executor-thread-398#
[PollStageAppStatusExecution] 7660856f-8cbb-42ff-826b-d11e3bb26138 [2026-07-26T14:32:22.455121] Downloaded nodejs_buildpack (560.6M) (STDOUT, STG)#
#2026 07 26 14:32:29.950#Z#DEBUG#a94a10ac-88fe-11f1-b49e-eeee0a804d2e.ai_cap#flowable-async-job-executor-thread-398#
[PollStageAppStatusExecution] 7660856f-8cbb-42ff-826b-d11e3bb26138 [2026-07-26T14:32:22.455198] Downloading sap_java_buildpack_jakarta_2_65... (STDOUT, STG)#
#2026 07 26 14:32:29.950#Z#DEBUG#a94a10ac-88fe-11f1-b49e-eeee0a804d2e.ai_cap#flowable-async-job-executor-thread-398#
[PollStageAppStatusExecution] 7660856f-8cbb-42ff-826b-d11e3bb26138 [2026-07-26T14:32:25.468866] Downloaded php_buildpack (727.6M) (STDOUT, STG)#
#2026 07 26 14:32:29.950#Z#DEBUG#a94a10ac-88fe-11f1-b49e-eeee0a804d2e.ai_cap#flowable-async-job-executor-thread-398#
[PollStageAppStatusExecution] 7660856f-8cbb-42ff-826b-d11e3bb26138 [2026-07-26T14:32:25.468896] Downloading staticfile_buildpack... (STDOUT, STG)#
#2026 07 26 14:32:29.950#Z#DEBUG#a94a10ac-88fe-11f1-b49e-eeee0a804d2e.ai_cap#flowable-async-job-executor-thread-398#
[PollStageAppStatusExecution] 7660856f-8cbb-42ff-826b-d11e3bb26138 [2026-07-26T14:32:26.059117] Downloaded sap_java_buildpack_jakarta (383.3M) (STDOUT, STG)#
#2026 07 26 14:32:29.950#Z#DEBUG#a94a10ac-88fe-11f1-b49e-eeee0a804d2e.ai_cap#flowable-async-job-executor-thread-398#
[PollStageAppStatusExecution] 7660856f-8cbb-42ff-826b-d11e3bb26138 [2026-07-26T14:32:26.070529] Downloading python_buildpack... (STDOUT, STG)#
#2026 07 26 14:32:29.950#Z#DEBUG#a94a10ac-88fe-11f1-b49e-eeee0a804d2e.ai_cap#flowable-async-job-executor-thread-398#
[PollStageAppStatusExecution] 7660856f-8cbb-42ff-826b-d11e3bb26138 [2026-07-26T14:32:26.096485] Downloaded staticfile_buildpack (13.4M) (STDOUT, STG)#
#2026 07 26 14:32:29.950#Z#DEBUG#a94a10ac-88fe-11f1-b49e-eeee0a804d2e.ai_cap#flowable-async-job-executor-thread-398#
[PollStageAppStatusExecution] 7660856f-8cbb-42ff-826b-d11e3bb26138 [2026-07-26T14:32:26.096514] Downloading java_buildpack... (STDOUT, STG)#
#2026 07 26 14:32:39.971#Z#DEBUG#a94a10ac-88fe-11f1-b49e-eeee0a804d2e.ai_cap#flowable-async-job-executor-thread-5227#
[PollStageAppStatusExecution] 7660856f-8cbb-42ff-826b-d11e3bb26138 [2026-07-26T14:32:31.242632] Downloaded sap_java_buildpack_jakarta_2_66 (383.3M) (STDOUT, STG)#
#2026 07 26 14:32:39.971#Z#DEBUG#a94a10ac-88fe-11f1-b49e-eeee0a804d2e.ai_cap#flowable-async-job-executor-thread-5227#
[PollStageAppStatusExecution] 7660856f-8cbb-42ff-826b-d11e3bb26138 [2026-07-26T14:32:31.242681] Downloading zero_trust_sidecar_buildpack... (STDOUT, STG)#
#2026 07 26 14:32:39.971#Z#DEBUG#a94a10ac-88fe-11f1-b49e-eeee0a804d2e.ai_cap#flowable-async-job-executor-thread-5227#
[PollStageAppStatusExecution] 7660856f-8cbb-42ff-826b-d11e3bb26138 [2026-07-26T14:32:32.002805] Downloaded sap_java_buildpack_jakarta_2_65 (383.3M) (STDOUT, STG)#
#2026 07 26 14:32:39.971#Z#DEBUG#a94a10ac-88fe-11f1-b49e-eeee0a804d2e.ai_cap#flowable-async-job-executor-thread-5227#
[PollStageAppStatusExecution] 7660856f-8cbb-42ff-826b-d11e3bb26138 [2026-07-26T14:32:32.002851] Downloading zero_trust_sidecar_buildpack_1_16... (STDOUT, STG)#
#2026 07 26 14:32:39.971#Z#DEBUG#a94a10ac-88fe-11f1-b49e-eeee0a804d2e.ai_cap#flowable-async-job-executor-thread-5227#
[PollStageAppStatusExecution] 7660856f-8cbb-42ff-826b-d11e3bb26138 [2026-07-26T14:32:32.375335] Downloaded zero_trust_sidecar_buildpack (28.9M) (STDOUT, STG)#
#2026 07 26 14:32:39.971#Z#DEBUG#a94a10ac-88fe-11f1-b49e-eeee0a804d2e.ai_cap#flowable-async-job-executor-thread-5227#
[PollStageAppStatusExecution] 7660856f-8cbb-42ff-826b-d11e3bb26138 [2026-07-26T14:32:32.375378] Downloading zero_trust_sidecar_buildpack_1_17... (STDOUT, STG)#
#2026 07 26 14:32:39.971#Z#DEBUG#a94a10ac-88fe-11f1-b49e-eeee0a804d2e.ai_cap#flowable-async-job-executor-thread-5227#
[PollStageAppStatusExecution] 7660856f-8cbb-42ff-826b-d11e3bb26138 [2026-07-26T14:32:33.855016] Downloaded java_buildpack_v5_preview (923.8M) (STDOUT, STG)#
#2026 07 26 14:32:39.971#Z#DEBUG#a94a10ac-88fe-11f1-b49e-eeee0a804d2e.ai_cap#flowable-async-job-executor-thread-5227#
[PollStageAppStatusExecution] 7660856f-8cbb-42ff-826b-d11e3bb26138 [2026-07-26T14:32:33.966789] Downloaded zero_trust_sidecar_buildpack_1_16 (31.4M) (STDOUT, STG)#
#2026 07 26 14:32:39.971#Z#DEBUG#a94a10ac-88fe-11f1-b49e-eeee0a804d2e.ai_cap#flowable-async-job-executor-thread-5227#
[PollStageAppStatusExecution] 7660856f-8cbb-42ff-826b-d11e3bb26138 [2026-07-26T14:32:34.066633] Downloaded zero_trust_sidecar_buildpack_1_17 (28.9M) (STDOUT, STG)#
#2026 07 26 14:32:49.986#Z#DEBUG#a94a10ac-88fe-11f1-b49e-eeee0a804d2e.ai_cap#flowable-async-job-executor-thread-5230#
[PollStageAppStatusExecution] 7660856f-8cbb-42ff-826b-d11e3bb26138 [2026-07-26T14:32:41.267735] Downloaded python_buildpack (696.5M) (STDOUT, STG)#
#2026 07 26 14:32:49.986#Z#DEBUG#a94a10ac-88fe-11f1-b49e-eeee0a804d2e.ai_cap#flowable-async-job-executor-thread-5230#
[PollStageAppStatusExecution] 7660856f-8cbb-42ff-826b-d11e3bb26138 [2026-07-26T14:32:42.638919] Downloaded java_buildpack (902M) (STDOUT, STG)#
#2026 07 26 14:32:49.986#Z#DEBUG#a94a10ac-88fe-11f1-b49e-eeee0a804d2e.ai_cap#flowable-async-job-executor-thread-5230#
[PollStageAppStatusExecution] 7660856f-8cbb-42ff-826b-d11e3bb26138 [2026-07-26T14:32:42.639021] Cell be792eb4-2df0-4062-896d-848fab29f72e creating container for instance 5234bd47-d189-4207-87ae-91a2ddf0a846 (STDOUT, STG)#
#2026 07 26 14:32:49.986#Z#DEBUG#a94a10ac-88fe-11f1-b49e-eeee0a804d2e.ai_cap#flowable-async-job-executor-thread-5230#
[PollStageAppStatusExecution] 7660856f-8cbb-42ff-826b-d11e3bb26138 [2026-07-26T14:32:42.975816] Security group rules were updated (STDOUT, STG)#
#2026 07 26 14:32:49.986#Z#DEBUG#a94a10ac-88fe-11f1-b49e-eeee0a804d2e.ai_cap#flowable-async-job-executor-thread-5230#
[PollStageAppStatusExecution] 7660856f-8cbb-42ff-826b-d11e3bb26138 [2026-07-26T14:32:43.030022] Cell be792eb4-2df0-4062-896d-848fab29f72e successfully created container for instance 5234bd47-d189-4207-87ae-91a2ddf0a846 (STDOUT, STG)#
#2026 07 26 14:32:49.986#Z#DEBUG#a94a10ac-88fe-11f1-b49e-eeee0a804d2e.ai_cap#flowable-async-job-executor-thread-5230#
[PollStageAppStatusExecution] 7660856f-8cbb-42ff-826b-d11e3bb26138 [2026-07-26T14:32:43.262609] Downloading app package... (STDOUT, STG)#
#2026 07 26 14:32:49.986#Z#DEBUG#a94a10ac-88fe-11f1-b49e-eeee0a804d2e.ai_cap#flowable-async-job-executor-thread-5230#
[PollStageAppStatusExecution] 7660856f-8cbb-42ff-826b-d11e3bb26138 [2026-07-26T14:32:43.306508] Downloaded app package (1.2K) (STDOUT, STG)#
#2026 07 26 14:32:49.986#Z#DEBUG#a94a10ac-88fe-11f1-b49e-eeee0a804d2e.ai_cap#flowable-async-job-executor-thread-5230#
[PollStageAppStatusExecution] 7660856f-8cbb-42ff-826b-d11e3bb26138 [2026-07-26T14:32:43.632406] -----> Nodejs Buildpack version 1.9.2 (STDOUT, STG)#
#2026 07 26 14:32:49.986#Z#DEBUG#a94a10ac-88fe-11f1-b49e-eeee0a804d2e.ai_cap#flowable-async-job-executor-thread-5230#
[PollStageAppStatusExecution] 7660856f-8cbb-42ff-826b-d11e3bb26138 [2026-07-26T14:32:43.632796] -----> Bootstrapping python (STDOUT, STG)#
#2026 07 26 14:32:49.986#Z#DEBUG#a94a10ac-88fe-11f1-b49e-eeee0a804d2e.ai_cap#flowable-async-job-executor-thread-5230#
[PollStageAppStatusExecution] 7660856f-8cbb-42ff-826b-d11e3bb26138 [2026-07-26T14:32:43.632819] -----> Installing python 3.13.13 (STDOUT, STG)#
#2026 07 26 14:32:49.986#Z#DEBUG#a94a10ac-88fe-11f1-b49e-eeee0a804d2e.ai_cap#flowable-async-job-executor-thread-5230#
[PollStageAppStatusExecution] 7660856f-8cbb-42ff-826b-d11e3bb26138 [2026-07-26T14:32:43.632832] Copy [/tmp/buildpacks/99bfe2a8979f6a1e/dependencies/268a5e3743d51a14b86ea9da64439307/python_3.13.13_linux_x64_cflinuxfs4_8311abbf.tgz] (STDOUT, STG)#
#2026 07 26 14:32:49.986#Z#DEBUG#a94a10ac-88fe-11f1-b49e-eeee0a804d2e.ai_cap#flowable-async-job-executor-thread-5230#
[PollStageAppStatusExecution] 7660856f-8cbb-42ff-826b-d11e3bb26138 [2026-07-26T14:32:46.447919] -----> Installing binaries (STDOUT, STG)#
#2026 07 26 14:32:49.986#Z#DEBUG#a94a10ac-88fe-11f1-b49e-eeee0a804d2e.ai_cap#flowable-async-job-executor-thread-5230#
[PollStageAppStatusExecution] 7660856f-8cbb-42ff-826b-d11e3bb26138 [2026-07-26T14:32:46.447965] engines.node (package.json): unspecified (STDOUT, STG)#
#2026 07 26 14:32:49.986#Z#DEBUG#a94a10ac-88fe-11f1-b49e-eeee0a804d2e.ai_cap#flowable-async-job-executor-thread-5230#
[PollStageAppStatusExecution] 7660856f-8cbb-42ff-826b-d11e3bb26138 [2026-07-26T14:32:46.447968] engines.npm (package.json): unspecified (use default) (STDOUT, STG)#
#2026 07 26 14:32:49.986#Z#DEBUG#a94a10ac-88fe-11f1-b49e-eeee0a804d2e.ai_cap#flowable-async-job-executor-thread-5230#
[PollStageAppStatusExecution] 7660856f-8cbb-42ff-826b-d11e3bb26138 [2026-07-26T14:32:46.448009] [31;1m**WARNING**[0m Node version not specified in package.json or .nvmrc. See: http://docs.cloudfoundry.org/buildpacks/node/node-tips.html (STDOUT, STG)#
#2026 07 26 14:32:49.986#Z#DEBUG#a94a10ac-88fe-11f1-b49e-eeee0a804d2e.ai_cap#flowable-async-job-executor-thread-5230#
[PollStageAppStatusExecution] 7660856f-8cbb-42ff-826b-d11e3bb26138 [2026-07-26T14:32:46.448088] -----> Installing node 22.22.2 (STDOUT, STG)#
#2026 07 26 14:32:49.986#Z#DEBUG#a94a10ac-88fe-11f1-b49e-eeee0a804d2e.ai_cap#flowable-async-job-executor-thread-5230#
[PollStageAppStatusExecution] 7660856f-8cbb-42ff-826b-d11e3bb26138 [2026-07-26T14:32:46.448248] Copy [/tmp/buildpacks/99bfe2a8979f6a1e/dependencies/5deea320c19fa94e977cff523ac00f82/node_22.22.2_linux_x64_cflinuxfs4_e5459374.tgz] (STDOUT, STG)#
#2026 07 26 14:32:49.986#Z#DEBUG#a94a10ac-88fe-11f1-b49e-eeee0a804d2e.ai_cap#flowable-async-job-executor-thread-5230#
[PollStageAppStatusExecution] 7660856f-8cbb-42ff-826b-d11e3bb26138 [2026-07-26T14:32:48.124635] Using default npm version: 10.9.7 (STDOUT, STG)#
#2026 07 26 14:32:49.986#Z#DEBUG#a94a10ac-88fe-11f1-b49e-eeee0a804d2e.ai_cap#flowable-async-job-executor-thread-5230#
[PollStageAppStatusExecution] 7660856f-8cbb-42ff-826b-d11e3bb26138 [2026-07-26T14:32:48.124650] -----> Installing yarn 1.22.22 (STDOUT, STG)#
#2026 07 26 14:32:49.986#Z#DEBUG#a94a10ac-88fe-11f1-b49e-eeee0a804d2e.ai_cap#flowable-async-job-executor-thread-5230#
[PollStageAppStatusExecution] 7660856f-8cbb-42ff-826b-d11e3bb26138 [2026-07-26T14:32:48.124653] Copy [/tmp/buildpacks/99bfe2a8979f6a1e/dependencies/e4fe26756e9984a665478d350474fa2e/yarn_1.22.22_linux_noarch_any-stack_b6132b86.tgz] (STDOUT, STG)#
#2026 07 26 14:32:49.986#Z#DEBUG#a94a10ac-88fe-11f1-b49e-eeee0a804d2e.ai_cap#flowable-async-job-executor-thread-5230#
[PollStageAppStatusExecution] 7660856f-8cbb-42ff-826b-d11e3bb26138 [2026-07-26T14:32:48.351291] Installed yarn 1.22.22 (STDOUT, STG)#
#2026 07 26 14:32:49.986#Z#DEBUG#a94a10ac-88fe-11f1-b49e-eeee0a804d2e.ai_cap#flowable-async-job-executor-thread-5230#
[PollStageAppStatusExecution] 7660856f-8cbb-42ff-826b-d11e3bb26138 [2026-07-26T14:32:48.351307] -----> Creating runtime environment (STDOUT, STG)#
#2026 07 26 14:32:49.986#Z#DEBUG#a94a10ac-88fe-11f1-b49e-eeee0a804d2e.ai_cap#flowable-async-job-executor-thread-5230#
[PollStageAppStatusExecution] 7660856f-8cbb-42ff-826b-d11e3bb26138 [2026-07-26T14:32:48.352497] [34;1mPRO TIP:[0m It is recommended to vendor the application's Node.js dependencies (STDOUT, STG)#
#2026 07 26 14:32:49.986#Z#DEBUG#a94a10ac-88fe-11f1-b49e-eeee0a804d2e.ai_cap#flowable-async-job-executor-thread-5230#
[PollStageAppStatusExecution] 7660856f-8cbb-42ff-826b-d11e3bb26138 [2026-07-26T14:32:48.352514] Visit http://docs.cloudfoundry.org/buildpacks/node/index.html#vendoring (STDOUT, STG)#
#2026 07 26 14:32:49.986#Z#DEBUG#a94a10ac-88fe-11f1-b49e-eeee0a804d2e.ai_cap#flowable-async-job-executor-thread-5230#
[PollStageAppStatusExecution] 7660856f-8cbb-42ff-826b-d11e3bb26138 [2026-07-26T14:32:48.352516] NODE_ENV=production (STDOUT, STG)#
#2026 07 26 14:32:49.986#Z#DEBUG#a94a10ac-88fe-11f1-b49e-eeee0a804d2e.ai_cap#flowable-async-job-executor-thread-5230#
[PollStageAppStatusExecution] 7660856f-8cbb-42ff-826b-d11e3bb26138 [2026-07-26T14:32:48.352518] NODE_HOME=/tmp/contents2394608208/deps/0/node (STDOUT, STG)#
#2026 07 26 14:32:49.986#Z#DEBUG#a94a10ac-88fe-11f1-b49e-eeee0a804d2e.ai_cap#flowable-async-job-executor-thread-5230#
[PollStageAppStatusExecution] 7660856f-8cbb-42ff-826b-d11e3bb26138 [2026-07-26T14:32:48.352522] NODE_MODULES_CACHE=true (STDOUT, STG)#
#2026 07 26 14:32:49.986#Z#DEBUG#a94a10ac-88fe-11f1-b49e-eeee0a804d2e.ai_cap#flowable-async-job-executor-thread-5230#
[PollStageAppStatusExecution] 7660856f-8cbb-42ff-826b-d11e3bb26138 [2026-07-26T14:32:48.352531] NODE_VERBOSE=false (STDOUT, STG)#
#2026 07 26 14:32:49.986#Z#DEBUG#a94a10ac-88fe-11f1-b49e-eeee0a804d2e.ai_cap#flowable-async-job-executor-thread-5230#
[PollStageAppStatusExecution] 7660856f-8cbb-42ff-826b-d11e3bb26138 [2026-07-26T14:32:48.352533] NPM_CONFIG_LOGLEVEL=error (STDOUT, STG)#
#2026 07 26 14:32:49.986#Z#DEBUG#a94a10ac-88fe-11f1-b49e-eeee0a804d2e.ai_cap#flowable-async-job-executor-thread-5230#
[PollStageAppStatusExecution] 7660856f-8cbb-42ff-826b-d11e3bb26138 [2026-07-26T14:32:48.352535] NPM_CONFIG_PRODUCTION=true (STDOUT, STG)#
#2026 07 26 14:32:49.986#Z#DEBUG#a94a10ac-88fe-11f1-b49e-eeee0a804d2e.ai_cap#flowable-async-job-executor-thread-5230#
[PollStageAppStatusExecution] 7660856f-8cbb-42ff-826b-d11e3bb26138 [2026-07-26T14:32:48.352546] -----> Building dependencies (STDOUT, STG)#
#2026 07 26 14:32:49.986#Z#DEBUG#a94a10ac-88fe-11f1-b49e-eeee0a804d2e.ai_cap#flowable-async-job-executor-thread-5230#
[PollStageAppStatusExecution] 7660856f-8cbb-42ff-826b-d11e3bb26138 [2026-07-26T14:32:48.352592] Installing node modules (package.json) (STDOUT, STG)#
#2026 07 26 14:32:59.995#Z#DEBUG#a94a10ac-88fe-11f1-b49e-eeee0a804d2e.ai_cap#flowable-async-job-executor-thread-5235#
[PollStageAppStatusExecution] 7660856f-8cbb-42ff-826b-d11e3bb26138 [2026-07-26T14:32:53.212433] added 203 packages, and audited 204 packages in 5s (STDOUT, STG)#
#2026 07 26 14:32:59.995#Z#DEBUG#a94a10ac-88fe-11f1-b49e-eeee0a804d2e.ai_cap#flowable-async-job-executor-thread-5235#
[PollStageAppStatusExecution] 7660856f-8cbb-42ff-826b-d11e3bb26138 [2026-07-26T14:32:53.212448] 32 packages are looking for funding (STDOUT, STG)#
#2026 07 26 14:32:59.995#Z#DEBUG#a94a10ac-88fe-11f1-b49e-eeee0a804d2e.ai_cap#flowable-async-job-executor-thread-5235#
[PollStageAppStatusExecution] 7660856f-8cbb-42ff-826b-d11e3bb26138 [2026-07-26T14:32:53.212453] run `npm fund` for details (STDOUT, STG)#
#2026 07 26 14:32:59.995#Z#DEBUG#a94a10ac-88fe-11f1-b49e-eeee0a804d2e.ai_cap#flowable-async-job-executor-thread-5235#
[PollStageAppStatusExecution] 7660856f-8cbb-42ff-826b-d11e3bb26138 [2026-07-26T14:32:53.220769] 4 vulnerabilities (1 low, 3 high) (STDOUT, STG)#
#2026 07 26 14:32:59.995#Z#DEBUG#a94a10ac-88fe-11f1-b49e-eeee0a804d2e.ai_cap#flowable-async-job-executor-thread-5235#
[PollStageAppStatusExecution] 7660856f-8cbb-42ff-826b-d11e3bb26138 [2026-07-26T14:32:53.220792] To address all issues (including breaking changes), run: (STDOUT, STG)#
#2026 07 26 14:32:59.995#Z#DEBUG#a94a10ac-88fe-11f1-b49e-eeee0a804d2e.ai_cap#flowable-async-job-executor-thread-5235#
[PollStageAppStatusExecution] 7660856f-8cbb-42ff-826b-d11e3bb26138 [2026-07-26T14:32:53.220795] npm audit fix --force (STDOUT, STG)#
#2026 07 26 14:32:59.995#Z#DEBUG#a94a10ac-88fe-11f1-b49e-eeee0a804d2e.ai_cap#flowable-async-job-executor-thread-5235#
[PollStageAppStatusExecution] 7660856f-8cbb-42ff-826b-d11e3bb26138 [2026-07-26T14:32:53.220805] Run `npm audit` for details. (STDOUT, STG)#
#2026 07 26 14:32:59.995#Z#DEBUG#a94a10ac-88fe-11f1-b49e-eeee0a804d2e.ai_cap#flowable-async-job-executor-thread-5235#
[PollStageAppStatusExecution] 7660856f-8cbb-42ff-826b-d11e3bb26138 [2026-07-26T14:32:53.222186] npm notice (STDOUT, STG)#
#2026 07 26 14:32:59.995#Z#DEBUG#a94a10ac-88fe-11f1-b49e-eeee0a804d2e.ai_cap#flowable-async-job-executor-thread-5235#
[PollStageAppStatusExecution] 7660856f-8cbb-42ff-826b-d11e3bb26138 [2026-07-26T14:32:53.222199] npm notice New major version of npm available! 10.9.7 -> 12.0.1 (STDOUT, STG)#
#2026 07 26 14:32:59.995#Z#DEBUG#a94a10ac-88fe-11f1-b49e-eeee0a804d2e.ai_cap#flowable-async-job-executor-thread-5235#
[PollStageAppStatusExecution] 7660856f-8cbb-42ff-826b-d11e3bb26138 [2026-07-26T14:32:53.222202] npm notice Changelog: https://github.com/npm/cli/releases/tag/v12.0.1 (STDOUT, STG)#
#2026 07 26 14:32:59.995#Z#DEBUG#a94a10ac-88fe-11f1-b49e-eeee0a804d2e.ai_cap#flowable-async-job-executor-thread-5235#
[PollStageAppStatusExecution] 7660856f-8cbb-42ff-826b-d11e3bb26138 [2026-07-26T14:32:53.222204] npm notice To update run: npm install -g npm@12.0.1 (STDOUT, STG)#
#2026 07 26 14:32:59.995#Z#DEBUG#a94a10ac-88fe-11f1-b49e-eeee0a804d2e.ai_cap#flowable-async-job-executor-thread-5235#
[PollStageAppStatusExecution] 7660856f-8cbb-42ff-826b-d11e3bb26138 [2026-07-26T14:32:53.222206] npm notice (STDOUT, STG)#
#2026 07 26 14:32:59.995#Z#DEBUG#a94a10ac-88fe-11f1-b49e-eeee0a804d2e.ai_cap#flowable-async-job-executor-thread-5235#
[PollStageAppStatusExecution] 7660856f-8cbb-42ff-826b-d11e3bb26138 [2026-07-26T14:32:53.770250] [31;1m**WARNING**[0m Unmet dependencies don't fail npm install but may cause runtime issues (STDOUT, STG)#
#2026 07 26 14:32:59.995#Z#DEBUG#a94a10ac-88fe-11f1-b49e-eeee0a804d2e.ai_cap#flowable-async-job-executor-thread-5235#
[PollStageAppStatusExecution] 7660856f-8cbb-42ff-826b-d11e3bb26138 [2026-07-26T14:32:53.770279] See: https://github.com/npm/npm/issues/7494 (STDOUT, STG)#
#2026 07 26 14:32:59.995#Z#DEBUG#a94a10ac-88fe-11f1-b49e-eeee0a804d2e.ai_cap#flowable-async-job-executor-thread-5235#
[PollStageAppStatusExecution] 7660856f-8cbb-42ff-826b-d11e3bb26138 [2026-07-26T14:32:53.789835] Contrast Security no credentials found. Will not write environment files. (STDOUT, STG)#
#2026 07 26 14:33:09.990#Z#DEBUG#a94a10ac-88fe-11f1-b49e-eeee0a804d2e.ai_cap#flowable-async-job-executor-thread-5239#
[PollStageAppStatusExecution] 7660856f-8cbb-42ff-826b-d11e3bb26138 [2026-07-26T14:33:02.200548] Exit status 0 (STDOUT, STG)#
#2026 07 26 14:33:09.990#Z#DEBUG#a94a10ac-88fe-11f1-b49e-eeee0a804d2e.ai_cap#flowable-async-job-executor-thread-5239#
[PollStageAppStatusExecution] 7660856f-8cbb-42ff-826b-d11e3bb26138 [2026-07-26T14:33:02.200589] Uploading droplet, build artifacts cache... (STDOUT, STG)#
#2026 07 26 14:33:09.990#Z#DEBUG#a94a10ac-88fe-11f1-b49e-eeee0a804d2e.ai_cap#flowable-async-job-executor-thread-5239#
[PollStageAppStatusExecution] 7660856f-8cbb-42ff-826b-d11e3bb26138 [2026-07-26T14:33:02.200618] Uploading droplet... (STDOUT, STG)#
#2026 07 26 14:33:09.990#Z#DEBUG#a94a10ac-88fe-11f1-b49e-eeee0a804d2e.ai_cap#flowable-async-job-executor-thread-5239#
[PollStageAppStatusExecution] 7660856f-8cbb-42ff-826b-d11e3bb26138 [2026-07-26T14:33:02.200675] Uploading build artifacts cache... (STDOUT, STG)#
#2026 07 26 14:33:09.990#Z#DEBUG#a94a10ac-88fe-11f1-b49e-eeee0a804d2e.ai_cap#flowable-async-job-executor-thread-5239#
[PollStageAppStatusExecution] 7660856f-8cbb-42ff-826b-d11e3bb26138 [2026-07-26T14:33:02.336430] Uploaded build artifacts cache (9M) (STDOUT, STG)#
#2026 07 26 14:33:09.990#Z#DEBUG#a94a10ac-88fe-11f1-b49e-eeee0a804d2e.ai_cap#flowable-async-job-executor-thread-5239#
[PollStageAppStatusExecution] 7660856f-8cbb-42ff-826b-d11e3bb26138 [2026-07-26T14:33:02.831654] Creating droplet for app with guid 7660856f-8cbb-42ff-826b-d11e3bb26138 (STDOUT, API)#
#2026 07 26 14:33:09.990#Z#DEBUG#a94a10ac-88fe-11f1-b49e-eeee0a804d2e.ai_cap#flowable-async-job-executor-thread-5239#
[PollStageAppStatusExecution] 7660856f-8cbb-42ff-826b-d11e3bb26138 [2026-07-26T14:33:06.901353] Uploaded droplet (62.2M) (STDOUT, STG)#
#2026 07 26 14:33:09.990#Z#DEBUG#a94a10ac-88fe-11f1-b49e-eeee0a804d2e.ai_cap#flowable-async-job-executor-thread-5239#
[PollStageAppStatusExecution] 7660856f-8cbb-42ff-826b-d11e3bb26138 [2026-07-26T14:33:06.915273] Uploading complete (STDOUT, STG)#
#2026 07 26 14:33:09.990#Z#DEBUG#a94a10ac-88fe-11f1-b49e-eeee0a804d2e.ai_cap#flowable-async-job-executor-thread-5239#
[PollStageAppStatusExecution] 7660856f-8cbb-42ff-826b-d11e3bb26138 [2026-07-26T14:33:07.213639] Cell be792eb4-2df0-4062-896d-848fab29f72e stopping instance 5234bd47-d189-4207-87ae-91a2ddf0a846 (STDOUT, STG)#
#2026 07 26 14:33:09.990#Z#DEBUG#a94a10ac-88fe-11f1-b49e-eeee0a804d2e.ai_cap#flowable-async-job-executor-thread-5239#
[PollStageAppStatusExecution] 7660856f-8cbb-42ff-826b-d11e3bb26138 [2026-07-26T14:33:07.213664] Cell be792eb4-2df0-4062-896d-848fab29f72e destroying container for instance 5234bd47-d189-4207-87ae-91a2ddf0a846 (STDOUT, STG)#
#2026 07 26 14:33:09.990#Z#DEBUG#a94a10ac-88fe-11f1-b49e-eeee0a804d2e.ai_cap#flowable-async-job-executor-thread-5239#
[PollStageAppStatusExecution] 7660856f-8cbb-42ff-826b-d11e3bb26138 [2026-07-26T14:33:07.280683] Staging complete for build 5234bd47-d189-4207-87ae-91a2ddf0a846 (STDOUT, API)#
#2026 07 26 14:33:09.990#Z#DEBUG#a94a10ac-88fe-11f1-b49e-eeee0a804d2e.ai_cap#flowable-async-job-executor-thread-5239#
[PollStageAppStatusExecution] 7660856f-8cbb-42ff-826b-d11e3bb26138 [2026-07-26T14:33:08.785242] Cell be792eb4-2df0-4062-896d-848fab29f72e successfully destroyed container for instance 5234bd47-d189-4207-87ae-91a2ddf0a846 (STDOUT, STG)#
#2026 07 26 14:33:20.054#Z#DEBUG#a94a10ac-88fe-11f1-b49e-eeee0a804d2e.ai_cap#flowable-async-job-executor-thread-403#
[PollStartAppStatusExecution] 7660856f-8cbb-42ff-826b-d11e3bb26138 [2026-07-26T14:33:10.101217] Updated app with guid 7660856f-8cbb-42ff-826b-d11e3bb26138 ({:droplet_guid=>"7a1fdc20-da86-4c2c-a53e-617fabb8442e"}) (STDOUT, API)#
#2026 07 26 14:33:20.054#Z#DEBUG#a94a10ac-88fe-11f1-b49e-eeee0a804d2e.ai_cap#flowable-async-job-executor-thread-403#
[PollStartAppStatusExecution] 7660856f-8cbb-42ff-826b-d11e3bb26138 [2026-07-26T14:33:10.329785] Creating revision for app with guid 7660856f-8cbb-42ff-826b-d11e3bb26138 (STDOUT, API)#
#2026 07 26 14:33:20.054#Z#DEBUG#a94a10ac-88fe-11f1-b49e-eeee0a804d2e.ai_cap#flowable-async-job-executor-thread-403#
[PollStartAppStatusExecution] 7660856f-8cbb-42ff-826b-d11e3bb26138 [2026-07-26T14:33:10.375088] Starting app with guid 7660856f-8cbb-42ff-826b-d11e3bb26138 (STDOUT, API)#
#2026 07 26 14:33:20.054#Z#DEBUG#a94a10ac-88fe-11f1-b49e-eeee0a804d2e.ai_cap#flowable-async-job-executor-thread-403#
[PollStartAppStatusExecution] 7660856f-8cbb-42ff-826b-d11e3bb26138 [2026-07-26T14:33:10.564337] Cell c9806b75-55fc-4bcf-8311-e637c769ac1a creating container for instance e0134791-1796-45d2-50ba-4a31 (STDOUT, CELL)#
#2026 07 26 14:33:20.054#Z#DEBUG#a94a10ac-88fe-11f1-b49e-eeee0a804d2e.ai_cap#flowable-async-job-executor-thread-403#
[PollStartAppStatusExecution] 7660856f-8cbb-42ff-826b-d11e3bb26138 [2026-07-26T14:33:10.907383] Security group rules were updated (STDOUT, CELL)#
#2026 07 26 14:33:20.054#Z#DEBUG#a94a10ac-88fe-11f1-b49e-eeee0a804d2e.ai_cap#flowable-async-job-executor-thread-403#
[PollStartAppStatusExecution] 7660856f-8cbb-42ff-826b-d11e3bb26138 [2026-07-26T14:33:10.980497] Cell c9806b75-55fc-4bcf-8311-e637c769ac1a successfully created container for instance e0134791-1796-45d2-50ba-4a31 (STDOUT, CELL)#
#2026 07 26 14:33:20.054#Z#DEBUG#a94a10ac-88fe-11f1-b49e-eeee0a804d2e.ai_cap#flowable-async-job-executor-thread-403#
[PollStartAppStatusExecution] 7660856f-8cbb-42ff-826b-d11e3bb26138 [2026-07-26T14:33:11.546371] Downloading droplet... (STDOUT, CELL)#
#2026 07 26 14:33:20.054#Z#DEBUG#a94a10ac-88fe-11f1-b49e-eeee0a804d2e.ai_cap#flowable-async-job-executor-thread-403#
[PollStartAppStatusExecution] 7660856f-8cbb-42ff-826b-d11e3bb26138 [2026-07-26T14:33:14.784850] Downloaded droplet (62.2M) (STDOUT, CELL)#
#2026 07 26 14:33:20.054#Z#DEBUG#a94a10ac-88fe-11f1-b49e-eeee0a804d2e.ai_cap#flowable-async-job-executor-thread-403#
[PollStartAppStatusExecution] 7660856f-8cbb-42ff-826b-d11e3bb26138 [2026-07-26T14:33:14.785031] Starting health monitoring of container (STDOUT, CELL)#
#2026 07 26 14:33:20.054#Z#DEBUG#a94a10ac-88fe-11f1-b49e-eeee0a804d2e.ai_cap#flowable-async-job-executor-thread-403#
[PollStartAppStatusExecution] 7660856f-8cbb-42ff-826b-d11e3bb26138 [2026-07-26T14:33:14.842943] Invoking pre-start scripts. (STDOUT, APP/PROC/WEB)#
#2026 07 26 14:33:20.054#Z#DEBUG#a94a10ac-88fe-11f1-b49e-eeee0a804d2e.ai_cap#flowable-async-job-executor-thread-403#
[PollStartAppStatusExecution] 7660856f-8cbb-42ff-826b-d11e3bb26138 [2026-07-26T14:33:14.988296] Invoking start command. (STDOUT, APP/PROC/WEB)#
#2026 07 26 14:33:20.054#Z#DEBUG#a94a10ac-88fe-11f1-b49e-eeee0a804d2e.ai_cap#flowable-async-job-executor-thread-403#
[PollStartAppStatusExecution] 7660856f-8cbb-42ff-826b-d11e3bb26138 [2026-07-26T14:33:15.286061] > start (STDOUT, APP/PROC/WEB)#
#2026 07 26 14:33:20.054#Z#DEBUG#a94a10ac-88fe-11f1-b49e-eeee0a804d2e.ai_cap#flowable-async-job-executor-thread-403#
[PollStartAppStatusExecution] 7660856f-8cbb-42ff-826b-d11e3bb26138 [2026-07-26T14:33:15.286082] > node node_modules/@sap/approuter/approuter.js (STDOUT, APP/PROC/WEB)#
#2026 07 26 14:33:20.054#Z#DEBUG#a94a10ac-88fe-11f1-b49e-eeee0a804d2e.ai_cap#flowable-async-job-executor-thread-403#
[PollStartAppStatusExecution] 7660856f-8cbb-42ff-826b-d11e3bb26138 [2026-07-26T14:33:15.418731] {"written_at":"2026-07-26T14:33:15.417Z","written_ts":1785076395417000000,"csn_component":"-","correlation_id":"-","type":"log","logger":"nodejs-logger","layer":"/LoggingLibrary","level":"warning","container_id":"10.0.73.34","component_type":"application","component_id":"7660856f-8cbb-42ff-826b-d11e3bb26138","component_name":"ai_cap","component_instance":-1,"source_instance":-1,"organization_id":"8a7111bd-c1db-49fb-9463-093b5098054f","organization_name":"ABeam Consulting Ltd._jt9-lfwzntz7c-y6","space_id":"88e5ad75-c77c-4164-b356-00f6d6d0ccdf","space_name":"dev","context_id":"","msg":"Dynamic log level switching not available"} (STDOUT, APP/PROC/WEB)#
#2026 07 26 14:33:20.054#Z#DEBUG#a94a10ac-88fe-11f1-b49e-eeee0a804d2e.ai_cap#flowable-async-job-executor-thread-403#
[PollStartAppStatusExecution] 7660856f-8cbb-42ff-826b-d11e3bb26138 [2026-07-26T14:33:15.788264] {"written_at":"2026-07-26T14:33:15.787Z","written_ts":1785076395787000000,"csn_component":"-","correlation_id":"ms1wea6j","type":"log","logger":"nodejs-logger","layer":"/approuter","level":"info","container_id":"10.0.73.34","component_type":"application","component_id":"7660856f-8cbb-42ff-826b-d11e3bb26138","component_name":"ai_cap","component_instance":-1,"source_instance":-1,"organization_id":"8a7111bd-c1db-49fb-9463-093b5098054f","organization_name":"ABeam Consulting Ltd._jt9-lfwzntz7c-y6","space_id":"88e5ad75-c77c-4164-b356-00f6d6d0ccdf","space_name":"dev","context_id":"ms1wea6j","msg":"Application router version 21.5.0"} (STDOUT, APP/PROC/WEB)#
#2026 07 26 14:33:20.054#Z#DEBUG#a94a10ac-88fe-11f1-b49e-eeee0a804d2e.ai_cap#flowable-async-job-executor-thread-403#
[PollStartAppStatusExecution] 7660856f-8cbb-42ff-826b-d11e3bb26138 [2026-07-26T14:33:15.790739] {"written_at":"2026-07-26T14:33:15.790Z","written_ts":1785076395790000000,"csn_component":"-","correlation_id":"ms1wea6m","type":"log","logger":"nodejs-logger","layer":"/Configuration","level":"info","container_id":"10.0.73.34","component_type":"application","component_id":"7660856f-8cbb-42ff-826b-d11e3bb26138","component_name":"ai_cap","component_instance":-1,"source_instance":-1,"organization_id":"8a7111bd-c1db-49fb-9463-093b5098054f","organization_name":"ABeam Consulting Ltd._jt9-lfwzntz7c-y6","space_id":"88e5ad75-c77c-4164-b356-00f6d6d0ccdf","space_name":"dev","context_id":"ms1wea6m","msg":"No COOKIES environment variable"} (STDOUT, APP/PROC/WEB)#
#2026 07 26 14:33:20.055#Z#DEBUG#a94a10ac-88fe-11f1-b49e-eeee0a804d2e.ai_cap#flowable-async-job-executor-thread-403#
[PollStartAppStatusExecution] 7660856f-8cbb-42ff-826b-d11e3bb26138 [2026-07-26T14:33:15.795923] /home/vcap/deps/0/node_modules/@sap/approuter/lib/utils/JsonValidator.js:30 (STDERR, APP/PROC/WEB)#
#2026 07 26 14:33:20.055#Z#DEBUG#a94a10ac-88fe-11f1-b49e-eeee0a804d2e.ai_cap#flowable-async-job-executor-thread-403#
[PollStartAppStatusExecution] 7660856f-8cbb-42ff-826b-d11e3bb26138 [2026-07-26T14:33:15.795951] throw new VError('%s%s: %s', (STDERR, APP/PROC/WEB)#
#2026 07 26 14:33:20.055#Z#DEBUG#a94a10ac-88fe-11f1-b49e-eeee0a804d2e.ai_cap#flowable-async-job-executor-thread-403#
[PollStartAppStatusExecution] 7660856f-8cbb-42ff-826b-d11e3bb26138 [2026-07-26T14:33:15.795957] ^ (STDERR, APP/PROC/WEB)#
#2026 07 26 14:33:20.055#Z#DEBUG#a94a10ac-88fe-11f1-b49e-eeee0a804d2e.ai_cap#flowable-async-job-executor-thread-403#
[PollStartAppStatusExecution] 7660856f-8cbb-42ff-826b-d11e3bb26138 [2026-07-26T14:33:15.796178] VError: xs-app.json/routes/0/~1~1: Additional properties not allowed (STDERR, APP/PROC/WEB)#
#2026 07 26 14:33:20.055#Z#DEBUG#a94a10ac-88fe-11f1-b49e-eeee0a804d2e.ai_cap#flowable-async-job-executor-thread-403#
[PollStartAppStatusExecution] 7660856f-8cbb-42ff-826b-d11e3bb26138 [2026-07-26T14:33:15.796196] at JsonValidator.validate (/home/vcap/deps/0/node_modules/@sap/approuter/lib/utils/JsonValidator.js:30:11) (STDERR, APP/PROC/WEB)#
#2026 07 26 14:33:20.055#Z#DEBUG#a94a10ac-88fe-11f1-b49e-eeee0a804d2e.ai_cap#flowable-async-job-executor-thread-403#
[PollStartAppStatusExecution] 7660856f-8cbb-42ff-826b-d11e3bb26138 [2026-07-26T14:33:15.796200] at Object.validateXsApp (/home/vcap/deps/0/node_modules/@sap/approuter/lib/configuration/validators.js:168:15) (STDERR, APP/PROC/WEB)#
#2026 07 26 14:33:20.055#Z#DEBUG#a94a10ac-88fe-11f1-b49e-eeee0a804d2e.ai_cap#flowable-async-job-executor-thread-403#
[PollStartAppStatusExecution] 7660856f-8cbb-42ff-826b-d11e3bb26138 [2026-07-26T14:33:15.796204] at exports.loadConfiguration (/home/vcap/deps/0/node_modules/@sap/approuter/lib/configuration/app-config.js:21:14) (STDERR, APP/PROC/WEB)#
#2026 07 26 14:33:20.055#Z#DEBUG#a94a10ac-88fe-11f1-b49e-eeee0a804d2e.ai_cap#flowable-async-job-executor-thread-403#
[PollStartAppStatusExecution] 7660856f-8cbb-42ff-826b-d11e3bb26138 [2026-07-26T14:33:15.796207] at module.exports.load (/home/vcap/deps/0/node_modules/@sap/approuter/lib/configuration.js:24:34) (STDERR, APP/PROC/WEB)#
#2026 07 26 14:33:20.055#Z#DEBUG#a94a10ac-88fe-11f1-b49e-eeee0a804d2e.ai_cap#flowable-async-job-executor-thread-403#
[PollStartAppStatusExecution] 7660856f-8cbb-42ff-826b-d11e3bb26138 [2026-07-26T14:33:15.796219] at bootstrap (/home/vcap/deps/0/node_modules/@sap/approuter/lib/bootstrap.js:68:38) (STDERR, APP/PROC/WEB)#
#2026 07 26 14:33:20.055#Z#DEBUG#a94a10ac-88fe-11f1-b49e-eeee0a804d2e.ai_cap#flowable-async-job-executor-thread-403#
[PollStartAppStatusExecution] 7660856f-8cbb-42ff-826b-d11e3bb26138 [2026-07-26T14:33:15.796223] at Approuter.start (/home/vcap/deps/0/node_modules/@sap/approuter/approuter.js:71:13) (STDERR, APP/PROC/WEB)#
#2026 07 26 14:33:20.055#Z#DEBUG#a94a10ac-88fe-11f1-b49e-eeee0a804d2e.ai_cap#flowable-async-job-executor-thread-403#
[PollStartAppStatusExecution] 7660856f-8cbb-42ff-826b-d11e3bb26138 [2026-07-26T14:33:15.796231] at Object.<anonymous> (/home/vcap/deps/0/node_modules/@sap/approuter/approuter.js:178:6) (STDERR, APP/PROC/WEB)#
#2026 07 26 14:33:20.055#Z#DEBUG#a94a10ac-88fe-11f1-b49e-eeee0a804d2e.ai_cap#flowable-async-job-executor-thread-403#
[PollStartAppStatusExecution] 7660856f-8cbb-42ff-826b-d11e3bb26138 [2026-07-26T14:33:15.796234] at Module._compile (node:internal/modules/cjs/loader:1705:14) (STDERR, APP/PROC/WEB)#
#2026 07 26 14:33:20.055#Z#DEBUG#a94a10ac-88fe-11f1-b49e-eeee0a804d2e.ai_cap#flowable-async-job-executor-thread-403#
[PollStartAppStatusExecution] 7660856f-8cbb-42ff-826b-d11e3bb26138 [2026-07-26T14:33:15.796238] at Object..js (node:internal/modules/cjs/loader:1838:10) (STDERR, APP/PROC/WEB)#
#2026 07 26 14:33:20.055#Z#DEBUG#a94a10ac-88fe-11f1-b49e-eeee0a804d2e.ai_cap#flowable-async-job-executor-thread-403#
[PollStartAppStatusExecution] 7660856f-8cbb-42ff-826b-d11e3bb26138 [2026-07-26T14:33:15.796241] at Module.load (node:internal/modules/cjs/loader:1441:32) { (STDERR, APP/PROC/WEB)#
#2026 07 26 14:33:20.055#Z#DEBUG#a94a10ac-88fe-11f1-b49e-eeee0a804d2e.ai_cap#flowable-async-job-executor-thread-403#
[PollStartAppStatusExecution] 7660856f-8cbb-42ff-826b-d11e3bb26138 [2026-07-26T14:33:15.796244] jse_shortmsg: 'xs-app.json/routes/0/~1~1: Additional properties not allowed', (STDERR, APP/PROC/WEB)#
#2026 07 26 14:33:20.055#Z#DEBUG#a94a10ac-88fe-11f1-b49e-eeee0a804d2e.ai_cap#flowable-async-job-executor-thread-403#
[PollStartAppStatusExecution] 7660856f-8cbb-42ff-826b-d11e3bb26138 [2026-07-26T14:33:15.796247] jse_info: {} (STDERR, APP/PROC/WEB)#
#2026 07 26 14:33:20.055#Z#DEBUG#a94a10ac-88fe-11f1-b49e-eeee0a804d2e.ai_cap#flowable-async-job-executor-thread-403#
[PollStartAppStatusExecution] 7660856f-8cbb-42ff-826b-d11e3bb26138 [2026-07-26T14:33:15.796250] } (STDERR, APP/PROC/WEB)#
#2026 07 26 14:33:20.055#Z#DEBUG#a94a10ac-88fe-11f1-b49e-eeee0a804d2e.ai_cap#flowable-async-job-executor-thread-403#
[PollStartAppStatusExecution] 7660856f-8cbb-42ff-826b-d11e3bb26138 [2026-07-26T14:33:15.796257] Node.js v22.22.2 (STDERR, APP/PROC/WEB)#
#2026 07 26 14:33:20.055#Z#DEBUG#a94a10ac-88fe-11f1-b49e-eeee0a804d2e.ai_cap#flowable-async-job-executor-thread-403#
[PollStartAppStatusExecution] 7660856f-8cbb-42ff-826b-d11e3bb26138 [2026-07-26T14:33:15.805290] npm notice (STDERR, APP/PROC/WEB)#
#2026 07 26 14:33:20.055#Z#DEBUG#a94a10ac-88fe-11f1-b49e-eeee0a804d2e.ai_cap#flowable-async-job-executor-thread-403#
[PollStartAppStatusExecution] 7660856f-8cbb-42ff-826b-d11e3bb26138 [2026-07-26T14:33:15.805312] npm notice New major version of npm available! 10.9.7 -> 12.0.1 (STDERR, APP/PROC/WEB)#
#2026 07 26 14:33:20.055#Z#DEBUG#a94a10ac-88fe-11f1-b49e-eeee0a804d2e.ai_cap#flowable-async-job-executor-thread-403#
[PollStartAppStatusExecution] 7660856f-8cbb-42ff-826b-d11e3bb26138 [2026-07-26T14:33:15.805327] npm notice Changelog: https://github.com/npm/cli/releases/tag/v12.0.1 (STDERR, APP/PROC/WEB)#
#2026 07 26 14:33:20.055#Z#DEBUG#a94a10ac-88fe-11f1-b49e-eeee0a804d2e.ai_cap#flowable-async-job-executor-thread-403#
[PollStartAppStatusExecution] 7660856f-8cbb-42ff-826b-d11e3bb26138 [2026-07-26T14:33:15.805329] npm notice To update run: npm install -g npm@12.0.1 (STDERR, APP/PROC/WEB)#
#2026 07 26 14:33:20.055#Z#DEBUG#a94a10ac-88fe-11f1-b49e-eeee0a804d2e.ai_cap#flowable-async-job-executor-thread-403#
[PollStartAppStatusExecution] 7660856f-8cbb-42ff-826b-d11e3bb26138 [2026-07-26T14:33:15.805332] npm notice (STDERR, APP/PROC/WEB)#
#2026 07 26 14:33:20.055#Z#DEBUG#a94a10ac-88fe-11f1-b49e-eeee0a804d2e.ai_cap#flowable-async-job-executor-thread-403#
[PollStartAppStatusExecution] 7660856f-8cbb-42ff-826b-d11e3bb26138 [2026-07-26T14:33:15.855378] Exit status 1 (STDOUT, APP/PROC/WEB)#
#2026 07 26 14:33:29.979#Z#DEBUG#a94a10ac-88fe-11f1-b49e-eeee0a804d2e.ai_cap#flowable-async-job-executor-thread-405#
[PollStartAppStatusExecution] 7660856f-8cbb-42ff-826b-d11e3bb26138 [2026-07-26T14:33:21.914486] Cell c9806b75-55fc-4bcf-8311-e637c769ac1a stopping instance e0134791-1796-45d2-50ba-4a31 (STDOUT, CELL)#
#2026 07 26 14:33:29.979#Z#DEBUG#a94a10ac-88fe-11f1-b49e-eeee0a804d2e.ai_cap#flowable-async-job-executor-thread-405#
[PollStartAppStatusExecution] 7660856f-8cbb-42ff-826b-d11e3bb26138 [2026-07-26T14:33:21.914530] Cell c9806b75-55fc-4bcf-8311-e637c769ac1a destroying container for instance e0134791-1796-45d2-50ba-4a31 (STDOUT, CELL)#
#2026 07 26 14:33:29.979#Z#DEBUG#a94a10ac-88fe-11f1-b49e-eeee0a804d2e.ai_cap#flowable-async-job-executor-thread-405#
[PollStartAppStatusExecution] 7660856f-8cbb-42ff-826b-d11e3bb26138 [2026-07-26T14:33:21.917728] Process has crashed with type: "web" (STDOUT, API)#
#2026 07 26 14:33:29.979#Z#DEBUG#a94a10ac-88fe-11f1-b49e-eeee0a804d2e.ai_cap#flowable-async-job-executor-thread-405#
[PollStartAppStatusExecution] 7660856f-8cbb-42ff-826b-d11e3bb26138 [2026-07-26T14:33:21.928758] App instance exited with guid 7660856f-8cbb-42ff-826b-d11e3bb26138 payload: {"instance"=>"e0134791-1796-45d2-50ba-4a31", "index"=>0, "cell_id"=>"c9806b75-55fc-4bcf-8311-e637c769ac1a", "reason"=>"CRASHED", "exit_description"=>"APP/PROC/WEB: Exited with status 1", "crash_count"=>1, "crash_timestamp"=>1785076401898745860, "version"=>"1bcf4043-8867-459e-bffb-2d127b2f98e8"} (STDOUT, API)#
#2026 07 26 14:33:29.979#Z#DEBUG#a94a10ac-88fe-11f1-b49e-eeee0a804d2e.ai_cap#flowable-async-job-executor-thread-405#
[PollStartAppStatusExecution] 7660856f-8cbb-42ff-826b-d11e3bb26138 [2026-07-26T14:33:21.976457] Cell 72102533-1a09-4fba-8cbe-2355a2f540bf creating container for instance 725aa0b9-c186-4975-6e6f-cca3 (STDOUT, CELL)#
#2026 07 26 14:33:29.979#Z#DEBUG#a94a10ac-88fe-11f1-b49e-eeee0a804d2e.ai_cap#flowable-async-job-executor-thread-405#
[PollStartAppStatusExecution] 7660856f-8cbb-42ff-826b-d11e3bb26138 [2026-07-26T14:33:21.986079] Exit status 137 (STDOUT, PROXY)#
#2026 07 26 14:33:29.979#Z#DEBUG#a94a10ac-88fe-11f1-b49e-eeee0a804d2e.ai_cap#flowable-async-job-executor-thread-405#
[PollStartAppStatusExecution] 7660856f-8cbb-42ff-826b-d11e3bb26138 [2026-07-26T14:33:22.558346] Security group rules were updated (STDOUT, CELL)#
#2026 07 26 14:33:29.979#Z#DEBUG#a94a10ac-88fe-11f1-b49e-eeee0a804d2e.ai_cap#flowable-async-job-executor-thread-405#
[PollStartAppStatusExecution] 7660856f-8cbb-42ff-826b-d11e3bb26138 [2026-07-26T14:33:22.635604] Cell 72102533-1a09-4fba-8cbe-2355a2f540bf successfully created container for instance 725aa0b9-c186-4975-6e6f-cca3 (STDOUT, CELL)#
#2026 07 26 14:33:29.979#Z#DEBUG#a94a10ac-88fe-11f1-b49e-eeee0a804d2e.ai_cap#flowable-async-job-executor-thread-405#
[PollStartAppStatusExecution] 7660856f-8cbb-42ff-826b-d11e3bb26138 [2026-07-26T14:33:23.288184] Downloading droplet... (STDOUT, CELL)#
#2026 07 26 14:33:29.979#Z#DEBUG#a94a10ac-88fe-11f1-b49e-eeee0a804d2e.ai_cap#flowable-async-job-executor-thread-405#
[PollStartAppStatusExecution] 7660856f-8cbb-42ff-826b-d11e3bb26138 [2026-07-26T14:33:23.434849] Cell c9806b75-55fc-4bcf-8311-e637c769ac1a successfully destroyed container for instance e0134791-1796-45d2-50ba-4a31 (STDOUT, CELL)#
#2026 07 26 14:33:29.979#Z#DEBUG#a94a10ac-88fe-11f1-b49e-eeee0a804d2e.ai_cap#flowable-async-job-executor-thread-405#
[PollStartAppStatusExecution] 7660856f-8cbb-42ff-826b-d11e3bb26138 [2026-07-26T14:33:26.631747] Downloaded droplet (62.2M) (STDOUT, CELL)#
#2026 07 26 14:33:29.979#Z#DEBUG#a94a10ac-88fe-11f1-b49e-eeee0a804d2e.ai_cap#flowable-async-job-executor-thread-405#
[PollStartAppStatusExecution] 7660856f-8cbb-42ff-826b-d11e3bb26138 [2026-07-26T14:33:26.631895] Starting health monitoring of container (STDOUT, CELL)#
#2026 07 26 14:33:29.979#Z#DEBUG#a94a10ac-88fe-11f1-b49e-eeee0a804d2e.ai_cap#flowable-async-job-executor-thread-405#
[PollStartAppStatusExecution] 7660856f-8cbb-42ff-826b-d11e3bb26138 [2026-07-26T14:33:26.716013] Invoking pre-start scripts. (STDOUT, APP/PROC/WEB)#
#2026 07 26 14:33:29.979#Z#DEBUG#a94a10ac-88fe-11f1-b49e-eeee0a804d2e.ai_cap#flowable-async-job-executor-thread-405#
[PollStartAppStatusExecution] 7660856f-8cbb-42ff-826b-d11e3bb26138 [2026-07-26T14:33:26.880081] Invoking start command. (STDOUT, APP/PROC/WEB)#
#2026 07 26 14:33:29.979#Z#DEBUG#a94a10ac-88fe-11f1-b49e-eeee0a804d2e.ai_cap#flowable-async-job-executor-thread-405#
[PollStartAppStatusExecution] 7660856f-8cbb-42ff-826b-d11e3bb26138 [2026-07-26T14:33:27.210071] > start (STDOUT, APP/PROC/WEB)#
#2026 07 26 14:33:29.979#Z#DEBUG#a94a10ac-88fe-11f1-b49e-eeee0a804d2e.ai_cap#flowable-async-job-executor-thread-405#
[PollStartAppStatusExecution] 7660856f-8cbb-42ff-826b-d11e3bb26138 [2026-07-26T14:33:27.210094] > node node_modules/@sap/approuter/approuter.js (STDOUT, APP/PROC/WEB)#
#2026 07 26 14:33:29.979#Z#DEBUG#a94a10ac-88fe-11f1-b49e-eeee0a804d2e.ai_cap#flowable-async-job-executor-thread-405#
[PollStartAppStatusExecution] 7660856f-8cbb-42ff-826b-d11e3bb26138 [2026-07-26T14:33:27.355913] {"written_at":"2026-07-26T14:33:27.354Z","written_ts":1785076407354000000,"csn_component":"-","correlation_id":"-","type":"log","logger":"nodejs-logger","layer":"/LoggingLibrary","level":"warning","container_id":"10.0.201.32","component_type":"application","component_id":"7660856f-8cbb-42ff-826b-d11e3bb26138","component_name":"ai_cap","component_instance":-1,"source_instance":-1,"organization_id":"8a7111bd-c1db-49fb-9463-093b5098054f","organization_name":"ABeam Consulting Ltd._jt9-lfwzntz7c-y6","space_id":"88e5ad75-c77c-4164-b356-00f6d6d0ccdf","space_name":"dev","context_id":"","msg":"Dynamic log level switching not available"} (STDOUT, APP/PROC/WEB)#
#2026 07 26 14:33:29.979#Z#DEBUG#a94a10ac-88fe-11f1-b49e-eeee0a804d2e.ai_cap#flowable-async-job-executor-thread-405#
[PollStartAppStatusExecution] 7660856f-8cbb-42ff-826b-d11e3bb26138 [2026-07-26T14:33:27.776767] {"written_at":"2026-07-26T14:33:27.775Z","written_ts":1785076407775000000,"csn_component":"-","correlation_id":"ms1wejfk","type":"log","logger":"nodejs-logger","layer":"/approuter","level":"info","container_id":"10.0.201.32","component_type":"application","component_id":"7660856f-8cbb-42ff-826b-d11e3bb26138","component_name":"ai_cap","component_instance":-1,"source_instance":-1,"organization_id":"8a7111bd-c1db-49fb-9463-093b5098054f","organization_name":"ABeam Consulting Ltd._jt9-lfwzntz7c-y6","space_id":"88e5ad75-c77c-4164-b356-00f6d6d0ccdf","space_name":"dev","context_id":"ms1wejfk","msg":"Application router version 21.5.0"} (STDOUT, APP/PROC/WEB)#
#2026 07 26 14:33:29.979#Z#DEBUG#a94a10ac-88fe-11f1-b49e-eeee0a804d2e.ai_cap#flowable-async-job-executor-thread-405#
[PollStartAppStatusExecution] 7660856f-8cbb-42ff-826b-d11e3bb26138 [2026-07-26T14:33:27.779618] {"written_at":"2026-07-26T14:33:27.779Z","written_ts":1785076407779000000,"csn_component":"-","correlation_id":"ms1wejfn","type":"log","logger":"nodejs-logger","layer":"/Configuration","level":"info","container_id":"10.0.201.32","component_type":"application","component_id":"7660856f-8cbb-42ff-826b-d11e3bb26138","component_name":"ai_cap","component_instance":-1,"source_instance":-1,"organization_id":"8a7111bd-c1db-49fb-9463-093b5098054f","organization_name":"ABeam Consulting Ltd._jt9-lfwzntz7c-y6","space_id":"88e5ad75-c77c-4164-b356-00f6d6d0ccdf","space_name":"dev","context_id":"ms1wejfn","msg":"No COOKIES environment variable"} (STDOUT, APP/PROC/WEB)#
#2026 07 26 14:33:29.979#Z#DEBUG#a94a10ac-88fe-11f1-b49e-eeee0a804d2e.ai_cap#flowable-async-job-executor-thread-405#
[PollStartAppStatusExecution] 7660856f-8cbb-42ff-826b-d11e3bb26138 [2026-07-26T14:33:27.785542] /home/vcap/deps/0/node_modules/@sap/approuter/lib/utils/JsonValidator.js:30 (STDERR, APP/PROC/WEB)#
#2026 07 26 14:33:29.979#Z#DEBUG#a94a10ac-88fe-11f1-b49e-eeee0a804d2e.ai_cap#flowable-async-job-executor-thread-405#
[PollStartAppStatusExecution] 7660856f-8cbb-42ff-826b-d11e3bb26138 [2026-07-26T14:33:27.785566] throw new VError('%s%s: %s', (STDERR, APP/PROC/WEB)#
#2026 07 26 14:33:29.979#Z#DEBUG#a94a10ac-88fe-11f1-b49e-eeee0a804d2e.ai_cap#flowable-async-job-executor-thread-405#
[PollStartAppStatusExecution] 7660856f-8cbb-42ff-826b-d11e3bb26138 [2026-07-26T14:33:27.785571] ^ (STDERR, APP/PROC/WEB)#
#2026 07 26 14:33:29.979#Z#DEBUG#a94a10ac-88fe-11f1-b49e-eeee0a804d2e.ai_cap#flowable-async-job-executor-thread-405#
[PollStartAppStatusExecution] 7660856f-8cbb-42ff-826b-d11e3bb26138 [2026-07-26T14:33:27.785836] VError: xs-app.json/routes/0/~1~1: Additional properties not allowed (STDERR, APP/PROC/WEB)#
#2026 07 26 14:33:29.979#Z#DEBUG#a94a10ac-88fe-11f1-b49e-eeee0a804d2e.ai_cap#flowable-async-job-executor-thread-405#
[PollStartAppStatusExecution] 7660856f-8cbb-42ff-826b-d11e3bb26138 [2026-07-26T14:33:27.785850] at JsonValidator.validate (/home/vcap/deps/0/node_modules/@sap/approuter/lib/utils/JsonValidator.js:30:11) (STDERR, APP/PROC/WEB)#
#2026 07 26 14:33:29.979#Z#DEBUG#a94a10ac-88fe-11f1-b49e-eeee0a804d2e.ai_cap#flowable-async-job-executor-thread-405#
[PollStartAppStatusExecution] 7660856f-8cbb-42ff-826b-d11e3bb26138 [2026-07-26T14:33:27.785857] at Object.validateXsApp (/home/vcap/deps/0/node_modules/@sap/approuter/lib/configuration/validators.js:168:15) (STDERR, APP/PROC/WEB)#
#2026 07 26 14:33:29.979#Z#DEBUG#a94a10ac-88fe-11f1-b49e-eeee0a804d2e.ai_cap#flowable-async-job-executor-thread-405#
[PollStartAppStatusExecution] 7660856f-8cbb-42ff-826b-d11e3bb26138 [2026-07-26T14:33:27.785859] at exports.loadConfiguration (/home/vcap/deps/0/node_modules/@sap/approuter/lib/configuration/app-config.js:21:14) (STDERR, APP/PROC/WEB)#
#2026 07 26 14:33:29.979#Z#DEBUG#a94a10ac-88fe-11f1-b49e-eeee0a804d2e.ai_cap#flowable-async-job-executor-thread-405#
[PollStartAppStatusExecution] 7660856f-8cbb-42ff-826b-d11e3bb26138 [2026-07-26T14:33:27.785861] at module.exports.load (/home/vcap/deps/0/node_modules/@sap/approuter/lib/configuration.js:24:34) (STDERR, APP/PROC/WEB)#
#2026 07 26 14:33:29.979#Z#DEBUG#a94a10ac-88fe-11f1-b49e-eeee0a804d2e.ai_cap#flowable-async-job-executor-thread-405#
[PollStartAppStatusExecution] 7660856f-8cbb-42ff-826b-d11e3bb26138 [2026-07-26T14:33:27.785863] at bootstrap (/home/vcap/deps/0/node_modules/@sap/approuter/lib/bootstrap.js:68:38) (STDERR, APP/PROC/WEB)#
#2026 07 26 14:33:29.979#Z#DEBUG#a94a10ac-88fe-11f1-b49e-eeee0a804d2e.ai_cap#flowable-async-job-executor-thread-405#
[PollStartAppStatusExecution] 7660856f-8cbb-42ff-826b-d11e3bb26138 [2026-07-26T14:33:27.785865] at Approuter.start (/home/vcap/deps/0/node_modules/@sap/approuter/approuter.js:71:13) (STDERR, APP/PROC/WEB)#
#2026 07 26 14:33:29.980#Z#DEBUG#a94a10ac-88fe-11f1-b49e-eeee0a804d2e.ai_cap#flowable-async-job-executor-thread-405#
[PollStartAppStatusExecution] 7660856f-8cbb-42ff-826b-d11e3bb26138 [2026-07-26T14:33:27.785867] at Object.<anonymous> (/home/vcap/deps/0/node_modules/@sap/approuter/approuter.js:178:6) (STDERR, APP/PROC/WEB)#
#2026 07 26 14:33:29.980#Z#DEBUG#a94a10ac-88fe-11f1-b49e-eeee0a804d2e.ai_cap#flowable-async-job-executor-thread-405#
[PollStartAppStatusExecution] 7660856f-8cbb-42ff-826b-d11e3bb26138 [2026-07-26T14:33:27.785868] at Module._compile (node:internal/modules/cjs/loader:1705:14) (STDERR, APP/PROC/WEB)#
#2026 07 26 14:33:29.980#Z#DEBUG#a94a10ac-88fe-11f1-b49e-eeee0a804d2e.ai_cap#flowable-async-job-executor-thread-405#
[PollStartAppStatusExecution] 7660856f-8cbb-42ff-826b-d11e3bb26138 [2026-07-26T14:33:27.785871] at Object..js (node:internal/modules/cjs/loader:1838:10) (STDERR, APP/PROC/WEB)#
#2026 07 26 14:33:29.980#Z#DEBUG#a94a10ac-88fe-11f1-b49e-eeee0a804d2e.ai_cap#flowable-async-job-executor-thread-405#
[PollStartAppStatusExecution] 7660856f-8cbb-42ff-826b-d11e3bb26138 [2026-07-26T14:33:27.785875] at Module.load (node:internal/modules/cjs/loader:1441:32) { (STDERR, APP/PROC/WEB)#
#2026 07 26 14:33:29.980#Z#DEBUG#a94a10ac-88fe-11f1-b49e-eeee0a804d2e.ai_cap#flowable-async-job-executor-thread-405#
[PollStartAppStatusExecution] 7660856f-8cbb-42ff-826b-d11e3bb26138 [2026-07-26T14:33:27.785878] jse_shortmsg: 'xs-app.json/routes/0/~1~1: Additional properties not allowed', (STDERR, APP/PROC/WEB)#
#2026 07 26 14:33:29.980#Z#DEBUG#a94a10ac-88fe-11f1-b49e-eeee0a804d2e.ai_cap#flowable-async-job-executor-thread-405#
[PollStartAppStatusExecution] 7660856f-8cbb-42ff-826b-d11e3bb26138 [2026-07-26T14:33:27.785880] jse_info: {} (STDERR, APP/PROC/WEB)#
#2026 07 26 14:33:29.980#Z#DEBUG#a94a10ac-88fe-11f1-b49e-eeee0a804d2e.ai_cap#flowable-async-job-executor-thread-405#
[PollStartAppStatusExecution] 7660856f-8cbb-42ff-826b-d11e3bb26138 [2026-07-26T14:33:27.785884] } (STDERR, APP/PROC/WEB)#
#2026 07 26 14:33:29.980#Z#DEBUG#a94a10ac-88fe-11f1-b49e-eeee0a804d2e.ai_cap#flowable-async-job-executor-thread-405#
[PollStartAppStatusExecution] 7660856f-8cbb-42ff-826b-d11e3bb26138 [2026-07-26T14:33:27.785886] Node.js v22.22.2 (STDERR, APP/PROC/WEB)#
#2026 07 26 14:33:29.980#Z#DEBUG#a94a10ac-88fe-11f1-b49e-eeee0a804d2e.ai_cap#flowable-async-job-executor-thread-405#
[PollStartAppStatusExecution] 7660856f-8cbb-42ff-826b-d11e3bb26138 [2026-07-26T14:33:27.798410] npm notice (STDERR, APP/PROC/WEB)#
#2026 07 26 14:33:29.980#Z#DEBUG#a94a10ac-88fe-11f1-b49e-eeee0a804d2e.ai_cap#flowable-async-job-executor-thread-405#
[PollStartAppStatusExecution] 7660856f-8cbb-42ff-826b-d11e3bb26138 [2026-07-26T14:33:27.798433] npm notice New major version of npm available! 10.9.7 -> 12.0.1 (STDERR, APP/PROC/WEB)#
#2026 07 26 14:33:29.980#Z#DEBUG#a94a10ac-88fe-11f1-b49e-eeee0a804d2e.ai_cap#flowable-async-job-executor-thread-405#
[PollStartAppStatusExecution] 7660856f-8cbb-42ff-826b-d11e3bb26138 [2026-07-26T14:33:27.798437] npm notice Changelog: https://github.com/npm/cli/releases/tag/v12.0.1 (STDERR, APP/PROC/WEB)#
#2026 07 26 14:33:29.980#Z#DEBUG#a94a10ac-88fe-11f1-b49e-eeee0a804d2e.ai_cap#flowable-async-job-executor-thread-405#
[PollStartAppStatusExecution] 7660856f-8cbb-42ff-826b-d11e3bb26138 [2026-07-26T14:33:27.798444] npm notice To update run: npm install -g npm@12.0.1 (STDERR, APP/PROC/WEB)#
#2026 07 26 14:33:29.980#Z#DEBUG#a94a10ac-88fe-11f1-b49e-eeee0a804d2e.ai_cap#flowable-async-job-executor-thread-405#
[PollStartAppStatusExecution] 7660856f-8cbb-42ff-826b-d11e3bb26138 [2026-07-26T14:33:27.798446] npm notice (STDERR, APP/PROC/WEB)#
#2026 07 26 14:33:29.980#Z#DEBUG#a94a10ac-88fe-11f1-b49e-eeee0a804d2e.ai_cap#flowable-async-job-executor-thread-405#
[PollStartAppStatusExecution] 7660856f-8cbb-42ff-826b-d11e3bb26138 [2026-07-26T14:33:27.853026] Exit status 1 (STDOUT, APP/PROC/WEB)#
#2026 07 26 14:33:40.030#Z#DEBUG#a94a10ac-88fe-11f1-b49e-eeee0a804d2e.ai_cap#flowable-async-job-executor-thread-407#
[PollStartAppStatusExecution] 7660856f-8cbb-42ff-826b-d11e3bb26138 [2026-07-26T14:33:33.800946] Cell 72102533-1a09-4fba-8cbe-2355a2f540bf stopping instance 725aa0b9-c186-4975-6e6f-cca3 (STDOUT, CELL)#
#2026 07 26 14:33:40.030#Z#DEBUG#a94a10ac-88fe-11f1-b49e-eeee0a804d2e.ai_cap#flowable-async-job-executor-thread-407#
[PollStartAppStatusExecution] 7660856f-8cbb-42ff-826b-d11e3bb26138 [2026-07-26T14:33:33.800983] Cell 72102533-1a09-4fba-8cbe-2355a2f540bf destroying container for instance 725aa0b9-c186-4975-6e6f-cca3 (STDOUT, CELL)#
#2026 07 26 14:33:40.030#Z#DEBUG#a94a10ac-88fe-11f1-b49e-eeee0a804d2e.ai_cap#flowable-async-job-executor-thread-407#
[PollStartAppStatusExecution] 7660856f-8cbb-42ff-826b-d11e3bb26138 [2026-07-26T14:33:33.809049] Process has crashed with type: "web" (STDOUT, API)#
#2026 07 26 14:33:40.030#Z#DEBUG#a94a10ac-88fe-11f1-b49e-eeee0a804d2e.ai_cap#flowable-async-job-executor-thread-407#
[PollStartAppStatusExecution] 7660856f-8cbb-42ff-826b-d11e3bb26138 [2026-07-26T14:33:33.826934] App instance exited with guid 7660856f-8cbb-42ff-826b-d11e3bb26138 payload: {"instance"=>"725aa0b9-c186-4975-6e6f-cca3", "index"=>0, "cell_id"=>"72102533-1a09-4fba-8cbe-2355a2f540bf", "reason"=>"CRASHED", "exit_description"=>"APP/PROC/WEB: Exited with status 1", "crash_count"=>2, "crash_timestamp"=>1785076413783768975, "version"=>"1bcf4043-8867-459e-bffb-2d127b2f98e8"} (STDOUT, API)#
#2026 07 26 14:33:40.030#Z#DEBUG#a94a10ac-88fe-11f1-b49e-eeee0a804d2e.ai_cap#flowable-async-job-executor-thread-407#
[PollStartAppStatusExecution] 7660856f-8cbb-42ff-826b-d11e3bb26138 [2026-07-26T14:33:33.862403] Cell c9806b75-55fc-4bcf-8311-e637c769ac1a creating container for instance 4a6fdcf8-e03f-403f-45fe-4ec0 (STDOUT, CELL)#
#2026 07 26 14:33:40.030#Z#DEBUG#a94a10ac-88fe-11f1-b49e-eeee0a804d2e.ai_cap#flowable-async-job-executor-thread-407#
[PollStartAppStatusExecution] 7660856f-8cbb-42ff-826b-d11e3bb26138 [2026-07-26T14:33:33.941500] Exit status 137 (STDOUT, PROXY)#
#2026 07 26 14:33:40.030#Z#DEBUG#a94a10ac-88fe-11f1-b49e-eeee0a804d2e.ai_cap#flowable-async-job-executor-thread-407#
[PollStartAppStatusExecution] 7660856f-8cbb-42ff-826b-d11e3bb26138 [2026-07-26T14:33:34.222828] Security group rules were updated (STDOUT, CELL)#
#2026 07 26 14:33:40.030#Z#DEBUG#a94a10ac-88fe-11f1-b49e-eeee0a804d2e.ai_cap#flowable-async-job-executor-thread-407#
[PollStartAppStatusExecution] 7660856f-8cbb-42ff-826b-d11e3bb26138 [2026-07-26T14:33:34.273171] Cell c9806b75-55fc-4bcf-8311-e637c769ac1a successfully created container for instance 4a6fdcf8-e03f-403f-45fe-4ec0 (STDOUT, CELL)#
#2026 07 26 14:33:40.030#Z#DEBUG#a94a10ac-88fe-11f1-b49e-eeee0a804d2e.ai_cap#flowable-async-job-executor-thread-407#
[PollStartAppStatusExecution] 7660856f-8cbb-42ff-826b-d11e3bb26138 [2026-07-26T14:33:34.395178] Downloading droplet... (STDOUT, CELL)#
#2026 07 26 14:33:40.030#Z#DEBUG#a94a10ac-88fe-11f1-b49e-eeee0a804d2e.ai_cap#flowable-async-job-executor-thread-407#
[PollStartAppStatusExecution] 7660856f-8cbb-42ff-826b-d11e3bb26138 [2026-07-26T14:33:35.408418] Downloaded droplet (STDOUT, CELL)#
#2026 07 26 14:33:40.030#Z#DEBUG#a94a10ac-88fe-11f1-b49e-eeee0a804d2e.ai_cap#flowable-async-job-executor-thread-407#
[PollStartAppStatusExecution] 7660856f-8cbb-42ff-826b-d11e3bb26138 [2026-07-26T14:33:35.408588] Starting health monitoring of container (STDOUT, CELL)#
#2026 07 26 14:33:40.030#Z#DEBUG#a94a10ac-88fe-11f1-b49e-eeee0a804d2e.ai_cap#flowable-async-job-executor-thread-407#
[PollStartAppStatusExecution] 7660856f-8cbb-42ff-826b-d11e3bb26138 [2026-07-26T14:33:35.465676] Invoking pre-start scripts. (STDOUT, APP/PROC/WEB)#
#2026 07 26 14:33:40.030#Z#DEBUG#a94a10ac-88fe-11f1-b49e-eeee0a804d2e.ai_cap#flowable-async-job-executor-thread-407#
[PollStartAppStatusExecution] 7660856f-8cbb-42ff-826b-d11e3bb26138 [2026-07-26T14:33:35.577661] Cell 72102533-1a09-4fba-8cbe-2355a2f540bf successfully destroyed container for instance 725aa0b9-c186-4975-6e6f-cca3 (STDOUT, CELL)#
#2026 07 26 14:33:40.030#Z#DEBUG#a94a10ac-88fe-11f1-b49e-eeee0a804d2e.ai_cap#flowable-async-job-executor-thread-407#
[PollStartAppStatusExecution] 7660856f-8cbb-42ff-826b-d11e3bb26138 [2026-07-26T14:33:35.610849] Invoking start command. (STDOUT, APP/PROC/WEB)#
#2026 07 26 14:33:40.030#Z#DEBUG#a94a10ac-88fe-11f1-b49e-eeee0a804d2e.ai_cap#flowable-async-job-executor-thread-407#
[PollStartAppStatusExecution] 7660856f-8cbb-42ff-826b-d11e3bb26138 [2026-07-26T14:33:35.901264] > start (STDOUT, APP/PROC/WEB)#
#2026 07 26 14:33:40.030#Z#DEBUG#a94a10ac-88fe-11f1-b49e-eeee0a804d2e.ai_cap#flowable-async-job-executor-thread-407#
[PollStartAppStatusExecution] 7660856f-8cbb-42ff-826b-d11e3bb26138 [2026-07-26T14:33:35.901284] > node node_modules/@sap/approuter/approuter.js (STDOUT, APP/PROC/WEB)#
#2026 07 26 14:33:40.030#Z#DEBUG#a94a10ac-88fe-11f1-b49e-eeee0a804d2e.ai_cap#flowable-async-job-executor-thread-407#
[PollStartAppStatusExecution] 7660856f-8cbb-42ff-826b-d11e3bb26138 [2026-07-26T14:33:36.032681] {"written_at":"2026-07-26T14:33:36.031Z","written_ts":1785076416031000000,"csn_component":"-","correlation_id":"-","type":"log","logger":"nodejs-logger","layer":"/LoggingLibrary","level":"warning","container_id":"10.0.73.34","component_type":"application","component_id":"7660856f-8cbb-42ff-826b-d11e3bb26138","component_name":"ai_cap","component_instance":-1,"source_instance":-1,"organization_id":"8a7111bd-c1db-49fb-9463-093b5098054f","organization_name":"ABeam Consulting Ltd._jt9-lfwzntz7c-y6","space_id":"88e5ad75-c77c-4164-b356-00f6d6d0ccdf","space_name":"dev","context_id":"","msg":"Dynamic log level switching not available"} (STDOUT, APP/PROC/WEB)#
#2026 07 26 14:33:40.030#Z#DEBUG#a94a10ac-88fe-11f1-b49e-eeee0a804d2e.ai_cap#flowable-async-job-executor-thread-407#
[PollStartAppStatusExecution] 7660856f-8cbb-42ff-826b-d11e3bb26138 [2026-07-26T14:33:36.398216] {"written_at":"2026-07-26T14:33:36.397Z","written_ts":1785076416397000000,"csn_component":"-","correlation_id":"ms1weq31","type":"log","logger":"nodejs-logger","layer":"/approuter","level":"info","container_id":"10.0.73.34","component_type":"application","component_id":"7660856f-8cbb-42ff-826b-d11e3bb26138","component_name":"ai_cap","component_instance":-1,"source_instance":-1,"organization_id":"8a7111bd-c1db-49fb-9463-093b5098054f","organization_name":"ABeam Consulting Ltd._jt9-lfwzntz7c-y6","space_id":"88e5ad75-c77c-4164-b356-00f6d6d0ccdf","space_name":"dev","context_id":"ms1weq31","msg":"Application router version 21.5.0"} (STDOUT, APP/PROC/WEB)#
#2026 07 26 14:33:40.030#Z#DEBUG#a94a10ac-88fe-11f1-b49e-eeee0a804d2e.ai_cap#flowable-async-job-executor-thread-407#
[PollStartAppStatusExecution] 7660856f-8cbb-42ff-826b-d11e3bb26138 [2026-07-26T14:33:36.400603] {"written_at":"2026-07-26T14:33:36.400Z","written_ts":1785076416400000000,"csn_component":"-","correlation_id":"ms1weq34","type":"log","logger":"nodejs-logger","layer":"/Configuration","level":"info","container_id":"10.0.73.34","component_type":"application","component_id":"7660856f-8cbb-42ff-826b-d11e3bb26138","component_name":"ai_cap","component_instance":-1,"source_instance":-1,"organization_id":"8a7111bd-c1db-49fb-9463-093b5098054f","organization_name":"ABeam Consulting Ltd._jt9-lfwzntz7c-y6","space_id":"88e5ad75-c77c-4164-b356-00f6d6d0ccdf","space_name":"dev","context_id":"ms1weq34","msg":"No COOKIES environment variable"} (STDOUT, APP/PROC/WEB)#
#2026 07 26 14:33:40.030#Z#DEBUG#a94a10ac-88fe-11f1-b49e-eeee0a804d2e.ai_cap#flowable-async-job-executor-thread-407#
[PollStartAppStatusExecution] 7660856f-8cbb-42ff-826b-d11e3bb26138 [2026-07-26T14:33:36.405758] /home/vcap/deps/0/node_modules/@sap/approuter/lib/utils/JsonValidator.js:30 (STDERR, APP/PROC/WEB)#
#2026 07 26 14:33:40.030#Z#DEBUG#a94a10ac-88fe-11f1-b49e-eeee0a804d2e.ai_cap#flowable-async-job-executor-thread-407#
[PollStartAppStatusExecution] 7660856f-8cbb-42ff-826b-d11e3bb26138 [2026-07-26T14:33:36.405770] throw new VError('%s%s: %s', (STDERR, APP/PROC/WEB)#
#2026 07 26 14:33:40.030#Z#DEBUG#a94a10ac-88fe-11f1-b49e-eeee0a804d2e.ai_cap#flowable-async-job-executor-thread-407#
[PollStartAppStatusExecution] 7660856f-8cbb-42ff-826b-d11e3bb26138 [2026-07-26T14:33:36.405774] ^ (STDERR, APP/PROC/WEB)#
#2026 07 26 14:33:40.030#Z#DEBUG#a94a10ac-88fe-11f1-b49e-eeee0a804d2e.ai_cap#flowable-async-job-executor-thread-407#
[PollStartAppStatusExecution] 7660856f-8cbb-42ff-826b-d11e3bb26138 [2026-07-26T14:33:36.406093] VError: xs-app.json/routes/0/~1~1: Additional properties not allowed (STDERR, APP/PROC/WEB)#
#2026 07 26 14:33:40.030#Z#DEBUG#a94a10ac-88fe-11f1-b49e-eeee0a804d2e.ai_cap#flowable-async-job-executor-thread-407#
[PollStartAppStatusExecution] 7660856f-8cbb-42ff-826b-d11e3bb26138 [2026-07-26T14:33:36.406102] at JsonValidator.validate (/home/vcap/deps/0/node_modules/@sap/approuter/lib/utils/JsonValidator.js:30:11) (STDERR, APP/PROC/WEB)#
#2026 07 26 14:33:40.030#Z#DEBUG#a94a10ac-88fe-11f1-b49e-eeee0a804d2e.ai_cap#flowable-async-job-executor-thread-407#
[PollStartAppStatusExecution] 7660856f-8cbb-42ff-826b-d11e3bb26138 [2026-07-26T14:33:36.406106] at Object.validateXsApp (/home/vcap/deps/0/node_modules/@sap/approuter/lib/configuration/validators.js:168:15) (STDERR, APP/PROC/WEB)#
#2026 07 26 14:33:40.030#Z#DEBUG#a94a10ac-88fe-11f1-b49e-eeee0a804d2e.ai_cap#flowable-async-job-executor-thread-407#
[PollStartAppStatusExecution] 7660856f-8cbb-42ff-826b-d11e3bb26138 [2026-07-26T14:33:36.406109] at exports.loadConfiguration (/home/vcap/deps/0/node_modules/@sap/approuter/lib/configuration/app-config.js:21:14) (STDERR, APP/PROC/WEB)#
#2026 07 26 14:33:40.030#Z#DEBUG#a94a10ac-88fe-11f1-b49e-eeee0a804d2e.ai_cap#flowable-async-job-executor-thread-407#
[PollStartAppStatusExecution] 7660856f-8cbb-42ff-826b-d11e3bb26138 [2026-07-26T14:33:36.406111] at module.exports.load (/home/vcap/deps/0/node_modules/@sap/approuter/lib/configuration.js:24:34) (STDERR, APP/PROC/WEB)#
#2026 07 26 14:33:40.030#Z#DEBUG#a94a10ac-88fe-11f1-b49e-eeee0a804d2e.ai_cap#flowable-async-job-executor-thread-407#
[PollStartAppStatusExecution] 7660856f-8cbb-42ff-826b-d11e3bb26138 [2026-07-26T14:33:36.406116] at bootstrap (/home/vcap/deps/0/node_modules/@sap/approuter/lib/bootstrap.js:68:38) (STDERR, APP/PROC/WEB)#
#2026 07 26 14:33:40.030#Z#DEBUG#a94a10ac-88fe-11f1-b49e-eeee0a804d2e.ai_cap#flowable-async-job-executor-thread-407#
[PollStartAppStatusExecution] 7660856f-8cbb-42ff-826b-d11e3bb26138 [2026-07-26T14:33:36.406118] at Approuter.start (/home/vcap/deps/0/node_modules/@sap/approuter/approuter.js:71:13) (STDERR, APP/PROC/WEB)#
#2026 07 26 14:33:40.030#Z#DEBUG#a94a10ac-88fe-11f1-b49e-eeee0a804d2e.ai_cap#flowable-async-job-executor-thread-407#
[PollStartAppStatusExecution] 7660856f-8cbb-42ff-826b-d11e3bb26138 [2026-07-26T14:33:36.406122] at Object.<anonymous> (/home/vcap/deps/0/node_modules/@sap/approuter/approuter.js:178:6) (STDERR, APP/PROC/WEB)#
#2026 07 26 14:33:40.030#Z#DEBUG#a94a10ac-88fe-11f1-b49e-eeee0a804d2e.ai_cap#flowable-async-job-executor-thread-407#
[PollStartAppStatusExecution] 7660856f-8cbb-42ff-826b-d11e3bb26138 [2026-07-26T14:33:36.406124] at Module._compile (node:internal/modules/cjs/loader:1705:14) (STDERR, APP/PROC/WEB)#
#2026 07 26 14:33:40.030#Z#DEBUG#a94a10ac-88fe-11f1-b49e-eeee0a804d2e.ai_cap#flowable-async-job-executor-thread-407#
[PollStartAppStatusExecution] 7660856f-8cbb-42ff-826b-d11e3bb26138 [2026-07-26T14:33:36.406129] at Object..js (node:internal/modules/cjs/loader:1838:10) (STDERR, APP/PROC/WEB)#
#2026 07 26 14:33:40.030#Z#DEBUG#a94a10ac-88fe-11f1-b49e-eeee0a804d2e.ai_cap#flowable-async-job-executor-thread-407#
[PollStartAppStatusExecution] 7660856f-8cbb-42ff-826b-d11e3bb26138 [2026-07-26T14:33:36.406132] at Module.load (node:internal/modules/cjs/loader:1441:32) { (STDERR, APP/PROC/WEB)#
#2026 07 26 14:33:40.030#Z#DEBUG#a94a10ac-88fe-11f1-b49e-eeee0a804d2e.ai_cap#flowable-async-job-executor-thread-407#
[PollStartAppStatusExecution] 7660856f-8cbb-42ff-826b-d11e3bb26138 [2026-07-26T14:33:36.406134] jse_shortmsg: 'xs-app.json/routes/0/~1~1: Additional properties not allowed', (STDERR, APP/PROC/WEB)#
#2026 07 26 14:33:40.030#Z#DEBUG#a94a10ac-88fe-11f1-b49e-eeee0a804d2e.ai_cap#flowable-async-job-executor-thread-407#
[PollStartAppStatusExecution] 7660856f-8cbb-42ff-826b-d11e3bb26138 [2026-07-26T14:33:36.406136] jse_info: {} (STDERR, APP/PROC/WEB)#
#2026 07 26 14:33:40.030#Z#DEBUG#a94a10ac-88fe-11f1-b49e-eeee0a804d2e.ai_cap#flowable-async-job-executor-thread-407#
[PollStartAppStatusExecution] 7660856f-8cbb-42ff-826b-d11e3bb26138 [2026-07-26T14:33:36.406138] } (STDERR, APP/PROC/WEB)#
#2026 07 26 14:33:40.030#Z#DEBUG#a94a10ac-88fe-11f1-b49e-eeee0a804d2e.ai_cap#flowable-async-job-executor-thread-407#
[PollStartAppStatusExecution] 7660856f-8cbb-42ff-826b-d11e3bb26138 [2026-07-26T14:33:36.406143] Node.js v22.22.2 (STDERR, APP/PROC/WEB)#
#2026 07 26 14:33:40.030#Z#DEBUG#a94a10ac-88fe-11f1-b49e-eeee0a804d2e.ai_cap#flowable-async-job-executor-thread-407#
[PollStartAppStatusExecution] 7660856f-8cbb-42ff-826b-d11e3bb26138 [2026-07-26T14:33:36.415189] npm notice (STDERR, APP/PROC/WEB)#
#2026 07 26 14:33:40.030#Z#DEBUG#a94a10ac-88fe-11f1-b49e-eeee0a804d2e.ai_cap#flowable-async-job-executor-thread-407#
[PollStartAppStatusExecution] 7660856f-8cbb-42ff-826b-d11e3bb26138 [2026-07-26T14:33:36.415219] npm notice New major version of npm available! 10.9.7 -> 12.0.1 (STDERR, APP/PROC/WEB)#
#2026 07 26 14:33:40.030#Z#DEBUG#a94a10ac-88fe-11f1-b49e-eeee0a804d2e.ai_cap#flowable-async-job-executor-thread-407#
[PollStartAppStatusExecution] 7660856f-8cbb-42ff-826b-d11e3bb26138 [2026-07-26T14:33:36.415232] npm notice Changelog: https://github.com/npm/cli/releases/tag/v12.0.1 (STDERR, APP/PROC/WEB)#
#2026 07 26 14:33:40.030#Z#DEBUG#a94a10ac-88fe-11f1-b49e-eeee0a804d2e.ai_cap#flowable-async-job-executor-thread-407#
[PollStartAppStatusExecution] 7660856f-8cbb-42ff-826b-d11e3bb26138 [2026-07-26T14:33:36.415239] npm notice To update run: npm install -g npm@12.0.1 (STDERR, APP/PROC/WEB)#
#2026 07 26 14:33:40.030#Z#DEBUG#a94a10ac-88fe-11f1-b49e-eeee0a804d2e.ai_cap#flowable-async-job-executor-thread-407#
[PollStartAppStatusExecution] 7660856f-8cbb-42ff-826b-d11e3bb26138 [2026-07-26T14:33:36.415245] npm notice (STDERR, APP/PROC/WEB)#
#2026 07 26 14:33:40.030#Z#DEBUG#a94a10ac-88fe-11f1-b49e-eeee0a804d2e.ai_cap#flowable-async-job-executor-thread-407#
[PollStartAppStatusExecution] 7660856f-8cbb-42ff-826b-d11e3bb26138 [2026-07-26T14:33:36.464556] Exit status 1 (STDOUT, APP/PROC/WEB)#
#2026 07 26 14:33:50.006#Z#DEBUG#a94a10ac-88fe-11f1-b49e-eeee0a804d2e.ai_cap#flowable-async-job-executor-thread-5246#
[PollStartAppStatusExecution] 7660856f-8cbb-42ff-826b-d11e3bb26138 [2026-07-26T14:33:42.719173] Cell c9806b75-55fc-4bcf-8311-e637c769ac1a stopping instance 4a6fdcf8-e03f-403f-45fe-4ec0 (STDOUT, CELL)#
#2026 07 26 14:33:50.006#Z#DEBUG#a94a10ac-88fe-11f1-b49e-eeee0a804d2e.ai_cap#flowable-async-job-executor-thread-5246#
[PollStartAppStatusExecution] 7660856f-8cbb-42ff-826b-d11e3bb26138 [2026-07-26T14:33:42.719267] Cell c9806b75-55fc-4bcf-8311-e637c769ac1a destroying container for instance 4a6fdcf8-e03f-403f-45fe-4ec0 (STDOUT, CELL)#
#2026 07 26 14:33:50.006#Z#DEBUG#a94a10ac-88fe-11f1-b49e-eeee0a804d2e.ai_cap#flowable-async-job-executor-thread-5246#
[PollStartAppStatusExecution] 7660856f-8cbb-42ff-826b-d11e3bb26138 [2026-07-26T14:33:42.735981] Process has crashed with type: "web" (STDOUT, API)#
#2026 07 26 14:33:50.006#Z#DEBUG#a94a10ac-88fe-11f1-b49e-eeee0a804d2e.ai_cap#flowable-async-job-executor-thread-5246#
[PollStartAppStatusExecution] 7660856f-8cbb-42ff-826b-d11e3bb26138 [2026-07-26T14:33:42.747235] App instance exited with guid 7660856f-8cbb-42ff-826b-d11e3bb26138 payload: {"instance"=>"4a6fdcf8-e03f-403f-45fe-4ec0", "index"=>0, "cell_id"=>"c9806b75-55fc-4bcf-8311-e637c769ac1a", "reason"=>"CRASHED", "exit_description"=>"APP/PROC/WEB: Exited with status 1", "crash_count"=>3, "crash_timestamp"=>1785076422716123694, "version"=>"1bcf4043-8867-459e-bffb-2d127b2f98e8"} (STDOUT, API)#
#2026 07 26 14:33:50.006#Z#DEBUG#a94a10ac-88fe-11f1-b49e-eeee0a804d2e.ai_cap#flowable-async-job-executor-thread-5246#
[PollStartAppStatusExecution] 7660856f-8cbb-42ff-826b-d11e3bb26138 [2026-07-26T14:33:42.854063] Exit status 137 (STDOUT, PROXY)#
#2026 07 26 14:33:50.006#Z#DEBUG#a94a10ac-88fe-11f1-b49e-eeee0a804d2e.ai_cap#flowable-async-job-executor-thread-5246#
[PollStartAppStatusExecution] 7660856f-8cbb-42ff-826b-d11e3bb26138 [2026-07-26T14:33:44.243332] Cell c9806b75-55fc-4bcf-8311-e637c769ac1a successfully destroyed container for instance 4a6fdcf8-e03f-403f-45fe-4ec0 (STDOUT, CELL)#
#2026 07 26 14:34:00.156#Z#DEBUG#a94a10ac-88fe-11f1-b49e-eeee0a804d2e.ai_cap#flowable-async-job-executor-thread-5248#
[PollStartAppStatusExecution] 7660856f-8cbb-42ff-826b-d11e3bb26138 [2026-07-26T14:33:42.719173] Cell c9806b75-55fc-4bcf-8311-e637c769ac1a stopping instance 4a6fdcf8-e03f-403f-45fe-4ec0 (STDOUT, CELL)#
#2026 07 26 14:34:00.156#Z#DEBUG#a94a10ac-88fe-11f1-b49e-eeee0a804d2e.ai_cap#flowable-async-job-executor-thread-5248#
[PollStartAppStatusExecution] 7660856f-8cbb-42ff-826b-d11e3bb26138 [2026-07-26T14:33:42.719267] Cell c9806b75-55fc-4bcf-8311-e637c769ac1a destroying container for instance 4a6fdcf8-e03f-403f-45fe-4ec0 (STDOUT, CELL)#
#2026 07 26 14:34:00.156#Z#DEBUG#a94a10ac-88fe-11f1-b49e-eeee0a804d2e.ai_cap#flowable-async-job-executor-thread-5248#
[PollStartAppStatusExecution] 7660856f-8cbb-42ff-826b-d11e3bb26138 [2026-07-26T14:33:42.735981] Process has crashed with type: "web" (STDOUT, API)#
#2026 07 26 14:34:00.156#Z#DEBUG#a94a10ac-88fe-11f1-b49e-eeee0a804d2e.ai_cap#flowable-async-job-executor-thread-5248#
[PollStartAppStatusExecution] 7660856f-8cbb-42ff-826b-d11e3bb26138 [2026-07-26T14:33:42.747235] App instance exited with guid 7660856f-8cbb-42ff-826b-d11e3bb26138 payload: {"instance"=>"4a6fdcf8-e03f-403f-45fe-4ec0", "index"=>0, "cell_id"=>"c9806b75-55fc-4bcf-8311-e637c769ac1a", "reason"=>"CRASHED", "exit_description"=>"APP/PROC/WEB: Exited with status 1", "crash_count"=>3, "crash_timestamp"=>1785076422716123694, "version"=>"1bcf4043-8867-459e-bffb-2d127b2f98e8"} (STDOUT, API)#
#2026 07 26 14:34:00.156#Z#DEBUG#a94a10ac-88fe-11f1-b49e-eeee0a804d2e.ai_cap#flowable-async-job-executor-thread-5248#
[PollStartAppStatusExecution] 7660856f-8cbb-42ff-826b-d11e3bb26138 [2026-07-26T14:33:42.854063] Exit status 137 (STDOUT, PROXY)#
#2026 07 26 14:34:00.156#Z#DEBUG#a94a10ac-88fe-11f1-b49e-eeee0a804d2e.ai_cap#flowable-async-job-executor-thread-5248#
[PollStartAppStatusExecution] 7660856f-8cbb-42ff-826b-d11e3bb26138 [2026-07-26T14:33:44.243332] Cell c9806b75-55fc-4bcf-8311-e637c769ac1a successfully destroyed container for instance 4a6fdcf8-e03f-403f-45fe-4ec0 (STDOUT, CELL)#
#2026 07 26 14:34:00.156#Z#DEBUG#a94a10ac-88fe-11f1-b49e-eeee0a804d2e.ai_cap#flowable-async-job-executor-thread-5248#
[PollStartAppStatusExecution] 7660856f-8cbb-42ff-826b-d11e3bb26138 [2026-07-26T14:33:51.341054] Stopping app with guid 7660856f-8cbb-42ff-826b-d11e3bb26138 (STDOUT, API)#
#2026 07 26 14:34:00.156#Z#DEBUG#a94a10ac-88fe-11f1-b49e-eeee0a804d2e.ai_cap#flowable-async-job-executor-thread-5248#
[PollStartAppStatusExecution] 7660856f-8cbb-42ff-826b-d11e3bb26138 [2026-07-26T14:33:51.482014] Starting app with guid 7660856f-8cbb-42ff-826b-d11e3bb26138 (STDOUT, API)#
#2026 07 26 14:34:00.156#Z#DEBUG#a94a10ac-88fe-11f1-b49e-eeee0a804d2e.ai_cap#flowable-async-job-executor-thread-5248#
[PollStartAppStatusExecution] 7660856f-8cbb-42ff-826b-d11e3bb26138 [2026-07-26T14:33:51.625825] Cell c9806b75-55fc-4bcf-8311-e637c769ac1a creating container for instance 79a2d1b1-14c7-4d52-72ea-8c1e (STDOUT, CELL)#
#2026 07 26 14:34:00.156#Z#DEBUG#a94a10ac-88fe-11f1-b49e-eeee0a804d2e.ai_cap#flowable-async-job-executor-thread-5248#
[PollStartAppStatusExecution] 7660856f-8cbb-42ff-826b-d11e3bb26138 [2026-07-26T14:33:51.934799] Security group rules were updated (STDOUT, CELL)#
#2026 07 26 14:34:00.156#Z#DEBUG#a94a10ac-88fe-11f1-b49e-eeee0a804d2e.ai_cap#flowable-async-job-executor-thread-5248#
[PollStartAppStatusExecution] 7660856f-8cbb-42ff-826b-d11e3bb26138 [2026-07-26T14:33:51.984033] Cell c9806b75-55fc-4bcf-8311-e637c769ac1a successfully created container for instance 79a2d1b1-14c7-4d52-72ea-8c1e (STDOUT, CELL)#
#2026 07 26 14:34:00.156#Z#DEBUG#a94a10ac-88fe-11f1-b49e-eeee0a804d2e.ai_cap#flowable-async-job-executor-thread-5248#
[PollStartAppStatusExecution] 7660856f-8cbb-42ff-826b-d11e3bb26138 [2026-07-26T14:33:52.379740] Downloading droplet... (STDOUT, CELL)#
#2026 07 26 14:34:00.156#Z#DEBUG#a94a10ac-88fe-11f1-b49e-eeee0a804d2e.ai_cap#flowable-async-job-executor-thread-5248#
[PollStartAppStatusExecution] 7660856f-8cbb-42ff-826b-d11e3bb26138 [2026-07-26T14:33:55.455570] Downloaded droplet (62.2M) (STDOUT, CELL)#
#2026 07 26 14:34:00.156#Z#DEBUG#a94a10ac-88fe-11f1-b49e-eeee0a804d2e.ai_cap#flowable-async-job-executor-thread-5248#
[PollStartAppStatusExecution] 7660856f-8cbb-42ff-826b-d11e3bb26138 [2026-07-26T14:33:55.455688] Starting health monitoring of container (STDOUT, CELL)#
#2026 07 26 14:34:00.156#Z#DEBUG#a94a10ac-88fe-11f1-b49e-eeee0a804d2e.ai_cap#flowable-async-job-executor-thread-5248#
[PollStartAppStatusExecution] 7660856f-8cbb-42ff-826b-d11e3bb26138 [2026-07-26T14:33:55.513893] Invoking pre-start scripts. (STDOUT, APP/PROC/WEB)#
#2026 07 26 14:34:00.156#Z#DEBUG#a94a10ac-88fe-11f1-b49e-eeee0a804d2e.ai_cap#flowable-async-job-executor-thread-5248#
[PollStartAppStatusExecution] 7660856f-8cbb-42ff-826b-d11e3bb26138 [2026-07-26T14:33:55.657728] Invoking start command. (STDOUT, APP/PROC/WEB)#
#2026 07 26 14:34:00.156#Z#DEBUG#a94a10ac-88fe-11f1-b49e-eeee0a804d2e.ai_cap#flowable-async-job-executor-thread-5248#
[PollStartAppStatusExecution] 7660856f-8cbb-42ff-826b-d11e3bb26138 [2026-07-26T14:33:55.958073] > start (STDOUT, APP/PROC/WEB)#
#2026 07 26 14:34:00.156#Z#DEBUG#a94a10ac-88fe-11f1-b49e-eeee0a804d2e.ai_cap#flowable-async-job-executor-thread-5248#
[PollStartAppStatusExecution] 7660856f-8cbb-42ff-826b-d11e3bb26138 [2026-07-26T14:33:55.958107] > node node_modules/@sap/approuter/approuter.js (STDOUT, APP/PROC/WEB)#
#2026 07 26 14:34:00.156#Z#DEBUG#a94a10ac-88fe-11f1-b49e-eeee0a804d2e.ai_cap#flowable-async-job-executor-thread-5248#
[PollStartAppStatusExecution] 7660856f-8cbb-42ff-826b-d11e3bb26138 [2026-07-26T14:33:56.087523] {"written_at":"2026-07-26T14:33:56.086Z","written_ts":1785076436086000000,"csn_component":"-","correlation_id":"-","type":"log","logger":"nodejs-logger","layer":"/LoggingLibrary","level":"warning","container_id":"10.0.73.34","component_type":"application","component_id":"7660856f-8cbb-42ff-826b-d11e3bb26138","component_name":"ai_cap","component_instance":-1,"source_instance":-1,"organization_id":"8a7111bd-c1db-49fb-9463-093b5098054f","organization_name":"ABeam Consulting Ltd._jt9-lfwzntz7c-y6","space_id":"88e5ad75-c77c-4164-b356-00f6d6d0ccdf","space_name":"dev","context_id":"","msg":"Dynamic log level switching not available"} (STDOUT, APP/PROC/WEB)#
#2026 07 26 14:34:00.156#Z#DEBUG#a94a10ac-88fe-11f1-b49e-eeee0a804d2e.ai_cap#flowable-async-job-executor-thread-5248#
[PollStartAppStatusExecution] 7660856f-8cbb-42ff-826b-d11e3bb26138 [2026-07-26T14:33:56.435772] {"written_at":"2026-07-26T14:33:56.435Z","written_ts":1785076436435000000,"csn_component":"-","correlation_id":"ms1wf5jn","type":"log","logger":"nodejs-logger","layer":"/approuter","level":"info","container_id":"10.0.73.34","component_type":"application","component_id":"7660856f-8cbb-42ff-826b-d11e3bb26138","component_name":"ai_cap","component_instance":-1,"source_instance":-1,"organization_id":"8a7111bd-c1db-49fb-9463-093b5098054f","organization_name":"ABeam Consulting Ltd._jt9-lfwzntz7c-y6","space_id":"88e5ad75-c77c-4164-b356-00f6d6d0ccdf","space_name":"dev","context_id":"ms1wf5jn","msg":"Application router version 21.5.0"} (STDOUT, APP/PROC/WEB)#
#2026 07 26 14:34:00.156#Z#DEBUG#a94a10ac-88fe-11f1-b49e-eeee0a804d2e.ai_cap#flowable-async-job-executor-thread-5248#
[PollStartAppStatusExecution] 7660856f-8cbb-42ff-826b-d11e3bb26138 [2026-07-26T14:33:56.438064] {"written_at":"2026-07-26T14:33:56.437Z","written_ts":1785076436437000000,"csn_component":"-","correlation_id":"ms1wf5jp","type":"log","logger":"nodejs-logger","layer":"/Configuration","level":"info","container_id":"10.0.73.34","component_type":"application","component_id":"7660856f-8cbb-42ff-826b-d11e3bb26138","component_name":"ai_cap","component_instance":-1,"source_instance":-1,"organization_id":"8a7111bd-c1db-49fb-9463-093b5098054f","organization_name":"ABeam Consulting Ltd._jt9-lfwzntz7c-y6","space_id":"88e5ad75-c77c-4164-b356-00f6d6d0ccdf","space_name":"dev","context_id":"ms1wf5jp","msg":"No COOKIES environment variable"} (STDOUT, APP/PROC/WEB)#
#2026 07 26 14:34:00.156#Z#DEBUG#a94a10ac-88fe-11f1-b49e-eeee0a804d2e.ai_cap#flowable-async-job-executor-thread-5248#
[PollStartAppStatusExecution] 7660856f-8cbb-42ff-826b-d11e3bb26138 [2026-07-26T14:33:56.442612] /home/vcap/deps/0/node_modules/@sap/approuter/lib/utils/JsonValidator.js:30 (STDERR, APP/PROC/WEB)#
#2026 07 26 14:34:00.156#Z#DEBUG#a94a10ac-88fe-11f1-b49e-eeee0a804d2e.ai_cap#flowable-async-job-executor-thread-5248#
[PollStartAppStatusExecution] 7660856f-8cbb-42ff-826b-d11e3bb26138 [2026-07-26T14:33:56.442637] throw new VError('%s%s: %s', (STDERR, APP/PROC/WEB)#
#2026 07 26 14:34:00.156#Z#DEBUG#a94a10ac-88fe-11f1-b49e-eeee0a804d2e.ai_cap#flowable-async-job-executor-thread-5248#
[PollStartAppStatusExecution] 7660856f-8cbb-42ff-826b-d11e3bb26138 [2026-07-26T14:33:56.442641] ^ (STDERR, APP/PROC/WEB)#
#2026 07 26 14:34:00.156#Z#DEBUG#a94a10ac-88fe-11f1-b49e-eeee0a804d2e.ai_cap#flowable-async-job-executor-thread-5248#
[PollStartAppStatusExecution] 7660856f-8cbb-42ff-826b-d11e3bb26138 [2026-07-26T14:33:56.442863] VError: xs-app.json/routes/0/~1~1: Additional properties not allowed (STDERR, APP/PROC/WEB)#
#2026 07 26 14:34:00.156#Z#DEBUG#a94a10ac-88fe-11f1-b49e-eeee0a804d2e.ai_cap#flowable-async-job-executor-thread-5248#
[PollStartAppStatusExecution] 7660856f-8cbb-42ff-826b-d11e3bb26138 [2026-07-26T14:33:56.442880] at JsonValidator.validate (/home/vcap/deps/0/node_modules/@sap/approuter/lib/utils/JsonValidator.js:30:11) (STDERR, APP/PROC/WEB)#
#2026 07 26 14:34:00.156#Z#DEBUG#a94a10ac-88fe-11f1-b49e-eeee0a804d2e.ai_cap#flowable-async-job-executor-thread-5248#
[PollStartAppStatusExecution] 7660856f-8cbb-42ff-826b-d11e3bb26138 [2026-07-26T14:33:56.442883] at Object.validateXsApp (/home/vcap/deps/0/node_modules/@sap/approuter/lib/configuration/validators.js:168:15) (STDERR, APP/PROC/WEB)#
#2026 07 26 14:34:00.156#Z#DEBUG#a94a10ac-88fe-11f1-b49e-eeee0a804d2e.ai_cap#flowable-async-job-executor-thread-5248#
[PollStartAppStatusExecution] 7660856f-8cbb-42ff-826b-d11e3bb26138 [2026-07-26T14:33:56.442887] at exports.loadConfiguration (/home/vcap/deps/0/node_modules/@sap/approuter/lib/configuration/app-config.js:21:14) (STDERR, APP/PROC/WEB)#
#2026 07 26 14:34:00.156#Z#DEBUG#a94a10ac-88fe-11f1-b49e-eeee0a804d2e.ai_cap#flowable-async-job-executor-thread-5248#
[PollStartAppStatusExecution] 7660856f-8cbb-42ff-826b-d11e3bb26138 [2026-07-26T14:33:56.442890] at module.exports.load (/home/vcap/deps/0/node_modules/@sap/approuter/lib/configuration.js:24:34) (STDERR, APP/PROC/WEB)#
#2026 07 26 14:34:00.156#Z#DEBUG#a94a10ac-88fe-11f1-b49e-eeee0a804d2e.ai_cap#flowable-async-job-executor-thread-5248#
[PollStartAppStatusExecution] 7660856f-8cbb-42ff-826b-d11e3bb26138 [2026-07-26T14:33:56.442894] at bootstrap (/home/vcap/deps/0/node_modules/@sap/approuter/lib/bootstrap.js:68:38) (STDERR, APP/PROC/WEB)#
#2026 07 26 14:34:00.156#Z#DEBUG#a94a10ac-88fe-11f1-b49e-eeee0a804d2e.ai_cap#flowable-async-job-executor-thread-5248#
[PollStartAppStatusExecution] 7660856f-8cbb-42ff-826b-d11e3bb26138 [2026-07-26T14:33:56.442896] at Approuter.start (/home/vcap/deps/0/node_modules/@sap/approuter/approuter.js:71:13) (STDERR, APP/PROC/WEB)#
#2026 07 26 14:34:00.156#Z#DEBUG#a94a10ac-88fe-11f1-b49e-eeee0a804d2e.ai_cap#flowable-async-job-executor-thread-5248#
[PollStartAppStatusExecution] 7660856f-8cbb-42ff-826b-d11e3bb26138 [2026-07-26T14:33:56.442899] at Object.<anonymous> (/home/vcap/deps/0/node_modules/@sap/approuter/approuter.js:178:6) (STDERR, APP/PROC/WEB)#
#2026 07 26 14:34:00.156#Z#DEBUG#a94a10ac-88fe-11f1-b49e-eeee0a804d2e.ai_cap#flowable-async-job-executor-thread-5248#
[PollStartAppStatusExecution] 7660856f-8cbb-42ff-826b-d11e3bb26138 [2026-07-26T14:33:56.442901] at Module._compile (node:internal/modules/cjs/loader:1705:14) (STDERR, APP/PROC/WEB)#
#2026 07 26 14:34:00.156#Z#DEBUG#a94a10ac-88fe-11f1-b49e-eeee0a804d2e.ai_cap#flowable-async-job-executor-thread-5248#
[PollStartAppStatusExecution] 7660856f-8cbb-42ff-826b-d11e3bb26138 [2026-07-26T14:33:56.442904] at Object..js (node:internal/modules/cjs/loader:1838:10) (STDERR, APP/PROC/WEB)#
#2026 07 26 14:34:00.156#Z#DEBUG#a94a10ac-88fe-11f1-b49e-eeee0a804d2e.ai_cap#flowable-async-job-executor-thread-5248#
[PollStartAppStatusExecution] 7660856f-8cbb-42ff-826b-d11e3bb26138 [2026-07-26T14:33:56.442906] at Module.load (node:internal/modules/cjs/loader:1441:32) { (STDERR, APP/PROC/WEB)#
#2026 07 26 14:34:00.156#Z#DEBUG#a94a10ac-88fe-11f1-b49e-eeee0a804d2e.ai_cap#flowable-async-job-executor-thread-5248#
[PollStartAppStatusExecution] 7660856f-8cbb-42ff-826b-d11e3bb26138 [2026-07-26T14:33:56.442909] jse_shortmsg: 'xs-app.json/routes/0/~1~1: Additional properties not allowed', (STDERR, APP/PROC/WEB)#
#2026 07 26 14:34:00.156#Z#DEBUG#a94a10ac-88fe-11f1-b49e-eeee0a804d2e.ai_cap#flowable-async-job-executor-thread-5248#
[PollStartAppStatusExecution] 7660856f-8cbb-42ff-826b-d11e3bb26138 [2026-07-26T14:33:56.442912] jse_info: {} (STDERR, APP/PROC/WEB)#
#2026 07 26 14:34:00.156#Z#DEBUG#a94a10ac-88fe-11f1-b49e-eeee0a804d2e.ai_cap#flowable-async-job-executor-thread-5248#
[PollStartAppStatusExecution] 7660856f-8cbb-42ff-826b-d11e3bb26138 [2026-07-26T14:33:56.442914] } (STDERR, APP/PROC/WEB)#
#2026 07 26 14:34:00.156#Z#DEBUG#a94a10ac-88fe-11f1-b49e-eeee0a804d2e.ai_cap#flowable-async-job-executor-thread-5248#
[PollStartAppStatusExecution] 7660856f-8cbb-42ff-826b-d11e3bb26138 [2026-07-26T14:33:56.442919] Node.js v22.22.2 (STDERR, APP/PROC/WEB)#
#2026 07 26 14:34:00.156#Z#DEBUG#a94a10ac-88fe-11f1-b49e-eeee0a804d2e.ai_cap#flowable-async-job-executor-thread-5248#
[PollStartAppStatusExecution] 7660856f-8cbb-42ff-826b-d11e3bb26138 [2026-07-26T14:33:56.451994] npm notice (STDERR, APP/PROC/WEB)#
#2026 07 26 14:34:00.156#Z#DEBUG#a94a10ac-88fe-11f1-b49e-eeee0a804d2e.ai_cap#flowable-async-job-executor-thread-5248#
[PollStartAppStatusExecution] 7660856f-8cbb-42ff-826b-d11e3bb26138 [2026-07-26T14:33:56.452018] npm notice New major version of npm available! 10.9.7 -> 12.0.1 (STDERR, APP/PROC/WEB)#
#2026 07 26 14:34:00.156#Z#DEBUG#a94a10ac-88fe-11f1-b49e-eeee0a804d2e.ai_cap#flowable-async-job-executor-thread-5248#
[PollStartAppStatusExecution] 7660856f-8cbb-42ff-826b-d11e3bb26138 [2026-07-26T14:33:56.452028] npm notice Changelog: https://github.com/npm/cli/releases/tag/v12.0.1 (STDERR, APP/PROC/WEB)#
#2026 07 26 14:34:00.156#Z#DEBUG#a94a10ac-88fe-11f1-b49e-eeee0a804d2e.ai_cap#flowable-async-job-executor-thread-5248#
[PollStartAppStatusExecution] 7660856f-8cbb-42ff-826b-d11e3bb26138 [2026-07-26T14:33:56.452035] npm notice To update run: npm install -g npm@12.0.1 (STDERR, APP/PROC/WEB)#
#2026 07 26 14:34:00.156#Z#DEBUG#a94a10ac-88fe-11f1-b49e-eeee0a804d2e.ai_cap#flowable-async-job-executor-thread-5248#
[PollStartAppStatusExecution] 7660856f-8cbb-42ff-826b-d11e3bb26138 [2026-07-26T14:33:56.452040] npm notice (STDERR, APP/PROC/WEB)#
#2026 07 26 14:34:00.156#Z#DEBUG#a94a10ac-88fe-11f1-b49e-eeee0a804d2e.ai_cap#flowable-async-job-executor-thread-5248#
[PollStartAppStatusExecution] 7660856f-8cbb-42ff-826b-d11e3bb26138 [2026-07-26T14:33:56.502486] Exit status 1 (STDOUT, APP/PROC/WEB)#
#2026 07 26 14:34:10.058#Z#DEBUG#a94a10ac-88fe-11f1-b49e-eeee0a804d2e.ai_cap#flowable-async-job-executor-thread-409#
[PollStartAppStatusExecution] 7660856f-8cbb-42ff-826b-d11e3bb26138 [2026-07-26T14:34:02.483718] Cell c9806b75-55fc-4bcf-8311-e637c769ac1a stopping instance 79a2d1b1-14c7-4d52-72ea-8c1e (STDOUT, CELL)#
#2026 07 26 14:34:10.058#Z#DEBUG#a94a10ac-88fe-11f1-b49e-eeee0a804d2e.ai_cap#flowable-async-job-executor-thread-409#
[PollStartAppStatusExecution] 7660856f-8cbb-42ff-826b-d11e3bb26138 [2026-07-26T14:34:02.483783] Cell c9806b75-55fc-4bcf-8311-e637c769ac1a destroying container for instance 79a2d1b1-14c7-4d52-72ea-8c1e (STDOUT, CELL)#
#2026 07 26 14:34:10.058#Z#DEBUG#a94a10ac-88fe-11f1-b49e-eeee0a804d2e.ai_cap#flowable-async-job-executor-thread-409#
[PollStartAppStatusExecution] 7660856f-8cbb-42ff-826b-d11e3bb26138 [2026-07-26T14:34:02.494293] Process has crashed with type: "web" (STDOUT, API)#
#2026 07 26 14:34:10.058#Z#DEBUG#a94a10ac-88fe-11f1-b49e-eeee0a804d2e.ai_cap#flowable-async-job-executor-thread-409#
[PollStartAppStatusExecution] 7660856f-8cbb-42ff-826b-d11e3bb26138 [2026-07-26T14:34:02.512902] App instance exited with guid 7660856f-8cbb-42ff-826b-d11e3bb26138 payload: {"instance"=>"79a2d1b1-14c7-4d52-72ea-8c1e", "index"=>0, "cell_id"=>"c9806b75-55fc-4bcf-8311-e637c769ac1a", "reason"=>"CRASHED", "exit_description"=>"APP/PROC/WEB: Exited with status 1", "crash_count"=>1, "crash_timestamp"=>1785076442468676967, "version"=>"c79faed2-5ef1-4957-b2c1-c12107d2a3c2"} (STDOUT, API)#
#2026 07 26 14:34:10.058#Z#DEBUG#a94a10ac-88fe-11f1-b49e-eeee0a804d2e.ai_cap#flowable-async-job-executor-thread-409#
[PollStartAppStatusExecution] 7660856f-8cbb-42ff-826b-d11e3bb26138 [2026-07-26T14:34:02.545310] Cell 72102533-1a09-4fba-8cbe-2355a2f540bf creating container for instance b7189b1e-431d-493e-7b49-c499 (STDOUT, CELL)#
#2026 07 26 14:34:10.058#Z#DEBUG#a94a10ac-88fe-11f1-b49e-eeee0a804d2e.ai_cap#flowable-async-job-executor-thread-409#
[PollStartAppStatusExecution] 7660856f-8cbb-42ff-826b-d11e3bb26138 [2026-07-26T14:34:02.565916] Exit status 137 (STDOUT, PROXY)#
#2026 07 26 14:34:10.058#Z#DEBUG#a94a10ac-88fe-11f1-b49e-eeee0a804d2e.ai_cap#flowable-async-job-executor-thread-409#
[PollStartAppStatusExecution] 7660856f-8cbb-42ff-826b-d11e3bb26138 [2026-07-26T14:34:03.171839] Security group rules were updated (STDOUT, CELL)#
#2026 07 26 14:34:10.058#Z#DEBUG#a94a10ac-88fe-11f1-b49e-eeee0a804d2e.ai_cap#flowable-async-job-executor-thread-409#
[PollStartAppStatusExecution] 7660856f-8cbb-42ff-826b-d11e3bb26138 [2026-07-26T14:34:03.266680] Cell 72102533-1a09-4fba-8cbe-2355a2f540bf successfully created container for instance b7189b1e-431d-493e-7b49-c499 (STDOUT, CELL)#
#2026 07 26 14:34:10.058#Z#DEBUG#a94a10ac-88fe-11f1-b49e-eeee0a804d2e.ai_cap#flowable-async-job-executor-thread-409#
[PollStartAppStatusExecution] 7660856f-8cbb-42ff-826b-d11e3bb26138 [2026-07-26T14:34:03.546495] Downloading droplet... (STDOUT, CELL)#
#2026 07 26 14:34:10.058#Z#DEBUG#a94a10ac-88fe-11f1-b49e-eeee0a804d2e.ai_cap#flowable-async-job-executor-thread-409#
[PollStartAppStatusExecution] 7660856f-8cbb-42ff-826b-d11e3bb26138 [2026-07-26T14:34:03.957174] Cell c9806b75-55fc-4bcf-8311-e637c769ac1a successfully destroyed container for instance 79a2d1b1-14c7-4d52-72ea-8c1e (STDOUT, CELL)#
#2026 07 26 14:34:10.058#Z#DEBUG#a94a10ac-88fe-11f1-b49e-eeee0a804d2e.ai_cap#flowable-async-job-executor-thread-409#
[PollStartAppStatusExecution] 7660856f-8cbb-42ff-826b-d11e3bb26138 [2026-07-26T14:34:06.821646] Downloaded droplet (62.2M) (STDOUT, CELL)#
#2026 07 26 14:34:10.058#Z#DEBUG#a94a10ac-88fe-11f1-b49e-eeee0a804d2e.ai_cap#flowable-async-job-executor-thread-409#
[PollStartAppStatusExecution] 7660856f-8cbb-42ff-826b-d11e3bb26138 [2026-07-26T14:34:06.821818] Starting health monitoring of container (STDOUT, CELL)#
#2026 07 26 14:34:10.058#Z#DEBUG#a94a10ac-88fe-11f1-b49e-eeee0a804d2e.ai_cap#flowable-async-job-executor-thread-409#
[PollStartAppStatusExecution] 7660856f-8cbb-42ff-826b-d11e3bb26138 [2026-07-26T14:34:06.916051] Invoking pre-start scripts. (STDOUT, APP/PROC/WEB)#
#2026 07 26 14:34:10.058#Z#DEBUG#a94a10ac-88fe-11f1-b49e-eeee0a804d2e.ai_cap#flowable-async-job-executor-thread-409#
[PollStartAppStatusExecution] 7660856f-8cbb-42ff-826b-d11e3bb26138 [2026-07-26T14:34:07.096977] Invoking start command. (STDOUT, APP/PROC/WEB)#
#2026 07 26 14:34:10.058#Z#DEBUG#a94a10ac-88fe-11f1-b49e-eeee0a804d2e.ai_cap#flowable-async-job-executor-thread-409#
[PollStartAppStatusExecution] 7660856f-8cbb-42ff-826b-d11e3bb26138 [2026-07-26T14:34:07.426708] > start (STDOUT, APP/PROC/WEB)#
#2026 07 26 14:34:10.058#Z#DEBUG#a94a10ac-88fe-11f1-b49e-eeee0a804d2e.ai_cap#flowable-async-job-executor-thread-409#
[PollStartAppStatusExecution] 7660856f-8cbb-42ff-826b-d11e3bb26138 [2026-07-26T14:34:07.426739] > node node_modules/@sap/approuter/approuter.js (STDOUT, APP/PROC/WEB)#
#2026 07 26 14:34:10.058#Z#DEBUG#a94a10ac-88fe-11f1-b49e-eeee0a804d2e.ai_cap#flowable-async-job-executor-thread-409#
[PollStartAppStatusExecution] 7660856f-8cbb-42ff-826b-d11e3bb26138 [2026-07-26T14:34:07.571085] {"written_at":"2026-07-26T14:34:07.569Z","written_ts":1785076447569000000,"csn_component":"-","correlation_id":"-","type":"log","logger":"nodejs-logger","layer":"/LoggingLibrary","level":"warning","container_id":"10.0.201.32","component_type":"application","component_id":"7660856f-8cbb-42ff-826b-d11e3bb26138","component_name":"ai_cap","component_instance":-1,"source_instance":-1,"organization_id":"8a7111bd-c1db-49fb-9463-093b5098054f","organization_name":"ABeam Consulting Ltd._jt9-lfwzntz7c-y6","space_id":"88e5ad75-c77c-4164-b356-00f6d6d0ccdf","space_name":"dev","context_id":"","msg":"Dynamic log level switching not available"} (STDOUT, APP/PROC/WEB)#
#2026 07 26 14:34:10.058#Z#DEBUG#a94a10ac-88fe-11f1-b49e-eeee0a804d2e.ai_cap#flowable-async-job-executor-thread-409#
[PollStartAppStatusExecution] 7660856f-8cbb-42ff-826b-d11e3bb26138 [2026-07-26T14:34:07.973851] {"written_at":"2026-07-26T14:34:07.973Z","written_ts":1785076447973000000,"csn_component":"-","correlation_id":"ms1wfeg5","type":"log","logger":"nodejs-logger","layer":"/approuter","level":"info","container_id":"10.0.201.32","component_type":"application","component_id":"7660856f-8cbb-42ff-826b-d11e3bb26138","component_name":"ai_cap","component_instance":-1,"source_instance":-1,"organization_id":"8a7111bd-c1db-49fb-9463-093b5098054f","organization_name":"ABeam Consulting Ltd._jt9-lfwzntz7c-y6","space_id":"88e5ad75-c77c-4164-b356-00f6d6d0ccdf","space_name":"dev","context_id":"ms1wfeg5","msg":"Application router version 21.5.0"} (STDOUT, APP/PROC/WEB)#
#2026 07 26 14:34:10.058#Z#DEBUG#a94a10ac-88fe-11f1-b49e-eeee0a804d2e.ai_cap#flowable-async-job-executor-thread-409#
[PollStartAppStatusExecution] 7660856f-8cbb-42ff-826b-d11e3bb26138 [2026-07-26T14:34:07.976492] {"written_at":"2026-07-26T14:34:07.976Z","written_ts":1785076447976000000,"csn_component":"-","correlation_id":"ms1wfeg8","type":"log","logger":"nodejs-logger","layer":"/Configuration","level":"info","container_id":"10.0.201.32","component_type":"application","component_id":"7660856f-8cbb-42ff-826b-d11e3bb26138","component_name":"ai_cap","component_instance":-1,"source_instance":-1,"organization_id":"8a7111bd-c1db-49fb-9463-093b5098054f","organization_name":"ABeam Consulting Ltd._jt9-lfwzntz7c-y6","space_id":"88e5ad75-c77c-4164-b356-00f6d6d0ccdf","space_name":"dev","context_id":"ms1wfeg8","msg":"No COOKIES environment variable"} (STDOUT, APP/PROC/WEB)#
#2026 07 26 14:34:10.058#Z#DEBUG#a94a10ac-88fe-11f1-b49e-eeee0a804d2e.ai_cap#flowable-async-job-executor-thread-409#
[PollStartAppStatusExecution] 7660856f-8cbb-42ff-826b-d11e3bb26138 [2026-07-26T14:34:07.981531] /home/vcap/deps/0/node_modules/@sap/approuter/lib/utils/JsonValidator.js:30 (STDERR, APP/PROC/WEB)#
#2026 07 26 14:34:10.058#Z#DEBUG#a94a10ac-88fe-11f1-b49e-eeee0a804d2e.ai_cap#flowable-async-job-executor-thread-409#
[PollStartAppStatusExecution] 7660856f-8cbb-42ff-826b-d11e3bb26138 [2026-07-26T14:34:07.981555] throw new VError('%s%s: %s', (STDERR, APP/PROC/WEB)#
#2026 07 26 14:34:10.058#Z#DEBUG#a94a10ac-88fe-11f1-b49e-eeee0a804d2e.ai_cap#flowable-async-job-executor-thread-409#
[PollStartAppStatusExecution] 7660856f-8cbb-42ff-826b-d11e3bb26138 [2026-07-26T14:34:07.981565] ^ (STDERR, APP/PROC/WEB)#
#2026 07 26 14:34:10.058#Z#DEBUG#a94a10ac-88fe-11f1-b49e-eeee0a804d2e.ai_cap#flowable-async-job-executor-thread-409#
[PollStartAppStatusExecution] 7660856f-8cbb-42ff-826b-d11e3bb26138 [2026-07-26T14:34:07.981867] VError: xs-app.json/routes/0/~1~1: Additional properties not allowed (STDERR, APP/PROC/WEB)#
#2026 07 26 14:34:10.058#Z#DEBUG#a94a10ac-88fe-11f1-b49e-eeee0a804d2e.ai_cap#flowable-async-job-executor-thread-409#
[PollStartAppStatusExecution] 7660856f-8cbb-42ff-826b-d11e3bb26138 [2026-07-26T14:34:07.981882] at JsonValidator.validate (/home/vcap/deps/0/node_modules/@sap/approuter/lib/utils/JsonValidator.js:30:11) (STDERR, APP/PROC/WEB)#
#2026 07 26 14:34:10.058#Z#DEBUG#a94a10ac-88fe-11f1-b49e-eeee0a804d2e.ai_cap#flowable-async-job-executor-thread-409#
[PollStartAppStatusExecution] 7660856f-8cbb-42ff-826b-d11e3bb26138 [2026-07-26T14:34:07.981885] at Object.validateXsApp (/home/vcap/deps/0/node_modules/@sap/approuter/lib/configuration/validators.js:168:15) (STDERR, APP/PROC/WEB)#
#2026 07 26 14:34:10.058#Z#DEBUG#a94a10ac-88fe-11f1-b49e-eeee0a804d2e.ai_cap#flowable-async-job-executor-thread-409#
[PollStartAppStatusExecution] 7660856f-8cbb-42ff-826b-d11e3bb26138 [2026-07-26T14:34:07.981890] at exports.loadConfiguration (/home/vcap/deps/0/node_modules/@sap/approuter/lib/configuration/app-config.js:21:14) (STDERR, APP/PROC/WEB)#
#2026 07 26 14:34:10.058#Z#DEBUG#a94a10ac-88fe-11f1-b49e-eeee0a804d2e.ai_cap#flowable-async-job-executor-thread-409#
[PollStartAppStatusExecution] 7660856f-8cbb-42ff-826b-d11e3bb26138 [2026-07-26T14:34:07.981894] at module.exports.load (/home/vcap/deps/0/node_modules/@sap/approuter/lib/configuration.js:24:34) (STDERR, APP/PROC/WEB)#
#2026 07 26 14:34:10.058#Z#DEBUG#a94a10ac-88fe-11f1-b49e-eeee0a804d2e.ai_cap#flowable-async-job-executor-thread-409#
[PollStartAppStatusExecution] 7660856f-8cbb-42ff-826b-d11e3bb26138 [2026-07-26T14:34:07.981901] at bootstrap (/home/vcap/deps/0/node_modules/@sap/approuter/lib/bootstrap.js:68:38) (STDERR, APP/PROC/WEB)#
#2026 07 26 14:34:10.058#Z#DEBUG#a94a10ac-88fe-11f1-b49e-eeee0a804d2e.ai_cap#flowable-async-job-executor-thread-409#
[PollStartAppStatusExecution] 7660856f-8cbb-42ff-826b-d11e3bb26138 [2026-07-26T14:34:07.981903] at Approuter.start (/home/vcap/deps/0/node_modules/@sap/approuter/approuter.js:71:13) (STDERR, APP/PROC/WEB)#
#2026 07 26 14:34:10.058#Z#DEBUG#a94a10ac-88fe-11f1-b49e-eeee0a804d2e.ai_cap#flowable-async-job-executor-thread-409#
[PollStartAppStatusExecution] 7660856f-8cbb-42ff-826b-d11e3bb26138 [2026-07-26T14:34:07.981905] at Object.<anonymous> (/home/vcap/deps/0/node_modules/@sap/approuter/approuter.js:178:6) (STDERR, APP/PROC/WEB)#
#2026 07 26 14:34:10.058#Z#DEBUG#a94a10ac-88fe-11f1-b49e-eeee0a804d2e.ai_cap#flowable-async-job-executor-thread-409#
[PollStartAppStatusExecution] 7660856f-8cbb-42ff-826b-d11e3bb26138 [2026-07-26T14:34:07.981908] at Module._compile (node:internal/modules/cjs/loader:1705:14) (STDERR, APP/PROC/WEB)#
#2026 07 26 14:34:10.058#Z#DEBUG#a94a10ac-88fe-11f1-b49e-eeee0a804d2e.ai_cap#flowable-async-job-executor-thread-409#
[PollStartAppStatusExecution] 7660856f-8cbb-42ff-826b-d11e3bb26138 [2026-07-26T14:34:07.981913] at Object..js (node:internal/modules/cjs/loader:1838:10) (STDERR, APP/PROC/WEB)#
#2026 07 26 14:34:10.058#Z#DEBUG#a94a10ac-88fe-11f1-b49e-eeee0a804d2e.ai_cap#flowable-async-job-executor-thread-409#
[PollStartAppStatusExecution] 7660856f-8cbb-42ff-826b-d11e3bb26138 [2026-07-26T14:34:07.981914] at Module.load (node:internal/modules/cjs/loader:1441:32) { (STDERR, APP/PROC/WEB)#
#2026 07 26 14:34:10.058#Z#DEBUG#a94a10ac-88fe-11f1-b49e-eeee0a804d2e.ai_cap#flowable-async-job-executor-thread-409#
[PollStartAppStatusExecution] 7660856f-8cbb-42ff-826b-d11e3bb26138 [2026-07-26T14:34:07.981916] jse_shortmsg: 'xs-app.json/routes/0/~1~1: Additional properties not allowed', (STDERR, APP/PROC/WEB)#
#2026 07 26 14:34:10.058#Z#DEBUG#a94a10ac-88fe-11f1-b49e-eeee0a804d2e.ai_cap#flowable-async-job-executor-thread-409#
[PollStartAppStatusExecution] 7660856f-8cbb-42ff-826b-d11e3bb26138 [2026-07-26T14:34:07.981918] jse_info: {} (STDERR, APP/PROC/WEB)#
#2026 07 26 14:34:10.058#Z#DEBUG#a94a10ac-88fe-11f1-b49e-eeee0a804d2e.ai_cap#flowable-async-job-executor-thread-409#
[PollStartAppStatusExecution] 7660856f-8cbb-42ff-826b-d11e3bb26138 [2026-07-26T14:34:07.981920] } (STDERR, APP/PROC/WEB)#
#2026 07 26 14:34:10.058#Z#DEBUG#a94a10ac-88fe-11f1-b49e-eeee0a804d2e.ai_cap#flowable-async-job-executor-thread-409#
[PollStartAppStatusExecution] 7660856f-8cbb-42ff-826b-d11e3bb26138 [2026-07-26T14:34:07.981924] Node.js v22.22.2 (STDERR, APP/PROC/WEB)#
#2026 07 26 14:34:10.058#Z#DEBUG#a94a10ac-88fe-11f1-b49e-eeee0a804d2e.ai_cap#flowable-async-job-executor-thread-409#
[PollStartAppStatusExecution] 7660856f-8cbb-42ff-826b-d11e3bb26138 [2026-07-26T14:34:07.993117] npm notice (STDERR, APP/PROC/WEB)#
#2026 07 26 14:34:10.058#Z#DEBUG#a94a10ac-88fe-11f1-b49e-eeee0a804d2e.ai_cap#flowable-async-job-executor-thread-409#
[PollStartAppStatusExecution] 7660856f-8cbb-42ff-826b-d11e3bb26138 [2026-07-26T14:34:07.993146] npm notice New major version of npm available! 10.9.7 -> 12.0.1 (STDERR, APP/PROC/WEB)#
#2026 07 26 14:34:10.058#Z#DEBUG#a94a10ac-88fe-11f1-b49e-eeee0a804d2e.ai_cap#flowable-async-job-executor-thread-409#
[PollStartAppStatusExecution] 7660856f-8cbb-42ff-826b-d11e3bb26138 [2026-07-26T14:34:07.993149] npm notice Changelog: https://github.com/npm/cli/releases/tag/v12.0.1 (STDERR, APP/PROC/WEB)#
#2026 07 26 14:34:10.058#Z#DEBUG#a94a10ac-88fe-11f1-b49e-eeee0a804d2e.ai_cap#flowable-async-job-executor-thread-409#
[PollStartAppStatusExecution] 7660856f-8cbb-42ff-826b-d11e3bb26138 [2026-07-26T14:34:07.993155] npm notice To update run: npm install -g npm@12.0.1 (STDERR, APP/PROC/WEB)#
#2026 07 26 14:34:10.058#Z#DEBUG#a94a10ac-88fe-11f1-b49e-eeee0a804d2e.ai_cap#flowable-async-job-executor-thread-409#
[PollStartAppStatusExecution] 7660856f-8cbb-42ff-826b-d11e3bb26138 [2026-07-26T14:34:07.993157] npm notice (STDERR, APP/PROC/WEB)#
#2026 07 26 14:34:10.058#Z#DEBUG#a94a10ac-88fe-11f1-b49e-eeee0a804d2e.ai_cap#flowable-async-job-executor-thread-409#
[PollStartAppStatusExecution] 7660856f-8cbb-42ff-826b-d11e3bb26138 [2026-07-26T14:34:08.052842] Exit status 1 (STDOUT, APP/PROC/WEB)#
#2026 07 26 14:34:20.049#Z#DEBUG#a94a10ac-88fe-11f1-b49e-eeee0a804d2e.ai_cap#flowable-async-job-executor-thread-5250#
[PollStartAppStatusExecution] 7660856f-8cbb-42ff-826b-d11e3bb26138 [2026-07-26T14:34:14.419636] Cell 72102533-1a09-4fba-8cbe-2355a2f540bf stopping instance b7189b1e-431d-493e-7b49-c499 (STDOUT, CELL)#
#2026 07 26 14:34:20.049#Z#DEBUG#a94a10ac-88fe-11f1-b49e-eeee0a804d2e.ai_cap#flowable-async-job-executor-thread-5250#
[PollStartAppStatusExecution] 7660856f-8cbb-42ff-826b-d11e3bb26138 [2026-07-26T14:34:14.419671] Cell 72102533-1a09-4fba-8cbe-2355a2f540bf destroying container for instance b7189b1e-431d-493e-7b49-c499 (STDOUT, CELL)#
#2026 07 26 14:34:20.049#Z#DEBUG#a94a10ac-88fe-11f1-b49e-eeee0a804d2e.ai_cap#flowable-async-job-executor-thread-5250#
[PollStartAppStatusExecution] 7660856f-8cbb-42ff-826b-d11e3bb26138 [2026-07-26T14:34:14.423618] Process has crashed with type: "web" (STDOUT, API)#
#2026 07 26 14:34:20.049#Z#DEBUG#a94a10ac-88fe-11f1-b49e-eeee0a804d2e.ai_cap#flowable-async-job-executor-thread-5250#
[PollStartAppStatusExecution] 7660856f-8cbb-42ff-826b-d11e3bb26138 [2026-07-26T14:34:14.438382] App instance exited with guid 7660856f-8cbb-42ff-826b-d11e3bb26138 payload: {"instance"=>"b7189b1e-431d-493e-7b49-c499", "index"=>0, "cell_id"=>"72102533-1a09-4fba-8cbe-2355a2f540bf", "reason"=>"CRASHED", "exit_description"=>"APP/PROC/WEB: Exited with status 1", "crash_count"=>2, "crash_timestamp"=>1785076454402157681, "version"=>"c79faed2-5ef1-4957-b2c1-c12107d2a3c2"} (STDOUT, API)#
#2026 07 26 14:34:20.049#Z#DEBUG#a94a10ac-88fe-11f1-b49e-eeee0a804d2e.ai_cap#flowable-async-job-executor-thread-5250#
[PollStartAppStatusExecution] 7660856f-8cbb-42ff-826b-d11e3bb26138 [2026-07-26T14:34:14.485797] Cell f62540aa-0d99-4dbf-8a1c-0b2d04a34241 creating container for instance c4a37ab2-eaa9-4b0e-719c-d050 (STDOUT, CELL)#
#2026 07 26 14:34:20.049#Z#DEBUG#a94a10ac-88fe-11f1-b49e-eeee0a804d2e.ai_cap#flowable-async-job-executor-thread-5250#
[PollStartAppStatusExecution] 7660856f-8cbb-42ff-826b-d11e3bb26138 [2026-07-26T14:34:14.541555] Exit status 137 (STDOUT, PROXY)#
#2026 07 26 14:34:20.049#Z#DEBUG#a94a10ac-88fe-11f1-b49e-eeee0a804d2e.ai_cap#flowable-async-job-executor-thread-5250#
[PollStartAppStatusExecution] 7660856f-8cbb-42ff-826b-d11e3bb26138 [2026-07-26T14:34:14.833561] Security group rules were updated (STDOUT, CELL)#
#2026 07 26 14:34:20.049#Z#DEBUG#a94a10ac-88fe-11f1-b49e-eeee0a804d2e.ai_cap#flowable-async-job-executor-thread-5250#
[PollStartAppStatusExecution] 7660856f-8cbb-42ff-826b-d11e3bb26138 [2026-07-26T14:34:14.899385] Cell f62540aa-0d99-4dbf-8a1c-0b2d04a34241 successfully created container for instance c4a37ab2-eaa9-4b0e-719c-d050 (STDOUT, CELL)#
#2026 07 26 14:34:20.049#Z#DEBUG#a94a10ac-88fe-11f1-b49e-eeee0a804d2e.ai_cap#flowable-async-job-executor-thread-5250#
[PollStartAppStatusExecution] 7660856f-8cbb-42ff-826b-d11e3bb26138 [2026-07-26T14:34:15.270731] Downloading droplet... (STDOUT, CELL)#
#2026 07 26 14:34:20.049#Z#DEBUG#a94a10ac-88fe-11f1-b49e-eeee0a804d2e.ai_cap#flowable-async-job-executor-thread-5250#
[PollStartAppStatusExecution] 7660856f-8cbb-42ff-826b-d11e3bb26138 [2026-07-26T14:34:16.227309] Cell 72102533-1a09-4fba-8cbe-2355a2f540bf successfully destroyed container for instance b7189b1e-431d-493e-7b49-c499 (STDOUT, CELL)#
#2026 07 26 14:34:20.049#Z#DEBUG#a94a10ac-88fe-11f1-b49e-eeee0a804d2e.ai_cap#flowable-async-job-executor-thread-5250#
[PollStartAppStatusExecution] 7660856f-8cbb-42ff-826b-d11e3bb26138 [2026-07-26T14:34:18.384623] Downloaded droplet (62.2M) (STDOUT, CELL)#
#2026 07 26 14:34:20.049#Z#DEBUG#a94a10ac-88fe-11f1-b49e-eeee0a804d2e.ai_cap#flowable-async-job-executor-thread-5250#
[PollStartAppStatusExecution] 7660856f-8cbb-42ff-826b-d11e3bb26138 [2026-07-26T14:34:18.384774] Starting health monitoring of container (STDOUT, CELL)#
#2026 07 26 14:34:20.049#Z#DEBUG#a94a10ac-88fe-11f1-b49e-eeee0a804d2e.ai_cap#flowable-async-job-executor-thread-5250#
[PollStartAppStatusExecution] 7660856f-8cbb-42ff-826b-d11e3bb26138 [2026-07-26T14:34:18.443072] Invoking pre-start scripts. (STDOUT, APP/PROC/WEB)#
#2026 07 26 14:34:20.049#Z#DEBUG#a94a10ac-88fe-11f1-b49e-eeee0a804d2e.ai_cap#flowable-async-job-executor-thread-5250#
[PollStartAppStatusExecution] 7660856f-8cbb-42ff-826b-d11e3bb26138 [2026-07-26T14:34:18.588301] Invoking start command. (STDOUT, APP/PROC/WEB)#
#2026 07 26 14:34:20.049#Z#DEBUG#a94a10ac-88fe-11f1-b49e-eeee0a804d2e.ai_cap#flowable-async-job-executor-thread-5250#
[PollStartAppStatusExecution] 7660856f-8cbb-42ff-826b-d11e3bb26138 [2026-07-26T14:34:18.873922] > start (STDOUT, APP/PROC/WEB)#
#2026 07 26 14:34:20.049#Z#DEBUG#a94a10ac-88fe-11f1-b49e-eeee0a804d2e.ai_cap#flowable-async-job-executor-thread-5250#
[PollStartAppStatusExecution] 7660856f-8cbb-42ff-826b-d11e3bb26138 [2026-07-26T14:34:18.873945] > node node_modules/@sap/approuter/approuter.js (STDOUT, APP/PROC/WEB)#
#2026 07 26 14:34:20.049#Z#DEBUG#a94a10ac-88fe-11f1-b49e-eeee0a804d2e.ai_cap#flowable-async-job-executor-thread-5250#
[PollStartAppStatusExecution] 7660856f-8cbb-42ff-826b-d11e3bb26138 [2026-07-26T14:34:19.006652] {"written_at":"2026-07-26T14:34:19.005Z","written_ts":1785076459005000000,"csn_component":"-","correlation_id":"-","type":"log","logger":"nodejs-logger","layer":"/LoggingLibrary","level":"warning","container_id":"10.0.73.20","component_type":"application","component_id":"7660856f-8cbb-42ff-826b-d11e3bb26138","component_name":"ai_cap","component_instance":-1,"source_instance":-1,"organization_id":"8a7111bd-c1db-49fb-9463-093b5098054f","organization_name":"ABeam Consulting Ltd._jt9-lfwzntz7c-y6","space_id":"88e5ad75-c77c-4164-b356-00f6d6d0ccdf","space_name":"dev","context_id":"","msg":"Dynamic log level switching not available"} (STDOUT, APP/PROC/WEB)#
#2026 07 26 14:34:20.049#Z#DEBUG#a94a10ac-88fe-11f1-b49e-eeee0a804d2e.ai_cap#flowable-async-job-executor-thread-5250#
[PollStartAppStatusExecution] 7660856f-8cbb-42ff-826b-d11e3bb26138 [2026-07-26T14:34:19.373501] {"written_at":"2026-07-26T14:34:19.372Z","written_ts":1785076459372000000,"csn_component":"-","correlation_id":"ms1wfn8t","type":"log","logger":"nodejs-logger","layer":"/approuter","level":"info","container_id":"10.0.73.20","component_type":"application","component_id":"7660856f-8cbb-42ff-826b-d11e3bb26138","component_name":"ai_cap","component_instance":-1,"source_instance":-1,"organization_id":"8a7111bd-c1db-49fb-9463-093b5098054f","organization_name":"ABeam Consulting Ltd._jt9-lfwzntz7c-y6","space_id":"88e5ad75-c77c-4164-b356-00f6d6d0ccdf","space_name":"dev","context_id":"ms1wfn8t","msg":"Application router version 21.5.0"} (STDOUT, APP/PROC/WEB)#
#2026 07 26 14:34:20.049#Z#DEBUG#a94a10ac-88fe-11f1-b49e-eeee0a804d2e.ai_cap#flowable-async-job-executor-thread-5250#
[PollStartAppStatusExecution] 7660856f-8cbb-42ff-826b-d11e3bb26138 [2026-07-26T14:34:19.375861] {"written_at":"2026-07-26T14:34:19.375Z","written_ts":1785076459375000000,"csn_component":"-","correlation_id":"ms1wfn8v","type":"log","logger":"nodejs-logger","layer":"/Configuration","level":"info","container_id":"10.0.73.20","component_type":"application","component_id":"7660856f-8cbb-42ff-826b-d11e3bb26138","component_name":"ai_cap","component_instance":-1,"source_instance":-1,"organization_id":"8a7111bd-c1db-49fb-9463-093b5098054f","organization_name":"ABeam Consulting Ltd._jt9-lfwzntz7c-y6","space_id":"88e5ad75-c77c-4164-b356-00f6d6d0ccdf","space_name":"dev","context_id":"ms1wfn8v","msg":"No COOKIES environment variable"} (STDOUT, APP/PROC/WEB)#
#2026 07 26 14:34:20.049#Z#DEBUG#a94a10ac-88fe-11f1-b49e-eeee0a804d2e.ai_cap#flowable-async-job-executor-thread-5250#
[PollStartAppStatusExecution] 7660856f-8cbb-42ff-826b-d11e3bb26138 [2026-07-26T14:34:19.380472] /home/vcap/deps/0/node_modules/@sap/approuter/lib/utils/JsonValidator.js:30 (STDERR, APP/PROC/WEB)#
#2026 07 26 14:34:20.049#Z#DEBUG#a94a10ac-88fe-11f1-b49e-eeee0a804d2e.ai_cap#flowable-async-job-executor-thread-5250#
[PollStartAppStatusExecution] 7660856f-8cbb-42ff-826b-d11e3bb26138 [2026-07-26T14:34:19.380494] throw new VError('%s%s: %s', (STDERR, APP/PROC/WEB)#
#2026 07 26 14:34:20.049#Z#DEBUG#a94a10ac-88fe-11f1-b49e-eeee0a804d2e.ai_cap#flowable-async-job-executor-thread-5250#
[PollStartAppStatusExecution] 7660856f-8cbb-42ff-826b-d11e3bb26138 [2026-07-26T14:34:19.380501] ^ (STDERR, APP/PROC/WEB)#
#2026 07 26 14:34:20.049#Z#DEBUG#a94a10ac-88fe-11f1-b49e-eeee0a804d2e.ai_cap#flowable-async-job-executor-thread-5250#
[PollStartAppStatusExecution] 7660856f-8cbb-42ff-826b-d11e3bb26138 [2026-07-26T14:34:19.380848] VError: xs-app.json/routes/0/~1~1: Additional properties not allowed (STDERR, APP/PROC/WEB)#
#2026 07 26 14:34:20.049#Z#DEBUG#a94a10ac-88fe-11f1-b49e-eeee0a804d2e.ai_cap#flowable-async-job-executor-thread-5250#
[PollStartAppStatusExecution] 7660856f-8cbb-42ff-826b-d11e3bb26138 [2026-07-26T14:34:19.380866] at JsonValidator.validate (/home/vcap/deps/0/node_modules/@sap/approuter/lib/utils/JsonValidator.js:30:11) (STDERR, APP/PROC/WEB)#
#2026 07 26 14:34:20.049#Z#DEBUG#a94a10ac-88fe-11f1-b49e-eeee0a804d2e.ai_cap#flowable-async-job-executor-thread-5250#
[PollStartAppStatusExecution] 7660856f-8cbb-42ff-826b-d11e3bb26138 [2026-07-26T14:34:19.380873] at Object.validateXsApp (/home/vcap/deps/0/node_modules/@sap/approuter/lib/configuration/validators.js:168:15) (STDERR, APP/PROC/WEB)#
#2026 07 26 14:34:20.049#Z#DEBUG#a94a10ac-88fe-11f1-b49e-eeee0a804d2e.ai_cap#flowable-async-job-executor-thread-5250#
[PollStartAppStatusExecution] 7660856f-8cbb-42ff-826b-d11e3bb26138 [2026-07-26T14:34:19.380877] at exports.loadConfiguration (/home/vcap/deps/0/node_modules/@sap/approuter/lib/configuration/app-config.js:21:14) (STDERR, APP/PROC/WEB)#
#2026 07 26 14:34:20.049#Z#DEBUG#a94a10ac-88fe-11f1-b49e-eeee0a804d2e.ai_cap#flowable-async-job-executor-thread-5250#
[PollStartAppStatusExecution] 7660856f-8cbb-42ff-826b-d11e3bb26138 [2026-07-26T14:34:19.380881] at module.exports.load (/home/vcap/deps/0/node_modules/@sap/approuter/lib/configuration.js:24:34) (STDERR, APP/PROC/WEB)#
#2026 07 26 14:34:20.049#Z#DEBUG#a94a10ac-88fe-11f1-b49e-eeee0a804d2e.ai_cap#flowable-async-job-executor-thread-5250#
[PollStartAppStatusExecution] 7660856f-8cbb-42ff-826b-d11e3bb26138 [2026-07-26T14:34:19.380886] at bootstrap (/home/vcap/deps/0/node_modules/@sap/approuter/lib/bootstrap.js:68:38) (STDERR, APP/PROC/WEB)#
#2026 07 26 14:34:20.049#Z#DEBUG#a94a10ac-88fe-11f1-b49e-eeee0a804d2e.ai_cap#flowable-async-job-executor-thread-5250#
[PollStartAppStatusExecution] 7660856f-8cbb-42ff-826b-d11e3bb26138 [2026-07-26T14:34:19.380891] at Approuter.start (/home/vcap/deps/0/node_modules/@sap/approuter/approuter.js:71:13) (STDERR, APP/PROC/WEB)#
#2026 07 26 14:34:20.049#Z#DEBUG#a94a10ac-88fe-11f1-b49e-eeee0a804d2e.ai_cap#flowable-async-job-executor-thread-5250#
[PollStartAppStatusExecution] 7660856f-8cbb-42ff-826b-d11e3bb26138 [2026-07-26T14:34:19.380899] at Object.<anonymous> (/home/vcap/deps/0/node_modules/@sap/approuter/approuter.js:178:6) (STDERR, APP/PROC/WEB)#
#2026 07 26 14:34:20.049#Z#DEBUG#a94a10ac-88fe-11f1-b49e-eeee0a804d2e.ai_cap#flowable-async-job-executor-thread-5250#
[PollStartAppStatusExecution] 7660856f-8cbb-42ff-826b-d11e3bb26138 [2026-07-26T14:34:19.380903] at Module._compile (node:internal/modules/cjs/loader:1705:14) (STDERR, APP/PROC/WEB)#
#2026 07 26 14:34:20.049#Z#DEBUG#a94a10ac-88fe-11f1-b49e-eeee0a804d2e.ai_cap#flowable-async-job-executor-thread-5250#
[PollStartAppStatusExecution] 7660856f-8cbb-42ff-826b-d11e3bb26138 [2026-07-26T14:34:19.380910] at Object..js (node:internal/modules/cjs/loader:1838:10) (STDERR, APP/PROC/WEB)#
#2026 07 26 14:34:20.049#Z#DEBUG#a94a10ac-88fe-11f1-b49e-eeee0a804d2e.ai_cap#flowable-async-job-executor-thread-5250#
[PollStartAppStatusExecution] 7660856f-8cbb-42ff-826b-d11e3bb26138 [2026-07-26T14:34:19.380914] at Module.load (node:internal/modules/cjs/loader:1441:32) { (STDERR, APP/PROC/WEB)#
#2026 07 26 14:34:20.049#Z#DEBUG#a94a10ac-88fe-11f1-b49e-eeee0a804d2e.ai_cap#flowable-async-job-executor-thread-5250#
[PollStartAppStatusExecution] 7660856f-8cbb-42ff-826b-d11e3bb26138 [2026-07-26T14:34:19.380918] jse_shortmsg: 'xs-app.json/routes/0/~1~1: Additional properties not allowed', (STDERR, APP/PROC/WEB)#
#2026 07 26 14:34:20.049#Z#DEBUG#a94a10ac-88fe-11f1-b49e-eeee0a804d2e.ai_cap#flowable-async-job-executor-thread-5250#
[PollStartAppStatusExecution] 7660856f-8cbb-42ff-826b-d11e3bb26138 [2026-07-26T14:34:19.380923] jse_info: {} (STDERR, APP/PROC/WEB)#
#2026 07 26 14:34:20.049#Z#DEBUG#a94a10ac-88fe-11f1-b49e-eeee0a804d2e.ai_cap#flowable-async-job-executor-thread-5250#
[PollStartAppStatusExecution] 7660856f-8cbb-42ff-826b-d11e3bb26138 [2026-07-26T14:34:19.380927] } (STDERR, APP/PROC/WEB)#
#2026 07 26 14:34:20.049#Z#DEBUG#a94a10ac-88fe-11f1-b49e-eeee0a804d2e.ai_cap#flowable-async-job-executor-thread-5250#
[PollStartAppStatusExecution] 7660856f-8cbb-42ff-826b-d11e3bb26138 [2026-07-26T14:34:19.380932] Node.js v22.22.2 (STDERR, APP/PROC/WEB)#
#2026 07 26 14:34:20.049#Z#DEBUG#a94a10ac-88fe-11f1-b49e-eeee0a804d2e.ai_cap#flowable-async-job-executor-thread-5250#
[PollStartAppStatusExecution] 7660856f-8cbb-42ff-826b-d11e3bb26138 [2026-07-26T14:34:19.391079] npm notice (STDERR, APP/PROC/WEB)#
#2026 07 26 14:34:20.049#Z#DEBUG#a94a10ac-88fe-11f1-b49e-eeee0a804d2e.ai_cap#flowable-async-job-executor-thread-5250#
[PollStartAppStatusExecution] 7660856f-8cbb-42ff-826b-d11e3bb26138 [2026-07-26T14:34:19.391096] npm notice New major version of npm available! 10.9.7 -> 12.0.1 (STDERR, APP/PROC/WEB)#
#2026 07 26 14:34:20.049#Z#DEBUG#a94a10ac-88fe-11f1-b49e-eeee0a804d2e.ai_cap#flowable-async-job-executor-thread-5250#
[PollStartAppStatusExecution] 7660856f-8cbb-42ff-826b-d11e3bb26138 [2026-07-26T14:34:19.391100] npm notice Changelog: https://github.com/npm/cli/releases/tag/v12.0.1 (STDERR, APP/PROC/WEB)#
#2026 07 26 14:34:20.049#Z#DEBUG#a94a10ac-88fe-11f1-b49e-eeee0a804d2e.ai_cap#flowable-async-job-executor-thread-5250#
[PollStartAppStatusExecution] 7660856f-8cbb-42ff-826b-d11e3bb26138 [2026-07-26T14:34:19.391103] npm notice To update run: npm install -g npm@12.0.1 (STDERR, APP/PROC/WEB)#
#2026 07 26 14:34:20.049#Z#DEBUG#a94a10ac-88fe-11f1-b49e-eeee0a804d2e.ai_cap#flowable-async-job-executor-thread-5250#
[PollStartAppStatusExecution] 7660856f-8cbb-42ff-826b-d11e3bb26138 [2026-07-26T14:34:19.391106] npm notice (STDERR, APP/PROC/WEB)#
#2026 07 26 14:34:20.049#Z#DEBUG#a94a10ac-88fe-11f1-b49e-eeee0a804d2e.ai_cap#flowable-async-job-executor-thread-5250#
[PollStartAppStatusExecution] 7660856f-8cbb-42ff-826b-d11e3bb26138 [2026-07-26T14:34:19.441759] Exit status 1 (STDOUT, APP/PROC/WEB)#
#2026 07 26 14:34:30.034#Z#DEBUG#a94a10ac-88fe-11f1-b49e-eeee0a804d2e.ai_cap#flowable-async-job-executor-thread-5252#
[PollStartAppStatusExecution] 7660856f-8cbb-42ff-826b-d11e3bb26138 [2026-07-26T14:34:25.447089] Cell f62540aa-0d99-4dbf-8a1c-0b2d04a34241 stopping instance c4a37ab2-eaa9-4b0e-719c-d050 (STDOUT, CELL)#
#2026 07 26 14:34:30.034#Z#DEBUG#a94a10ac-88fe-11f1-b49e-eeee0a804d2e.ai_cap#flowable-async-job-executor-thread-5252#
[PollStartAppStatusExecution] 7660856f-8cbb-42ff-826b-d11e3bb26138 [2026-07-26T14:34:25.447179] Cell f62540aa-0d99-4dbf-8a1c-0b2d04a34241 destroying container for instance c4a37ab2-eaa9-4b0e-719c-d050 (STDOUT, CELL)#
#2026 07 26 14:34:30.034#Z#DEBUG#a94a10ac-88fe-11f1-b49e-eeee0a804d2e.ai_cap#flowable-async-job-executor-thread-5252#
[PollStartAppStatusExecution] 7660856f-8cbb-42ff-826b-d11e3bb26138 [2026-07-26T14:34:25.466802] Process has crashed with type: "web" (STDOUT, API)#
#2026 07 26 14:34:30.034#Z#DEBUG#a94a10ac-88fe-11f1-b49e-eeee0a804d2e.ai_cap#flowable-async-job-executor-thread-5252#
[PollStartAppStatusExecution] 7660856f-8cbb-42ff-826b-d11e3bb26138 [2026-07-26T14:34:25.481690] App instance exited with guid 7660856f-8cbb-42ff-826b-d11e3bb26138 payload: {"instance"=>"c4a37ab2-eaa9-4b0e-719c-d050", "index"=>0, "cell_id"=>"f62540aa-0d99-4dbf-8a1c-0b2d04a34241", "reason"=>"CRASHED", "exit_description"=>"APP/PROC/WEB: Exited with status 1", "crash_count"=>3, "crash_timestamp"=>1785076465437301184, "version"=>"c79faed2-5ef1-4957-b2c1-c12107d2a3c2"} (STDOUT, API)#
#2026 07 26 14:34:30.034#Z#DEBUG#a94a10ac-88fe-11f1-b49e-eeee0a804d2e.ai_cap#flowable-async-job-executor-thread-5252#
[PollStartAppStatusExecution] 7660856f-8cbb-42ff-826b-d11e3bb26138 [2026-07-26T14:34:25.528780] Exit status 137 (STDOUT, PROXY)#
#2026 07 26 14:34:30.034#Z#DEBUG#a94a10ac-88fe-11f1-b49e-eeee0a804d2e.ai_cap#flowable-async-job-executor-thread-5252#
[PollStartAppStatusExecution] 7660856f-8cbb-42ff-826b-d11e3bb26138 [2026-07-26T14:34:26.811001] Cell f62540aa-0d99-4dbf-8a1c-0b2d04a34241 successfully destroyed container for instance c4a37ab2-eaa9-4b0e-719c-d050 (STDOUT, CELL)#
#2026 07 26 14:34:40.160#Z#DEBUG#a94a10ac-88fe-11f1-b49e-eeee0a804d2e.ai_cap#flowable-async-job-executor-thread-5254#
[PollStartAppStatusExecution] 7660856f-8cbb-42ff-826b-d11e3bb26138 [2026-07-26T14:34:25.447089] Cell f62540aa-0d99-4dbf-8a1c-0b2d04a34241 stopping instance c4a37ab2-eaa9-4b0e-719c-d050 (STDOUT, CELL)#
#2026 07 26 14:34:40.160#Z#DEBUG#a94a10ac-88fe-11f1-b49e-eeee0a804d2e.ai_cap#flowable-async-job-executor-thread-5254#
[PollStartAppStatusExecution] 7660856f-8cbb-42ff-826b-d11e3bb26138 [2026-07-26T14:34:25.447179] Cell f62540aa-0d99-4dbf-8a1c-0b2d04a34241 destroying container for instance c4a37ab2-eaa9-4b0e-719c-d050 (STDOUT, CELL)#
#2026 07 26 14:34:40.160#Z#DEBUG#a94a10ac-88fe-11f1-b49e-eeee0a804d2e.ai_cap#flowable-async-job-executor-thread-5254#
[PollStartAppStatusExecution] 7660856f-8cbb-42ff-826b-d11e3bb26138 [2026-07-26T14:34:25.466802] Process has crashed with type: "web" (STDOUT, API)#
#2026 07 26 14:34:40.160#Z#DEBUG#a94a10ac-88fe-11f1-b49e-eeee0a804d2e.ai_cap#flowable-async-job-executor-thread-5254#
[PollStartAppStatusExecution] 7660856f-8cbb-42ff-826b-d11e3bb26138 [2026-07-26T14:34:25.481690] App instance exited with guid 7660856f-8cbb-42ff-826b-d11e3bb26138 payload: {"instance"=>"c4a37ab2-eaa9-4b0e-719c-d050", "index"=>0, "cell_id"=>"f62540aa-0d99-4dbf-8a1c-0b2d04a34241", "reason"=>"CRASHED", "exit_description"=>"APP/PROC/WEB: Exited with status 1", "crash_count"=>3, "crash_timestamp"=>1785076465437301184, "version"=>"c79faed2-5ef1-4957-b2c1-c12107d2a3c2"} (STDOUT, API)#
#2026 07 26 14:34:40.160#Z#DEBUG#a94a10ac-88fe-11f1-b49e-eeee0a804d2e.ai_cap#flowable-async-job-executor-thread-5254#
[PollStartAppStatusExecution] 7660856f-8cbb-42ff-826b-d11e3bb26138 [2026-07-26T14:34:25.528780] Exit status 137 (STDOUT, PROXY)#
#2026 07 26 14:34:40.160#Z#DEBUG#a94a10ac-88fe-11f1-b49e-eeee0a804d2e.ai_cap#flowable-async-job-executor-thread-5254#
[PollStartAppStatusExecution] 7660856f-8cbb-42ff-826b-d11e3bb26138 [2026-07-26T14:34:26.811001] Cell f62540aa-0d99-4dbf-8a1c-0b2d04a34241 successfully destroyed container for instance c4a37ab2-eaa9-4b0e-719c-d050 (STDOUT, CELL)#
#2026 07 26 14:34:40.160#Z#DEBUG#a94a10ac-88fe-11f1-b49e-eeee0a804d2e.ai_cap#flowable-async-job-executor-thread-5254#
[PollStartAppStatusExecution] 7660856f-8cbb-42ff-826b-d11e3bb26138 [2026-07-26T14:34:30.826263] Stopping app with guid 7660856f-8cbb-42ff-826b-d11e3bb26138 (STDOUT, API)#
#2026 07 26 14:34:40.160#Z#DEBUG#a94a10ac-88fe-11f1-b49e-eeee0a804d2e.ai_cap#flowable-async-job-executor-thread-5254#
[PollStartAppStatusExecution] 7660856f-8cbb-42ff-826b-d11e3bb26138 [2026-07-26T14:34:30.962469] Starting app with guid 7660856f-8cbb-42ff-826b-d11e3bb26138 (STDOUT, API)#
#2026 07 26 14:34:40.160#Z#DEBUG#a94a10ac-88fe-11f1-b49e-eeee0a804d2e.ai_cap#flowable-async-job-executor-thread-5254#
[PollStartAppStatusExecution] 7660856f-8cbb-42ff-826b-d11e3bb26138 [2026-07-26T14:34:31.110817] Cell bb47eff4-ab27-4a52-af1c-71b3b77acee7 creating container for instance c19471eb-c0d2-4f3b-75bf-6c2c (STDOUT, CELL)#
#2026 07 26 14:34:40.160#Z#DEBUG#a94a10ac-88fe-11f1-b49e-eeee0a804d2e.ai_cap#flowable-async-job-executor-thread-5254#
[PollStartAppStatusExecution] 7660856f-8cbb-42ff-826b-d11e3bb26138 [2026-07-26T14:34:31.438091] Security group rules were updated (STDOUT, CELL)#
#2026 07 26 14:34:40.160#Z#DEBUG#a94a10ac-88fe-11f1-b49e-eeee0a804d2e.ai_cap#flowable-async-job-executor-thread-5254#
[PollStartAppStatusExecution] 7660856f-8cbb-42ff-826b-d11e3bb26138 [2026-07-26T14:34:31.492160] Cell bb47eff4-ab27-4a52-af1c-71b3b77acee7 successfully created container for instance c19471eb-c0d2-4f3b-75bf-6c2c (STDOUT, CELL)#
#2026 07 26 14:34:40.160#Z#DEBUG#a94a10ac-88fe-11f1-b49e-eeee0a804d2e.ai_cap#flowable-async-job-executor-thread-5254#
[PollStartAppStatusExecution] 7660856f-8cbb-42ff-826b-d11e3bb26138 [2026-07-26T14:34:31.662505] Downloading droplet... (STDOUT, CELL)#
#2026 07 26 14:34:40.160#Z#DEBUG#a94a10ac-88fe-11f1-b49e-eeee0a804d2e.ai_cap#flowable-async-job-executor-thread-5254#
[PollStartAppStatusExecution] 7660856f-8cbb-42ff-826b-d11e3bb26138 [2026-07-26T14:34:34.786041] Downloaded droplet (62.2M) (STDOUT, CELL)#
#2026 07 26 14:34:40.160#Z#DEBUG#a94a10ac-88fe-11f1-b49e-eeee0a804d2e.ai_cap#flowable-async-job-executor-thread-5254#
[PollStartAppStatusExecution] 7660856f-8cbb-42ff-826b-d11e3bb26138 [2026-07-26T14:34:34.786204] Starting health monitoring of container (STDOUT, CELL)#
#2026 07 26 14:34:40.160#Z#DEBUG#a94a10ac-88fe-11f1-b49e-eeee0a804d2e.ai_cap#flowable-async-job-executor-thread-5254#
[PollStartAppStatusExecution] 7660856f-8cbb-42ff-826b-d11e3bb26138 [2026-07-26T14:34:34.847049] Invoking pre-start scripts. (STDOUT, APP/PROC/WEB)#
#2026 07 26 14:34:40.160#Z#DEBUG#a94a10ac-88fe-11f1-b49e-eeee0a804d2e.ai_cap#flowable-async-job-executor-thread-5254#
[PollStartAppStatusExecution] 7660856f-8cbb-42ff-826b-d11e3bb26138 [2026-07-26T14:34:34.986347] Invoking start command. (STDOUT, APP/PROC/WEB)#
#2026 07 26 14:34:40.160#Z#DEBUG#a94a10ac-88fe-11f1-b49e-eeee0a804d2e.ai_cap#flowable-async-job-executor-thread-5254#
[PollStartAppStatusExecution] 7660856f-8cbb-42ff-826b-d11e3bb26138 [2026-07-26T14:34:35.277088] > start (STDOUT, APP/PROC/WEB)#
#2026 07 26 14:34:40.160#Z#DEBUG#a94a10ac-88fe-11f1-b49e-eeee0a804d2e.ai_cap#flowable-async-job-executor-thread-5254#
[PollStartAppStatusExecution] 7660856f-8cbb-42ff-826b-d11e3bb26138 [2026-07-26T14:34:35.277121] > node node_modules/@sap/approuter/approuter.js (STDOUT, APP/PROC/WEB)#
#2026 07 26 14:34:40.160#Z#DEBUG#a94a10ac-88fe-11f1-b49e-eeee0a804d2e.ai_cap#flowable-async-job-executor-thread-5254#
[PollStartAppStatusExecution] 7660856f-8cbb-42ff-826b-d11e3bb26138 [2026-07-26T14:34:35.409365] {"written_at":"2026-07-26T14:34:35.407Z","written_ts":1785076475407000000,"csn_component":"-","correlation_id":"-","type":"log","logger":"nodejs-logger","layer":"/LoggingLibrary","level":"warning","container_id":"10.0.73.18","component_type":"application","component_id":"7660856f-8cbb-42ff-826b-d11e3bb26138","component_name":"ai_cap","component_instance":-1,"source_instance":-1,"organization_id":"8a7111bd-c1db-49fb-9463-093b5098054f","organization_name":"ABeam Consulting Ltd._jt9-lfwzntz7c-y6","space_id":"88e5ad75-c77c-4164-b356-00f6d6d0ccdf","space_name":"dev","context_id":"","msg":"Dynamic log level switching not available"} (STDOUT, APP/PROC/WEB)#
#2026 07 26 14:34:40.160#Z#DEBUG#a94a10ac-88fe-11f1-b49e-eeee0a804d2e.ai_cap#flowable-async-job-executor-thread-5254#
[PollStartAppStatusExecution] 7660856f-8cbb-42ff-826b-d11e3bb26138 [2026-07-26T14:34:35.770929] {"written_at":"2026-07-26T14:34:35.770Z","written_ts":1785076475770000000,"csn_component":"-","correlation_id":"ms1wfzwa","type":"log","logger":"nodejs-logger","layer":"/approuter","level":"info","container_id":"10.0.73.18","component_type":"application","component_id":"7660856f-8cbb-42ff-826b-d11e3bb26138","component_name":"ai_cap","component_instance":-1,"source_instance":-1,"organization_id":"8a7111bd-c1db-49fb-9463-093b5098054f","organization_name":"ABeam Consulting Ltd._jt9-lfwzntz7c-y6","space_id":"88e5ad75-c77c-4164-b356-00f6d6d0ccdf","space_name":"dev","context_id":"ms1wfzwa","msg":"Application router version 21.5.0"} (STDOUT, APP/PROC/WEB)#
#2026 07 26 14:34:40.160#Z#DEBUG#a94a10ac-88fe-11f1-b49e-eeee0a804d2e.ai_cap#flowable-async-job-executor-thread-5254#
[PollStartAppStatusExecution] 7660856f-8cbb-42ff-826b-d11e3bb26138 [2026-07-26T14:34:35.773352] {"written_at":"2026-07-26T14:34:35.773Z","written_ts":1785076475773000000,"csn_component":"-","correlation_id":"ms1wfzwd","type":"log","logger":"nodejs-logger","layer":"/Configuration","level":"info","container_id":"10.0.73.18","component_type":"application","component_id":"7660856f-8cbb-42ff-826b-d11e3bb26138","component_name":"ai_cap","component_instance":-1,"source_instance":-1,"organization_id":"8a7111bd-c1db-49fb-9463-093b5098054f","organization_name":"ABeam Consulting Ltd._jt9-lfwzntz7c-y6","space_id":"88e5ad75-c77c-4164-b356-00f6d6d0ccdf","space_name":"dev","context_id":"ms1wfzwd","msg":"No COOKIES environment variable"} (STDOUT, APP/PROC/WEB)#
#2026 07 26 14:34:40.160#Z#DEBUG#a94a10ac-88fe-11f1-b49e-eeee0a804d2e.ai_cap#flowable-async-job-executor-thread-5254#
[PollStartAppStatusExecution] 7660856f-8cbb-42ff-826b-d11e3bb26138 [2026-07-26T14:34:35.777962] /home/vcap/deps/0/node_modules/@sap/approuter/lib/utils/JsonValidator.js:30 (STDERR, APP/PROC/WEB)#
#2026 07 26 14:34:40.160#Z#DEBUG#a94a10ac-88fe-11f1-b49e-eeee0a804d2e.ai_cap#flowable-async-job-executor-thread-5254#
[PollStartAppStatusExecution] 7660856f-8cbb-42ff-826b-d11e3bb26138 [2026-07-26T14:34:35.777983] throw new VError('%s%s: %s', (STDERR, APP/PROC/WEB)#
#2026 07 26 14:34:40.160#Z#DEBUG#a94a10ac-88fe-11f1-b49e-eeee0a804d2e.ai_cap#flowable-async-job-executor-thread-5254#
[PollStartAppStatusExecution] 7660856f-8cbb-42ff-826b-d11e3bb26138 [2026-07-26T14:34:35.777996] ^ (STDERR, APP/PROC/WEB)#
#2026 07 26 14:34:40.160#Z#DEBUG#a94a10ac-88fe-11f1-b49e-eeee0a804d2e.ai_cap#flowable-async-job-executor-thread-5254#
[PollStartAppStatusExecution] 7660856f-8cbb-42ff-826b-d11e3bb26138 [2026-07-26T14:34:35.778289] VError: xs-app.json/routes/0/~1~1: Additional properties not allowed (STDERR, APP/PROC/WEB)#
#2026 07 26 14:34:40.160#Z#DEBUG#a94a10ac-88fe-11f1-b49e-eeee0a804d2e.ai_cap#flowable-async-job-executor-thread-5254#
[PollStartAppStatusExecution] 7660856f-8cbb-42ff-826b-d11e3bb26138 [2026-07-26T14:34:35.778324] at JsonValidator.validate (/home/vcap/deps/0/node_modules/@sap/approuter/lib/utils/JsonValidator.js:30:11) (STDERR, APP/PROC/WEB)#
#2026 07 26 14:34:40.160#Z#DEBUG#a94a10ac-88fe-11f1-b49e-eeee0a804d2e.ai_cap#flowable-async-job-executor-thread-5254#
[PollStartAppStatusExecution] 7660856f-8cbb-42ff-826b-d11e3bb26138 [2026-07-26T14:34:35.778330] at Object.validateXsApp (/home/vcap/deps/0/node_modules/@sap/approuter/lib/configuration/validators.js:168:15) (STDERR, APP/PROC/WEB)#
#2026 07 26 14:34:40.160#Z#DEBUG#a94a10ac-88fe-11f1-b49e-eeee0a804d2e.ai_cap#flowable-async-job-executor-thread-5254#
[PollStartAppStatusExecution] 7660856f-8cbb-42ff-826b-d11e3bb26138 [2026-07-26T14:34:35.778337] at exports.loadConfiguration (/home/vcap/deps/0/node_modules/@sap/approuter/lib/configuration/app-config.js:21:14) (STDERR, APP/PROC/WEB)#
#2026 07 26 14:34:40.160#Z#DEBUG#a94a10ac-88fe-11f1-b49e-eeee0a804d2e.ai_cap#flowable-async-job-executor-thread-5254#
[PollStartAppStatusExecution] 7660856f-8cbb-42ff-826b-d11e3bb26138 [2026-07-26T14:34:35.778341] at module.exports.load (/home/vcap/deps/0/node_modules/@sap/approuter/lib/configuration.js:24:34) (STDERR, APP/PROC/WEB)#
#2026 07 26 14:34:40.160#Z#DEBUG#a94a10ac-88fe-11f1-b49e-eeee0a804d2e.ai_cap#flowable-async-job-executor-thread-5254#
[PollStartAppStatusExecution] 7660856f-8cbb-42ff-826b-d11e3bb26138 [2026-07-26T14:34:35.778346] at bootstrap (/home/vcap/deps/0/node_modules/@sap/approuter/lib/bootstrap.js:68:38) (STDERR, APP/PROC/WEB)#
#2026 07 26 14:34:40.160#Z#DEBUG#a94a10ac-88fe-11f1-b49e-eeee0a804d2e.ai_cap#flowable-async-job-executor-thread-5254#
[PollStartAppStatusExecution] 7660856f-8cbb-42ff-826b-d11e3bb26138 [2026-07-26T14:34:35.778350] at Approuter.start (/home/vcap/deps/0/node_modules/@sap/approuter/approuter.js:71:13) (STDERR, APP/PROC/WEB)#
#2026 07 26 14:34:40.160#Z#DEBUG#a94a10ac-88fe-11f1-b49e-eeee0a804d2e.ai_cap#flowable-async-job-executor-thread-5254#
[PollStartAppStatusExecution] 7660856f-8cbb-42ff-826b-d11e3bb26138 [2026-07-26T14:34:35.778354] at Object.<anonymous> (/home/vcap/deps/0/node_modules/@sap/approuter/approuter.js:178:6) (STDERR, APP/PROC/WEB)#
#2026 07 26 14:34:40.160#Z#DEBUG#a94a10ac-88fe-11f1-b49e-eeee0a804d2e.ai_cap#flowable-async-job-executor-thread-5254#
[PollStartAppStatusExecution] 7660856f-8cbb-42ff-826b-d11e3bb26138 [2026-07-26T14:34:35.778358] at Module._compile (node:internal/modules/cjs/loader:1705:14) (STDERR, APP/PROC/WEB)#
#2026 07 26 14:34:40.160#Z#DEBUG#a94a10ac-88fe-11f1-b49e-eeee0a804d2e.ai_cap#flowable-async-job-executor-thread-5254#
[PollStartAppStatusExecution] 7660856f-8cbb-42ff-826b-d11e3bb26138 [2026-07-26T14:34:35.778362] at Object..js (node:internal/modules/cjs/loader:1838:10) (STDERR, APP/PROC/WEB)#
#2026 07 26 14:34:40.160#Z#DEBUG#a94a10ac-88fe-11f1-b49e-eeee0a804d2e.ai_cap#flowable-async-job-executor-thread-5254#
[PollStartAppStatusExecution] 7660856f-8cbb-42ff-826b-d11e3bb26138 [2026-07-26T14:34:35.778368] at Module.load (node:internal/modules/cjs/loader:1441:32) { (STDERR, APP/PROC/WEB)#
#2026 07 26 14:34:40.160#Z#DEBUG#a94a10ac-88fe-11f1-b49e-eeee0a804d2e.ai_cap#flowable-async-job-executor-thread-5254#
[PollStartAppStatusExecution] 7660856f-8cbb-42ff-826b-d11e3bb26138 [2026-07-26T14:34:35.778372] jse_shortmsg: 'xs-app.json/routes/0/~1~1: Additional properties not allowed', (STDERR, APP/PROC/WEB)#
#2026 07 26 14:34:40.160#Z#DEBUG#a94a10ac-88fe-11f1-b49e-eeee0a804d2e.ai_cap#flowable-async-job-executor-thread-5254#
[PollStartAppStatusExecution] 7660856f-8cbb-42ff-826b-d11e3bb26138 [2026-07-26T14:34:35.778377] jse_info: {} (STDERR, APP/PROC/WEB)#
#2026 07 26 14:34:40.160#Z#DEBUG#a94a10ac-88fe-11f1-b49e-eeee0a804d2e.ai_cap#flowable-async-job-executor-thread-5254#
[PollStartAppStatusExecution] 7660856f-8cbb-42ff-826b-d11e3bb26138 [2026-07-26T14:34:35.778381] } (STDERR, APP/PROC/WEB)#
#2026 07 26 14:34:40.160#Z#DEBUG#a94a10ac-88fe-11f1-b49e-eeee0a804d2e.ai_cap#flowable-async-job-executor-thread-5254#
[PollStartAppStatusExecution] 7660856f-8cbb-42ff-826b-d11e3bb26138 [2026-07-26T14:34:35.778386] Node.js v22.22.2 (STDERR, APP/PROC/WEB)#
#2026 07 26 14:34:40.160#Z#DEBUG#a94a10ac-88fe-11f1-b49e-eeee0a804d2e.ai_cap#flowable-async-job-executor-thread-5254#
[PollStartAppStatusExecution] 7660856f-8cbb-42ff-826b-d11e3bb26138 [2026-07-26T14:34:35.787852] npm notice (STDERR, APP/PROC/WEB)#
#2026 07 26 14:34:40.160#Z#DEBUG#a94a10ac-88fe-11f1-b49e-eeee0a804d2e.ai_cap#flowable-async-job-executor-thread-5254#
[PollStartAppStatusExecution] 7660856f-8cbb-42ff-826b-d11e3bb26138 [2026-07-26T14:34:35.787875] npm notice New major version of npm available! 10.9.7 -> 12.0.1 (STDERR, APP/PROC/WEB)#
#2026 07 26 14:34:40.160#Z#DEBUG#a94a10ac-88fe-11f1-b49e-eeee0a804d2e.ai_cap#flowable-async-job-executor-thread-5254#
[PollStartAppStatusExecution] 7660856f-8cbb-42ff-826b-d11e3bb26138 [2026-07-26T14:34:35.787884] npm notice Changelog: https://github.com/npm/cli/releases/tag/v12.0.1 (STDERR, APP/PROC/WEB)#
#2026 07 26 14:34:40.160#Z#DEBUG#a94a10ac-88fe-11f1-b49e-eeee0a804d2e.ai_cap#flowable-async-job-executor-thread-5254#
[PollStartAppStatusExecution] 7660856f-8cbb-42ff-826b-d11e3bb26138 [2026-07-26T14:34:35.787888] npm notice To update run: npm install -g npm@12.0.1 (STDERR, APP/PROC/WEB)#
#2026 07 26 14:34:40.160#Z#DEBUG#a94a10ac-88fe-11f1-b49e-eeee0a804d2e.ai_cap#flowable-async-job-executor-thread-5254#
[PollStartAppStatusExecution] 7660856f-8cbb-42ff-826b-d11e3bb26138 [2026-07-26T14:34:35.787893] npm notice (STDERR, APP/PROC/WEB)#
#2026 07 26 14:34:40.160#Z#DEBUG#a94a10ac-88fe-11f1-b49e-eeee0a804d2e.ai_cap#flowable-async-job-executor-thread-5254#
[PollStartAppStatusExecution] 7660856f-8cbb-42ff-826b-d11e3bb26138 [2026-07-26T14:34:35.836175] Exit status 1 (STDOUT, APP/PROC/WEB)#
#2026 07 26 14:34:50.095#Z#DEBUG#a94a10ac-88fe-11f1-b49e-eeee0a804d2e.ai_cap#flowable-async-job-executor-thread-5256#
[PollStartAppStatusExecution] 7660856f-8cbb-42ff-826b-d11e3bb26138 [2026-07-26T14:34:41.861039] Cell bb47eff4-ab27-4a52-af1c-71b3b77acee7 stopping instance c19471eb-c0d2-4f3b-75bf-6c2c (STDOUT, CELL)#
#2026 07 26 14:34:50.095#Z#DEBUG#a94a10ac-88fe-11f1-b49e-eeee0a804d2e.ai_cap#flowable-async-job-executor-thread-5256#
[PollStartAppStatusExecution] 7660856f-8cbb-42ff-826b-d11e3bb26138 [2026-07-26T14:34:41.861088] Cell bb47eff4-ab27-4a52-af1c-71b3b77acee7 destroying container for instance c19471eb-c0d2-4f3b-75bf-6c2c (STDOUT, CELL)#
#2026 07 26 14:34:50.095#Z#DEBUG#a94a10ac-88fe-11f1-b49e-eeee0a804d2e.ai_cap#flowable-async-job-executor-thread-5256#
[PollStartAppStatusExecution] 7660856f-8cbb-42ff-826b-d11e3bb26138 [2026-07-26T14:34:41.868947] Process has crashed with type: "web" (STDOUT, API)#
#2026 07 26 14:34:50.095#Z#DEBUG#a94a10ac-88fe-11f1-b49e-eeee0a804d2e.ai_cap#flowable-async-job-executor-thread-5256#
[PollStartAppStatusExecution] 7660856f-8cbb-42ff-826b-d11e3bb26138 [2026-07-26T14:34:41.886772] App instance exited with guid 7660856f-8cbb-42ff-826b-d11e3bb26138 payload: {"instance"=>"c19471eb-c0d2-4f3b-75bf-6c2c", "index"=>0, "cell_id"=>"bb47eff4-ab27-4a52-af1c-71b3b77acee7", "reason"=>"CRASHED", "exit_description"=>"APP/PROC/WEB: Exited with status 1", "crash_count"=>1, "crash_timestamp"=>1785076481844220088, "version"=>"ef6b9289-a41e-4c4b-8ec1-27a2a1286138"} (STDOUT, API)#
#2026 07 26 14:34:50.095#Z#DEBUG#a94a10ac-88fe-11f1-b49e-eeee0a804d2e.ai_cap#flowable-async-job-executor-thread-5256#
[PollStartAppStatusExecution] 7660856f-8cbb-42ff-826b-d11e3bb26138 [2026-07-26T14:34:41.921987] Cell 72102533-1a09-4fba-8cbe-2355a2f540bf creating container for instance d933ad33-a783-464c-4776-d251 (STDOUT, CELL)#
#2026 07 26 14:34:50.095#Z#DEBUG#a94a10ac-88fe-11f1-b49e-eeee0a804d2e.ai_cap#flowable-async-job-executor-thread-5256#
[PollStartAppStatusExecution] 7660856f-8cbb-42ff-826b-d11e3bb26138 [2026-07-26T14:34:41.928455] Exit status 137 (STDOUT, PROXY)#
#2026 07 26 14:34:50.095#Z#DEBUG#a94a10ac-88fe-11f1-b49e-eeee0a804d2e.ai_cap#flowable-async-job-executor-thread-5256#
[PollStartAppStatusExecution] 7660856f-8cbb-42ff-826b-d11e3bb26138 [2026-07-26T14:34:42.532219] Security group rules were updated (STDOUT, CELL)#
#2026 07 26 14:34:50.095#Z#DEBUG#a94a10ac-88fe-11f1-b49e-eeee0a804d2e.ai_cap#flowable-async-job-executor-thread-5256#
[PollStartAppStatusExecution] 7660856f-8cbb-42ff-826b-d11e3bb26138 [2026-07-26T14:34:42.612454] Cell 72102533-1a09-4fba-8cbe-2355a2f540bf successfully created container for instance d933ad33-a783-464c-4776-d251 (STDOUT, CELL)#
#2026 07 26 14:34:50.095#Z#DEBUG#a94a10ac-88fe-11f1-b49e-eeee0a804d2e.ai_cap#flowable-async-job-executor-thread-5256#
[PollStartAppStatusExecution] 7660856f-8cbb-42ff-826b-d11e3bb26138 [2026-07-26T14:34:43.337530] Cell bb47eff4-ab27-4a52-af1c-71b3b77acee7 successfully destroyed container for instance c19471eb-c0d2-4f3b-75bf-6c2c (STDOUT, CELL)#
#2026 07 26 14:34:50.095#Z#DEBUG#a94a10ac-88fe-11f1-b49e-eeee0a804d2e.ai_cap#flowable-async-job-executor-thread-5256#
[PollStartAppStatusExecution] 7660856f-8cbb-42ff-826b-d11e3bb26138 [2026-07-26T14:34:43.480446] Downloading droplet... (STDOUT, CELL)#
#2026 07 26 14:34:50.095#Z#DEBUG#a94a10ac-88fe-11f1-b49e-eeee0a804d2e.ai_cap#flowable-async-job-executor-thread-5256#
[PollStartAppStatusExecution] 7660856f-8cbb-42ff-826b-d11e3bb26138 [2026-07-26T14:34:46.766679] Downloaded droplet (62.2M) (STDOUT, CELL)#
#2026 07 26 14:34:50.095#Z#DEBUG#a94a10ac-88fe-11f1-b49e-eeee0a804d2e.ai_cap#flowable-async-job-executor-thread-5256#
[PollStartAppStatusExecution] 7660856f-8cbb-42ff-826b-d11e3bb26138 [2026-07-26T14:34:46.766819] Starting health monitoring of container (STDOUT, CELL)#
#2026 07 26 14:34:50.095#Z#DEBUG#a94a10ac-88fe-11f1-b49e-eeee0a804d2e.ai_cap#flowable-async-job-executor-thread-5256#
[PollStartAppStatusExecution] 7660856f-8cbb-42ff-826b-d11e3bb26138 [2026-07-26T14:34:46.849871] Invoking pre-start scripts. (STDOUT, APP/PROC/WEB)#
#2026 07 26 14:34:50.095#Z#DEBUG#a94a10ac-88fe-11f1-b49e-eeee0a804d2e.ai_cap#flowable-async-job-executor-thread-5256#
[PollStartAppStatusExecution] 7660856f-8cbb-42ff-826b-d11e3bb26138 [2026-07-26T14:34:47.016979] Invoking start command. (STDOUT, APP/PROC/WEB)#
#2026 07 26 14:34:50.095#Z#DEBUG#a94a10ac-88fe-11f1-b49e-eeee0a804d2e.ai_cap#flowable-async-job-executor-thread-5256#
[PollStartAppStatusExecution] 7660856f-8cbb-42ff-826b-d11e3bb26138 [2026-07-26T14:34:47.358460] > start (STDOUT, APP/PROC/WEB)#
#2026 07 26 14:34:50.095#Z#DEBUG#a94a10ac-88fe-11f1-b49e-eeee0a804d2e.ai_cap#flowable-async-job-executor-thread-5256#
[PollStartAppStatusExecution] 7660856f-8cbb-42ff-826b-d11e3bb26138 [2026-07-26T14:34:47.358484] > node node_modules/@sap/approuter/approuter.js (STDOUT, APP/PROC/WEB)#
#2026 07 26 14:34:50.095#Z#DEBUG#a94a10ac-88fe-11f1-b49e-eeee0a804d2e.ai_cap#flowable-async-job-executor-thread-5256#
[PollStartAppStatusExecution] 7660856f-8cbb-42ff-826b-d11e3bb26138 [2026-07-26T14:34:47.504202] {"written_at":"2026-07-26T14:34:47.502Z","written_ts":1785076487502000000,"csn_component":"-","correlation_id":"-","type":"log","logger":"nodejs-logger","layer":"/LoggingLibrary","level":"warning","container_id":"10.0.201.32","component_type":"application","component_id":"7660856f-8cbb-42ff-826b-d11e3bb26138","component_name":"ai_cap","component_instance":-1,"source_instance":-1,"organization_id":"8a7111bd-c1db-49fb-9463-093b5098054f","organization_name":"ABeam Consulting Ltd._jt9-lfwzntz7c-y6","space_id":"88e5ad75-c77c-4164-b356-00f6d6d0ccdf","space_name":"dev","context_id":"","msg":"Dynamic log level switching not available"} (STDOUT, APP/PROC/WEB)#
#2026 07 26 14:34:50.095#Z#DEBUG#a94a10ac-88fe-11f1-b49e-eeee0a804d2e.ai_cap#flowable-async-job-executor-thread-5256#
[PollStartAppStatusExecution] 7660856f-8cbb-42ff-826b-d11e3bb26138 [2026-07-26T14:34:47.924167] {"written_at":"2026-07-26T14:34:47.923Z","written_ts":1785076487923000000,"csn_component":"-","correlation_id":"ms1wg99v","type":"log","logger":"nodejs-logger","layer":"/approuter","level":"info","container_id":"10.0.201.32","component_type":"application","component_id":"7660856f-8cbb-42ff-826b-d11e3bb26138","component_name":"ai_cap","component_instance":-1,"source_instance":-1,"organization_id":"8a7111bd-c1db-49fb-9463-093b5098054f","organization_name":"ABeam Consulting Ltd._jt9-lfwzntz7c-y6","space_id":"88e5ad75-c77c-4164-b356-00f6d6d0ccdf","space_name":"dev","context_id":"ms1wg99v","msg":"Application router version 21.5.0"} (STDOUT, APP/PROC/WEB)#
#2026 07 26 14:34:50.095#Z#DEBUG#a94a10ac-88fe-11f1-b49e-eeee0a804d2e.ai_cap#flowable-async-job-executor-thread-5256#
[PollStartAppStatusExecution] 7660856f-8cbb-42ff-826b-d11e3bb26138 [2026-07-26T14:34:47.926914] {"written_at":"2026-07-26T14:34:47.926Z","written_ts":1785076487926000000,"csn_component":"-","correlation_id":"ms1wg99y","type":"log","logger":"nodejs-logger","layer":"/Configuration","level":"info","container_id":"10.0.201.32","component_type":"application","component_id":"7660856f-8cbb-42ff-826b-d11e3bb26138","component_name":"ai_cap","component_instance":-1,"source_instance":-1,"organization_id":"8a7111bd-c1db-49fb-9463-093b5098054f","organization_name":"ABeam Consulting Ltd._jt9-lfwzntz7c-y6","space_id":"88e5ad75-c77c-4164-b356-00f6d6d0ccdf","space_name":"dev","context_id":"ms1wg99y","msg":"No COOKIES environment variable"} (STDOUT, APP/PROC/WEB)#
#2026 07 26 14:34:50.095#Z#DEBUG#a94a10ac-88fe-11f1-b49e-eeee0a804d2e.ai_cap#flowable-async-job-executor-thread-5256#
[PollStartAppStatusExecution] 7660856f-8cbb-42ff-826b-d11e3bb26138 [2026-07-26T14:34:47.932253] /home/vcap/deps/0/node_modules/@sap/approuter/lib/utils/JsonValidator.js:30 (STDERR, APP/PROC/WEB)#
#2026 07 26 14:34:50.095#Z#DEBUG#a94a10ac-88fe-11f1-b49e-eeee0a804d2e.ai_cap#flowable-async-job-executor-thread-5256#
[PollStartAppStatusExecution] 7660856f-8cbb-42ff-826b-d11e3bb26138 [2026-07-26T14:34:47.932277] throw new VError('%s%s: %s', (STDERR, APP/PROC/WEB)#
#2026 07 26 14:34:50.095#Z#DEBUG#a94a10ac-88fe-11f1-b49e-eeee0a804d2e.ai_cap#flowable-async-job-executor-thread-5256#
[PollStartAppStatusExecution] 7660856f-8cbb-42ff-826b-d11e3bb26138 [2026-07-26T14:34:47.932281] ^ (STDERR, APP/PROC/WEB)#
#2026 07 26 14:34:50.095#Z#DEBUG#a94a10ac-88fe-11f1-b49e-eeee0a804d2e.ai_cap#flowable-async-job-executor-thread-5256#
[PollStartAppStatusExecution] 7660856f-8cbb-42ff-826b-d11e3bb26138 [2026-07-26T14:34:47.933132] VError: xs-app.json/routes/0/~1~1: Additional properties not allowed (STDERR, APP/PROC/WEB)#
#2026 07 26 14:34:50.095#Z#DEBUG#a94a10ac-88fe-11f1-b49e-eeee0a804d2e.ai_cap#flowable-async-job-executor-thread-5256#
[PollStartAppStatusExecution] 7660856f-8cbb-42ff-826b-d11e3bb26138 [2026-07-26T14:34:47.933151] at JsonValidator.validate (/home/vcap/deps/0/node_modules/@sap/approuter/lib/utils/JsonValidator.js:30:11) (STDERR, APP/PROC/WEB)#
#2026 07 26 14:34:50.095#Z#DEBUG#a94a10ac-88fe-11f1-b49e-eeee0a804d2e.ai_cap#flowable-async-job-executor-thread-5256#
[PollStartAppStatusExecution] 7660856f-8cbb-42ff-826b-d11e3bb26138 [2026-07-26T14:34:47.933155] at Object.validateXsApp (/home/vcap/deps/0/node_modules/@sap/approuter/lib/configuration/validators.js:168:15) (STDERR, APP/PROC/WEB)#
#2026 07 26 14:34:50.095#Z#DEBUG#a94a10ac-88fe-11f1-b49e-eeee0a804d2e.ai_cap#flowable-async-job-executor-thread-5256#
[PollStartAppStatusExecution] 7660856f-8cbb-42ff-826b-d11e3bb26138 [2026-07-26T14:34:47.933157] at exports.loadConfiguration (/home/vcap/deps/0/node_modules/@sap/approuter/lib/configuration/app-config.js:21:14) (STDERR, APP/PROC/WEB)#
#2026 07 26 14:34:50.095#Z#DEBUG#a94a10ac-88fe-11f1-b49e-eeee0a804d2e.ai_cap#flowable-async-job-executor-thread-5256#
[PollStartAppStatusExecution] 7660856f-8cbb-42ff-826b-d11e3bb26138 [2026-07-26T14:34:47.933159] at module.exports.load (/home/vcap/deps/0/node_modules/@sap/approuter/lib/configuration.js:24:34) (STDERR, APP/PROC/WEB)#
#2026 07 26 14:34:50.095#Z#DEBUG#a94a10ac-88fe-11f1-b49e-eeee0a804d2e.ai_cap#flowable-async-job-executor-thread-5256#
[PollStartAppStatusExecution] 7660856f-8cbb-42ff-826b-d11e3bb26138 [2026-07-26T14:34:47.933186] at bootstrap (/home/vcap/deps/0/node_modules/@sap/approuter/lib/bootstrap.js:68:38) (STDERR, APP/PROC/WEB)#
#2026 07 26 14:34:50.095#Z#DEBUG#a94a10ac-88fe-11f1-b49e-eeee0a804d2e.ai_cap#flowable-async-job-executor-thread-5256#
[PollStartAppStatusExecution] 7660856f-8cbb-42ff-826b-d11e3bb26138 [2026-07-26T14:34:47.933188] at Approuter.start (/home/vcap/deps/0/node_modules/@sap/approuter/approuter.js:71:13) (STDERR, APP/PROC/WEB)#
#2026 07 26 14:34:50.095#Z#DEBUG#a94a10ac-88fe-11f1-b49e-eeee0a804d2e.ai_cap#flowable-async-job-executor-thread-5256#
[PollStartAppStatusExecution] 7660856f-8cbb-42ff-826b-d11e3bb26138 [2026-07-26T14:34:47.933190] at Object.<anonymous> (/home/vcap/deps/0/node_modules/@sap/approuter/approuter.js:178:6) (STDERR, APP/PROC/WEB)#
#2026 07 26 14:34:50.095#Z#DEBUG#a94a10ac-88fe-11f1-b49e-eeee0a804d2e.ai_cap#flowable-async-job-executor-thread-5256#
[PollStartAppStatusExecution] 7660856f-8cbb-42ff-826b-d11e3bb26138 [2026-07-26T14:34:47.933192] at Module._compile (node:internal/modules/cjs/loader:1705:14) (STDERR, APP/PROC/WEB)#
#2026 07 26 14:34:50.095#Z#DEBUG#a94a10ac-88fe-11f1-b49e-eeee0a804d2e.ai_cap#flowable-async-job-executor-thread-5256#
[PollStartAppStatusExecution] 7660856f-8cbb-42ff-826b-d11e3bb26138 [2026-07-26T14:34:47.933195] at Object..js (node:internal/modules/cjs/loader:1838:10) (STDERR, APP/PROC/WEB)#
#2026 07 26 14:34:50.095#Z#DEBUG#a94a10ac-88fe-11f1-b49e-eeee0a804d2e.ai_cap#flowable-async-job-executor-thread-5256#
[PollStartAppStatusExecution] 7660856f-8cbb-42ff-826b-d11e3bb26138 [2026-07-26T14:34:47.933198] at Module.load (node:internal/modules/cjs/loader:1441:32) { (STDERR, APP/PROC/WEB)#
#2026 07 26 14:34:50.095#Z#DEBUG#a94a10ac-88fe-11f1-b49e-eeee0a804d2e.ai_cap#flowable-async-job-executor-thread-5256#
[PollStartAppStatusExecution] 7660856f-8cbb-42ff-826b-d11e3bb26138 [2026-07-26T14:34:47.933200] jse_shortmsg: 'xs-app.json/routes/0/~1~1: Additional properties not allowed', (STDERR, APP/PROC/WEB)#
#2026 07 26 14:34:50.095#Z#DEBUG#a94a10ac-88fe-11f1-b49e-eeee0a804d2e.ai_cap#flowable-async-job-executor-thread-5256#
[PollStartAppStatusExecution] 7660856f-8cbb-42ff-826b-d11e3bb26138 [2026-07-26T14:34:47.933202] jse_info: {} (STDERR, APP/PROC/WEB)#
#2026 07 26 14:34:50.095#Z#DEBUG#a94a10ac-88fe-11f1-b49e-eeee0a804d2e.ai_cap#flowable-async-job-executor-thread-5256#
[PollStartAppStatusExecution] 7660856f-8cbb-42ff-826b-d11e3bb26138 [2026-07-26T14:34:47.933204] } (STDERR, APP/PROC/WEB)#
#2026 07 26 14:34:50.095#Z#DEBUG#a94a10ac-88fe-11f1-b49e-eeee0a804d2e.ai_cap#flowable-async-job-executor-thread-5256#
[PollStartAppStatusExecution] 7660856f-8cbb-42ff-826b-d11e3bb26138 [2026-07-26T14:34:47.933206] Node.js v22.22.2 (STDERR, APP/PROC/WEB)#
#2026 07 26 14:34:50.095#Z#DEBUG#a94a10ac-88fe-11f1-b49e-eeee0a804d2e.ai_cap#flowable-async-job-executor-thread-5256#
[PollStartAppStatusExecution] 7660856f-8cbb-42ff-826b-d11e3bb26138 [2026-07-26T14:34:47.945326] npm notice (STDERR, APP/PROC/WEB)#
#2026 07 26 14:34:50.095#Z#DEBUG#a94a10ac-88fe-11f1-b49e-eeee0a804d2e.ai_cap#flowable-async-job-executor-thread-5256#
[PollStartAppStatusExecution] 7660856f-8cbb-42ff-826b-d11e3bb26138 [2026-07-26T14:34:47.945348] npm notice New major version of npm available! 10.9.7 -> 12.0.1 (STDERR, APP/PROC/WEB)#
#2026 07 26 14:34:50.095#Z#DEBUG#a94a10ac-88fe-11f1-b49e-eeee0a804d2e.ai_cap#flowable-async-job-executor-thread-5256#
[PollStartAppStatusExecution] 7660856f-8cbb-42ff-826b-d11e3bb26138 [2026-07-26T14:34:47.945352] npm notice Changelog: https://github.com/npm/cli/releases/tag/v12.0.1 (STDERR, APP/PROC/WEB)#
#2026 07 26 14:34:50.095#Z#DEBUG#a94a10ac-88fe-11f1-b49e-eeee0a804d2e.ai_cap#flowable-async-job-executor-thread-5256#
[PollStartAppStatusExecution] 7660856f-8cbb-42ff-826b-d11e3bb26138 [2026-07-26T14:34:47.945358] npm notice To update run: npm install -g npm@12.0.1 (STDERR, APP/PROC/WEB)#
#2026 07 26 14:34:50.095#Z#DEBUG#a94a10ac-88fe-11f1-b49e-eeee0a804d2e.ai_cap#flowable-async-job-executor-thread-5256#
[PollStartAppStatusExecution] 7660856f-8cbb-42ff-826b-d11e3bb26138 [2026-07-26T14:34:47.945360] npm notice (STDERR, APP/PROC/WEB)#
#2026 07 26 14:34:50.095#Z#DEBUG#a94a10ac-88fe-11f1-b49e-eeee0a804d2e.ai_cap#flowable-async-job-executor-thread-5256#
[PollStartAppStatusExecution] 7660856f-8cbb-42ff-826b-d11e3bb26138 [2026-07-26T14:34:48.002660] Exit status 1 (STDOUT, APP/PROC/WEB)#
#2026 07 26 14:35:00.102#Z#DEBUG#a94a10ac-88fe-11f1-b49e-eeee0a804d2e.ai_cap#flowable-async-job-executor-thread-411#
[PollStartAppStatusExecution] 7660856f-8cbb-42ff-826b-d11e3bb26138 [2026-07-26T14:34:54.015816] Cell 72102533-1a09-4fba-8cbe-2355a2f540bf stopping instance d933ad33-a783-464c-4776-d251 (STDOUT, CELL)#
#2026 07 26 14:35:00.102#Z#DEBUG#a94a10ac-88fe-11f1-b49e-eeee0a804d2e.ai_cap#flowable-async-job-executor-thread-411#
[PollStartAppStatusExecution] 7660856f-8cbb-42ff-826b-d11e3bb26138 [2026-07-26T14:34:54.015868] Cell 72102533-1a09-4fba-8cbe-2355a2f540bf destroying container for instance d933ad33-a783-464c-4776-d251 (STDOUT, CELL)#
#2026 07 26 14:35:00.102#Z#DEBUG#a94a10ac-88fe-11f1-b49e-eeee0a804d2e.ai_cap#flowable-async-job-executor-thread-411#
[PollStartAppStatusExecution] 7660856f-8cbb-42ff-826b-d11e3bb26138 [2026-07-26T14:34:54.020740] Process has crashed with type: "web" (STDOUT, API)#
#2026 07 26 14:35:00.102#Z#DEBUG#a94a10ac-88fe-11f1-b49e-eeee0a804d2e.ai_cap#flowable-async-job-executor-thread-411#
[PollStartAppStatusExecution] 7660856f-8cbb-42ff-826b-d11e3bb26138 [2026-07-26T14:34:54.031665] App instance exited with guid 7660856f-8cbb-42ff-826b-d11e3bb26138 payload: {"instance"=>"d933ad33-a783-464c-4776-d251", "index"=>0, "cell_id"=>"72102533-1a09-4fba-8cbe-2355a2f540bf", "reason"=>"CRASHED", "exit_description"=>"APP/PROC/WEB: Exited with status 1", "crash_count"=>2, "crash_timestamp"=>1785076494000170334, "version"=>"ef6b9289-a41e-4c4b-8ec1-27a2a1286138"} (STDOUT, API)#
#2026 07 26 14:35:00.102#Z#DEBUG#a94a10ac-88fe-11f1-b49e-eeee0a804d2e.ai_cap#flowable-async-job-executor-thread-411#
[PollStartAppStatusExecution] 7660856f-8cbb-42ff-826b-d11e3bb26138 [2026-07-26T14:34:54.069082] Cell c9806b75-55fc-4bcf-8311-e637c769ac1a creating container for instance 217059a1-21ee-4c1f-7d97-bb1f (STDOUT, CELL)#
#2026 07 26 14:35:00.102#Z#DEBUG#a94a10ac-88fe-11f1-b49e-eeee0a804d2e.ai_cap#flowable-async-job-executor-thread-411#
[PollStartAppStatusExecution] 7660856f-8cbb-42ff-826b-d11e3bb26138 [2026-07-26T14:34:54.148904] Exit status 137 (STDOUT, PROXY)#
#2026 07 26 14:35:00.102#Z#DEBUG#a94a10ac-88fe-11f1-b49e-eeee0a804d2e.ai_cap#flowable-async-job-executor-thread-411#
[PollStartAppStatusExecution] 7660856f-8cbb-42ff-826b-d11e3bb26138 [2026-07-26T14:34:54.406157] Security group rules were updated (STDOUT, CELL)#
#2026 07 26 14:35:00.102#Z#DEBUG#a94a10ac-88fe-11f1-b49e-eeee0a804d2e.ai_cap#flowable-async-job-executor-thread-411#
[PollStartAppStatusExecution] 7660856f-8cbb-42ff-826b-d11e3bb26138 [2026-07-26T14:34:54.460312] Cell c9806b75-55fc-4bcf-8311-e637c769ac1a successfully created container for instance 217059a1-21ee-4c1f-7d97-bb1f (STDOUT, CELL)#
#2026 07 26 14:35:00.102#Z#DEBUG#a94a10ac-88fe-11f1-b49e-eeee0a804d2e.ai_cap#flowable-async-job-executor-thread-411#
[PollStartAppStatusExecution] 7660856f-8cbb-42ff-826b-d11e3bb26138 [2026-07-26T14:34:55.028466] Downloading droplet... (STDOUT, CELL)#
#2026 07 26 14:35:00.102#Z#DEBUG#a94a10ac-88fe-11f1-b49e-eeee0a804d2e.ai_cap#flowable-async-job-executor-thread-411#
[PollStartAppStatusExecution] 7660856f-8cbb-42ff-826b-d11e3bb26138 [2026-07-26T14:34:55.751749] Cell 72102533-1a09-4fba-8cbe-2355a2f540bf successfully destroyed container for instance d933ad33-a783-464c-4776-d251 (STDOUT, CELL)#
#2026 07 26 14:35:00.102#Z#DEBUG#a94a10ac-88fe-11f1-b49e-eeee0a804d2e.ai_cap#flowable-async-job-executor-thread-411#
[PollStartAppStatusExecution] 7660856f-8cbb-42ff-826b-d11e3bb26138 [2026-07-26T14:34:58.115376] Downloaded droplet (62.2M) (STDOUT, CELL)#
#2026 07 26 14:35:00.102#Z#DEBUG#a94a10ac-88fe-11f1-b49e-eeee0a804d2e.ai_cap#flowable-async-job-executor-thread-411#
[PollStartAppStatusExecution] 7660856f-8cbb-42ff-826b-d11e3bb26138 [2026-07-26T14:34:58.115593] Starting health monitoring of container (STDOUT, CELL)#
#2026 07 26 14:35:00.102#Z#DEBUG#a94a10ac-88fe-11f1-b49e-eeee0a804d2e.ai_cap#flowable-async-job-executor-thread-411#
[PollStartAppStatusExecution] 7660856f-8cbb-42ff-826b-d11e3bb26138 [2026-07-26T14:34:58.172460] Invoking pre-start scripts. (STDOUT, APP/PROC/WEB)#
#2026 07 26 14:35:00.102#Z#DEBUG#a94a10ac-88fe-11f1-b49e-eeee0a804d2e.ai_cap#flowable-async-job-executor-thread-411#
[PollStartAppStatusExecution] 7660856f-8cbb-42ff-826b-d11e3bb26138 [2026-07-26T14:34:58.317625] Invoking start command. (STDOUT, APP/PROC/WEB)#
#2026 07 26 14:35:00.102#Z#DEBUG#a94a10ac-88fe-11f1-b49e-eeee0a804d2e.ai_cap#flowable-async-job-executor-thread-411#
[PollStartAppStatusExecution] 7660856f-8cbb-42ff-826b-d11e3bb26138 [2026-07-26T14:34:58.605729] > start (STDOUT, APP/PROC/WEB)#
#2026 07 26 14:35:00.102#Z#DEBUG#a94a10ac-88fe-11f1-b49e-eeee0a804d2e.ai_cap#flowable-async-job-executor-thread-411#
[PollStartAppStatusExecution] 7660856f-8cbb-42ff-826b-d11e3bb26138 [2026-07-26T14:34:58.605752] > node node_modules/@sap/approuter/approuter.js (STDOUT, APP/PROC/WEB)#
#2026 07 26 14:35:00.102#Z#DEBUG#a94a10ac-88fe-11f1-b49e-eeee0a804d2e.ai_cap#flowable-async-job-executor-thread-411#
[PollStartAppStatusExecution] 7660856f-8cbb-42ff-826b-d11e3bb26138 [2026-07-26T14:34:58.737240] {"written_at":"2026-07-26T14:34:58.735Z","written_ts":1785076498735000000,"csn_component":"-","correlation_id":"-","type":"log","logger":"nodejs-logger","layer":"/LoggingLibrary","level":"warning","container_id":"10.0.73.34","component_type":"application","component_id":"7660856f-8cbb-42ff-826b-d11e3bb26138","component_name":"ai_cap","component_instance":-1,"source_instance":-1,"organization_id":"8a7111bd-c1db-49fb-9463-093b5098054f","organization_name":"ABeam Consulting Ltd._jt9-lfwzntz7c-y6","space_id":"88e5ad75-c77c-4164-b356-00f6d6d0ccdf","space_name":"dev","context_id":"","msg":"Dynamic log level switching not available"} (STDOUT, APP/PROC/WEB)#
#2026 07 26 14:35:00.102#Z#DEBUG#a94a10ac-88fe-11f1-b49e-eeee0a804d2e.ai_cap#flowable-async-job-executor-thread-411#
[PollStartAppStatusExecution] 7660856f-8cbb-42ff-826b-d11e3bb26138 [2026-07-26T14:34:59.105147] {"written_at":"2026-07-26T14:34:59.104Z","written_ts":1785076499104000000,"csn_component":"-","correlation_id":"ms1wghwg","type":"log","logger":"nodejs-logger","layer":"/approuter","level":"info","container_id":"10.0.73.34","component_type":"application","component_id":"7660856f-8cbb-42ff-826b-d11e3bb26138","component_name":"ai_cap","component_instance":-1,"source_instance":-1,"organization_id":"8a7111bd-c1db-49fb-9463-093b5098054f","organization_name":"ABeam Consulting Ltd._jt9-lfwzntz7c-y6","space_id":"88e5ad75-c77c-4164-b356-00f6d6d0ccdf","space_name":"dev","context_id":"ms1wghwg","msg":"Application router version 21.5.0"} (STDOUT, APP/PROC/WEB)#
#2026 07 26 14:35:00.102#Z#DEBUG#a94a10ac-88fe-11f1-b49e-eeee0a804d2e.ai_cap#flowable-async-job-executor-thread-411#
[PollStartAppStatusExecution] 7660856f-8cbb-42ff-826b-d11e3bb26138 [2026-07-26T14:34:59.107576] {"written_at":"2026-07-26T14:34:59.107Z","written_ts":1785076499107000000,"csn_component":"-","correlation_id":"ms1wghwj","type":"log","logger":"nodejs-logger","layer":"/Configuration","level":"info","container_id":"10.0.73.34","component_type":"application","component_id":"7660856f-8cbb-42ff-826b-d11e3bb26138","component_name":"ai_cap","component_instance":-1,"source_instance":-1,"organization_id":"8a7111bd-c1db-49fb-9463-093b5098054f","organization_name":"ABeam Consulting Ltd._jt9-lfwzntz7c-y6","space_id":"88e5ad75-c77c-4164-b356-00f6d6d0ccdf","space_name":"dev","context_id":"ms1wghwj","msg":"No COOKIES environment variable"} (STDOUT, APP/PROC/WEB)#
#2026 07 26 14:35:00.102#Z#DEBUG#a94a10ac-88fe-11f1-b49e-eeee0a804d2e.ai_cap#flowable-async-job-executor-thread-411#
[PollStartAppStatusExecution] 7660856f-8cbb-42ff-826b-d11e3bb26138 [2026-07-26T14:34:59.112928] /home/vcap/deps/0/node_modules/@sap/approuter/lib/utils/JsonValidator.js:30 (STDERR, APP/PROC/WEB)#
#2026 07 26 14:35:00.102#Z#DEBUG#a94a10ac-88fe-11f1-b49e-eeee0a804d2e.ai_cap#flowable-async-job-executor-thread-411#
[PollStartAppStatusExecution] 7660856f-8cbb-42ff-826b-d11e3bb26138 [2026-07-26T14:34:59.112940] throw new VError('%s%s: %s', (STDERR, APP/PROC/WEB)#
#2026 07 26 14:35:00.102#Z#DEBUG#a94a10ac-88fe-11f1-b49e-eeee0a804d2e.ai_cap#flowable-async-job-executor-thread-411#
[PollStartAppStatusExecution] 7660856f-8cbb-42ff-826b-d11e3bb26138 [2026-07-26T14:34:59.112944] ^ (STDERR, APP/PROC/WEB)#
#2026 07 26 14:35:00.102#Z#DEBUG#a94a10ac-88fe-11f1-b49e-eeee0a804d2e.ai_cap#flowable-async-job-executor-thread-411#
[PollStartAppStatusExecution] 7660856f-8cbb-42ff-826b-d11e3bb26138 [2026-07-26T14:34:59.113228] VError: xs-app.json/routes/0/~1~1: Additional properties not allowed (STDERR, APP/PROC/WEB)#
#2026 07 26 14:35:00.102#Z#DEBUG#a94a10ac-88fe-11f1-b49e-eeee0a804d2e.ai_cap#flowable-async-job-executor-thread-411#
[PollStartAppStatusExecution] 7660856f-8cbb-42ff-826b-d11e3bb26138 [2026-07-26T14:34:59.113242] at JsonValidator.validate (/home/vcap/deps/0/node_modules/@sap/approuter/lib/utils/JsonValidator.js:30:11) (STDERR, APP/PROC/WEB)#
#2026 07 26 14:35:00.102#Z#DEBUG#a94a10ac-88fe-11f1-b49e-eeee0a804d2e.ai_cap#flowable-async-job-executor-thread-411#
[PollStartAppStatusExecution] 7660856f-8cbb-42ff-826b-d11e3bb26138 [2026-07-26T14:34:59.113245] at Object.validateXsApp (/home/vcap/deps/0/node_modules/@sap/approuter/lib/configuration/validators.js:168:15) (STDERR, APP/PROC/WEB)#
#2026 07 26 14:35:00.102#Z#DEBUG#a94a10ac-88fe-11f1-b49e-eeee0a804d2e.ai_cap#flowable-async-job-executor-thread-411#
[PollStartAppStatusExecution] 7660856f-8cbb-42ff-826b-d11e3bb26138 [2026-07-26T14:34:59.113247] at exports.loadConfiguration (/home/vcap/deps/0/node_modules/@sap/approuter/lib/configuration/app-config.js:21:14) (STDERR, APP/PROC/WEB)#
#2026 07 26 14:35:00.102#Z#DEBUG#a94a10ac-88fe-11f1-b49e-eeee0a804d2e.ai_cap#flowable-async-job-executor-thread-411#
[PollStartAppStatusExecution] 7660856f-8cbb-42ff-826b-d11e3bb26138 [2026-07-26T14:34:59.113252] at module.exports.load (/home/vcap/deps/0/node_modules/@sap/approuter/lib/configuration.js:24:34) (STDERR, APP/PROC/WEB)#
#2026 07 26 14:35:00.102#Z#DEBUG#a94a10ac-88fe-11f1-b49e-eeee0a804d2e.ai_cap#flowable-async-job-executor-thread-411#
[PollStartAppStatusExecution] 7660856f-8cbb-42ff-826b-d11e3bb26138 [2026-07-26T14:34:59.113255] at bootstrap (/home/vcap/deps/0/node_modules/@sap/approuter/lib/bootstrap.js:68:38) (STDERR, APP/PROC/WEB)#
#2026 07 26 14:35:00.102#Z#DEBUG#a94a10ac-88fe-11f1-b49e-eeee0a804d2e.ai_cap#flowable-async-job-executor-thread-411#
[PollStartAppStatusExecution] 7660856f-8cbb-42ff-826b-d11e3bb26138 [2026-07-26T14:34:59.113258] at Approuter.start (/home/vcap/deps/0/node_modules/@sap/approuter/approuter.js:71:13) (STDERR, APP/PROC/WEB)#
#2026 07 26 14:35:00.102#Z#DEBUG#a94a10ac-88fe-11f1-b49e-eeee0a804d2e.ai_cap#flowable-async-job-executor-thread-411#
[PollStartAppStatusExecution] 7660856f-8cbb-42ff-826b-d11e3bb26138 [2026-07-26T14:34:59.113261] at Object.<anonymous> (/home/vcap/deps/0/node_modules/@sap/approuter/approuter.js:178:6) (STDERR, APP/PROC/WEB)#
#2026 07 26 14:35:00.102#Z#DEBUG#a94a10ac-88fe-11f1-b49e-eeee0a804d2e.ai_cap#flowable-async-job-executor-thread-411#
[PollStartAppStatusExecution] 7660856f-8cbb-42ff-826b-d11e3bb26138 [2026-07-26T14:34:59.113266] at Module._compile (node:internal/modules/cjs/loader:1705:14) (STDERR, APP/PROC/WEB)#
#2026 07 26 14:35:00.102#Z#DEBUG#a94a10ac-88fe-11f1-b49e-eeee0a804d2e.ai_cap#flowable-async-job-executor-thread-411#
[PollStartAppStatusExecution] 7660856f-8cbb-42ff-826b-d11e3bb26138 [2026-07-26T14:34:59.113270] at Object..js (node:internal/modules/cjs/loader:1838:10) (STDERR, APP/PROC/WEB)#
#2026 07 26 14:35:00.102#Z#DEBUG#a94a10ac-88fe-11f1-b49e-eeee0a804d2e.ai_cap#flowable-async-job-executor-thread-411#
[PollStartAppStatusExecution] 7660856f-8cbb-42ff-826b-d11e3bb26138 [2026-07-26T14:34:59.113273] at Module.load (node:internal/modules/cjs/loader:1441:32) { (STDERR, APP/PROC/WEB)#
#2026 07 26 14:35:00.102#Z#DEBUG#a94a10ac-88fe-11f1-b49e-eeee0a804d2e.ai_cap#flowable-async-job-executor-thread-411#
[PollStartAppStatusExecution] 7660856f-8cbb-42ff-826b-d11e3bb26138 [2026-07-26T14:34:59.113275] jse_shortmsg: 'xs-app.json/routes/0/~1~1: Additional properties not allowed', (STDERR, APP/PROC/WEB)#
#2026 07 26 14:35:00.102#Z#DEBUG#a94a10ac-88fe-11f1-b49e-eeee0a804d2e.ai_cap#flowable-async-job-executor-thread-411#
[PollStartAppStatusExecution] 7660856f-8cbb-42ff-826b-d11e3bb26138 [2026-07-26T14:34:59.113278] jse_info: {} (STDERR, APP/PROC/WEB)#
#2026 07 26 14:35:00.102#Z#DEBUG#a94a10ac-88fe-11f1-b49e-eeee0a804d2e.ai_cap#flowable-async-job-executor-thread-411#
[PollStartAppStatusExecution] 7660856f-8cbb-42ff-826b-d11e3bb26138 [2026-07-26T14:34:59.113280] } (STDERR, APP/PROC/WEB)#
#2026 07 26 14:35:00.102#Z#DEBUG#a94a10ac-88fe-11f1-b49e-eeee0a804d2e.ai_cap#flowable-async-job-executor-thread-411#
[PollStartAppStatusExecution] 7660856f-8cbb-42ff-826b-d11e3bb26138 [2026-07-26T14:34:59.113283] Node.js v22.22.2 (STDERR, APP/PROC/WEB)#
#2026 07 26 14:35:00.102#Z#DEBUG#a94a10ac-88fe-11f1-b49e-eeee0a804d2e.ai_cap#flowable-async-job-executor-thread-411#
[PollStartAppStatusExecution] 7660856f-8cbb-42ff-826b-d11e3bb26138 [2026-07-26T14:34:59.122703] npm notice (STDERR, APP/PROC/WEB)#
#2026 07 26 14:35:00.102#Z#DEBUG#a94a10ac-88fe-11f1-b49e-eeee0a804d2e.ai_cap#flowable-async-job-executor-thread-411#
[PollStartAppStatusExecution] 7660856f-8cbb-42ff-826b-d11e3bb26138 [2026-07-26T14:34:59.122726] npm notice New major version of npm available! 10.9.7 -> 12.0.1 (STDERR, APP/PROC/WEB)#
#2026 07 26 14:35:00.102#Z#DEBUG#a94a10ac-88fe-11f1-b49e-eeee0a804d2e.ai_cap#flowable-async-job-executor-thread-411#
[PollStartAppStatusExecution] 7660856f-8cbb-42ff-826b-d11e3bb26138 [2026-07-26T14:34:59.122732] npm notice Changelog: https://github.com/npm/cli/releases/tag/v12.0.1 (STDERR, APP/PROC/WEB)#
#2026 07 26 14:35:00.102#Z#DEBUG#a94a10ac-88fe-11f1-b49e-eeee0a804d2e.ai_cap#flowable-async-job-executor-thread-411#
[PollStartAppStatusExecution] 7660856f-8cbb-42ff-826b-d11e3bb26138 [2026-07-26T14:34:59.122738] npm notice To update run: npm install -g npm@12.0.1 (STDERR, APP/PROC/WEB)#
#2026 07 26 14:35:00.102#Z#DEBUG#a94a10ac-88fe-11f1-b49e-eeee0a804d2e.ai_cap#flowable-async-job-executor-thread-411#
[PollStartAppStatusExecution] 7660856f-8cbb-42ff-826b-d11e3bb26138 [2026-07-26T14:34:59.122742] npm notice (STDERR, APP/PROC/WEB)#
#2026 07 26 14:35:00.102#Z#DEBUG#a94a10ac-88fe-11f1-b49e-eeee0a804d2e.ai_cap#flowable-async-job-executor-thread-411#
[PollStartAppStatusExecution] 7660856f-8cbb-42ff-826b-d11e3bb26138 [2026-07-26T14:34:59.172339] Exit status 1 (STDOUT, APP/PROC/WEB)#
#2026 07 26 14:35:10.129#Z#DEBUG#a94a10ac-88fe-11f1-b49e-eeee0a804d2e.ai_cap#flowable-async-job-executor-thread-414#
[PollStartAppStatusExecution] 7660856f-8cbb-42ff-826b-d11e3bb26138 [2026-07-26T14:35:05.392217] Cell c9806b75-55fc-4bcf-8311-e637c769ac1a stopping instance 217059a1-21ee-4c1f-7d97-bb1f (STDOUT, CELL)#
#2026 07 26 14:35:10.130#Z#DEBUG#a94a10ac-88fe-11f1-b49e-eeee0a804d2e.ai_cap#flowable-async-job-executor-thread-414#
[PollStartAppStatusExecution] 7660856f-8cbb-42ff-826b-d11e3bb26138 [2026-07-26T14:35:05.392266] Cell c9806b75-55fc-4bcf-8311-e637c769ac1a destroying container for instance 217059a1-21ee-4c1f-7d97-bb1f (STDOUT, CELL)#
#2026 07 26 14:35:10.130#Z#DEBUG#a94a10ac-88fe-11f1-b49e-eeee0a804d2e.ai_cap#flowable-async-job-executor-thread-414#
[PollStartAppStatusExecution] 7660856f-8cbb-42ff-826b-d11e3bb26138 [2026-07-26T14:35:05.413348] Process has crashed with type: "web" (STDOUT, API)#
#2026 07 26 14:35:10.130#Z#DEBUG#a94a10ac-88fe-11f1-b49e-eeee0a804d2e.ai_cap#flowable-async-job-executor-thread-414#
[PollStartAppStatusExecution] 7660856f-8cbb-42ff-826b-d11e3bb26138 [2026-07-26T14:35:05.431284] App instance exited with guid 7660856f-8cbb-42ff-826b-d11e3bb26138 payload: {"instance"=>"217059a1-21ee-4c1f-7d97-bb1f", "index"=>0, "cell_id"=>"c9806b75-55fc-4bcf-8311-e637c769ac1a", "reason"=>"CRASHED", "exit_description"=>"APP/PROC/WEB: Exited with status 1", "crash_count"=>3, "crash_timestamp"=>1785076505389028245, "version"=>"ef6b9289-a41e-4c4b-8ec1-27a2a1286138"} (STDOUT, API)#
#2026 07 26 14:35:10.130#Z#DEBUG#a94a10ac-88fe-11f1-b49e-eeee0a804d2e.ai_cap#flowable-async-job-executor-thread-414#
[PollStartAppStatusExecution] 7660856f-8cbb-42ff-826b-d11e3bb26138 [2026-07-26T14:35:05.479955] Exit status 137 (STDOUT, PROXY)#
#2026 07 26 14:35:10.130#Z#DEBUG#a94a10ac-88fe-11f1-b49e-eeee0a804d2e.ai_cap#flowable-async-job-executor-thread-414#
[PollStartAppStatusExecution] 7660856f-8cbb-42ff-826b-d11e3bb26138 [2026-07-26T14:35:06.861003] Cell c9806b75-55fc-4bcf-8311-e637c769ac1a successfully destroyed container for instance 217059a1-21ee-4c1f-7d97-bb1f (STDOUT, CELL)#
#2026 07 26 14:35:20.115#Z#DEBUG#a94a10ac-88fe-11f1-b49e-eeee0a804d2e.ai_cap#flowable-async-job-executor-thread-5260#
[PollStartAppStatusExecution] 7660856f-8cbb-42ff-826b-d11e3bb26138 [2026-07-26T14:35:05.392217] Cell c9806b75-55fc-4bcf-8311-e637c769ac1a stopping instance 217059a1-21ee-4c1f-7d97-bb1f (STDOUT, CELL)#
#2026 07 26 14:35:20.115#Z#DEBUG#a94a10ac-88fe-11f1-b49e-eeee0a804d2e.ai_cap#flowable-async-job-executor-thread-5260#
[PollStartAppStatusExecution] 7660856f-8cbb-42ff-826b-d11e3bb26138 [2026-07-26T14:35:05.392266] Cell c9806b75-55fc-4bcf-8311-e637c769ac1a destroying container for instance 217059a1-21ee-4c1f-7d97-bb1f (STDOUT, CELL)#
#2026 07 26 14:35:20.115#Z#DEBUG#a94a10ac-88fe-11f1-b49e-eeee0a804d2e.ai_cap#flowable-async-job-executor-thread-5260#
[PollStartAppStatusExecution] 7660856f-8cbb-42ff-826b-d11e3bb26138 [2026-07-26T14:35:05.413348] Process has crashed with type: "web" (STDOUT, API)#
#2026 07 26 14:35:20.115#Z#DEBUG#a94a10ac-88fe-11f1-b49e-eeee0a804d2e.ai_cap#flowable-async-job-executor-thread-5260#
[PollStartAppStatusExecution] 7660856f-8cbb-42ff-826b-d11e3bb26138 [2026-07-26T14:35:05.431284] App instance exited with guid 7660856f-8cbb-42ff-826b-d11e3bb26138 payload: {"instance"=>"217059a1-21ee-4c1f-7d97-bb1f", "index"=>0, "cell_id"=>"c9806b75-55fc-4bcf-8311-e637c769ac1a", "reason"=>"CRASHED", "exit_description"=>"APP/PROC/WEB: Exited with status 1", "crash_count"=>3, "crash_timestamp"=>1785076505389028245, "version"=>"ef6b9289-a41e-4c4b-8ec1-27a2a1286138"} (STDOUT, API)#
#2026 07 26 14:35:20.115#Z#DEBUG#a94a10ac-88fe-11f1-b49e-eeee0a804d2e.ai_cap#flowable-async-job-executor-thread-5260#
[PollStartAppStatusExecution] 7660856f-8cbb-42ff-826b-d11e3bb26138 [2026-07-26T14:35:05.479955] Exit status 137 (STDOUT, PROXY)#
#2026 07 26 14:35:20.115#Z#DEBUG#a94a10ac-88fe-11f1-b49e-eeee0a804d2e.ai_cap#flowable-async-job-executor-thread-5260#
[PollStartAppStatusExecution] 7660856f-8cbb-42ff-826b-d11e3bb26138 [2026-07-26T14:35:06.861003] Cell c9806b75-55fc-4bcf-8311-e637c769ac1a successfully destroyed container for instance 217059a1-21ee-4c1f-7d97-bb1f (STDOUT, CELL)#
#2026 07 26 14:35:20.115#Z#DEBUG#a94a10ac-88fe-11f1-b49e-eeee0a804d2e.ai_cap#flowable-async-job-executor-thread-5260#
[PollStartAppStatusExecution] 7660856f-8cbb-42ff-826b-d11e3bb26138 [2026-07-26T14:35:13.369489] Stopping app with guid 7660856f-8cbb-42ff-826b-d11e3bb26138 (STDOUT, API)#
#2026 07 26 14:35:20.115#Z#DEBUG#a94a10ac-88fe-11f1-b49e-eeee0a804d2e.ai_cap#flowable-async-job-executor-thread-5260#
[PollStartAppStatusExecution] 7660856f-8cbb-42ff-826b-d11e3bb26138 [2026-07-26T14:35:13.576377] Starting app with guid 7660856f-8cbb-42ff-826b-d11e3bb26138 (STDOUT, API)#
#2026 07 26 14:35:20.115#Z#DEBUG#a94a10ac-88fe-11f1-b49e-eeee0a804d2e.ai_cap#flowable-async-job-executor-thread-5260#
[PollStartAppStatusExecution] 7660856f-8cbb-42ff-826b-d11e3bb26138 [2026-07-26T14:35:13.787406] Cell ffbf1d8b-e3a2-48cb-b9b3-305ae3f7bf07 creating container for instance 72503352-e641-42f5-6479-c2b6 (STDOUT, CELL)#
#2026 07 26 14:35:20.115#Z#DEBUG#a94a10ac-88fe-11f1-b49e-eeee0a804d2e.ai_cap#flowable-async-job-executor-thread-5260#
[PollStartAppStatusExecution] 7660856f-8cbb-42ff-826b-d11e3bb26138 [2026-07-26T14:35:14.103423] Security group rules were updated (STDOUT, CELL)#
#2026 07 26 14:35:20.115#Z#DEBUG#a94a10ac-88fe-11f1-b49e-eeee0a804d2e.ai_cap#flowable-async-job-executor-thread-5260#
[PollStartAppStatusExecution] 7660856f-8cbb-42ff-826b-d11e3bb26138 [2026-07-26T14:35:14.165805] Cell ffbf1d8b-e3a2-48cb-b9b3-305ae3f7bf07 successfully created container for instance 72503352-e641-42f5-6479-c2b6 (STDOUT, CELL)#
#2026 07 26 14:35:20.115#Z#DEBUG#a94a10ac-88fe-11f1-b49e-eeee0a804d2e.ai_cap#flowable-async-job-executor-thread-5260#
[PollStartAppStatusExecution] 7660856f-8cbb-42ff-826b-d11e3bb26138 [2026-07-26T14:35:14.752098] Downloading droplet... (STDOUT, CELL)#
#2026 07 26 14:35:20.115#Z#DEBUG#a94a10ac-88fe-11f1-b49e-eeee0a804d2e.ai_cap#flowable-async-job-executor-thread-5260#
[PollStartAppStatusExecution] 7660856f-8cbb-42ff-826b-d11e3bb26138 [2026-07-26T14:35:17.825236] Downloaded droplet (62.2M) (STDOUT, CELL)#
#2026 07 26 14:35:20.115#Z#DEBUG#a94a10ac-88fe-11f1-b49e-eeee0a804d2e.ai_cap#flowable-async-job-executor-thread-5260#
[PollStartAppStatusExecution] 7660856f-8cbb-42ff-826b-d11e3bb26138 [2026-07-26T14:35:17.825399] Starting health monitoring of container (STDOUT, CELL)#
#2026 07 26 14:35:20.115#Z#DEBUG#a94a10ac-88fe-11f1-b49e-eeee0a804d2e.ai_cap#flowable-async-job-executor-thread-5260#
[PollStartAppStatusExecution] 7660856f-8cbb-42ff-826b-d11e3bb26138 [2026-07-26T14:35:17.885927] Invoking pre-start scripts. (STDOUT, APP/PROC/WEB)#
#2026 07 26 14:35:20.115#Z#DEBUG#a94a10ac-88fe-11f1-b49e-eeee0a804d2e.ai_cap#flowable-async-job-executor-thread-5260#
[PollStartAppStatusExecution] 7660856f-8cbb-42ff-826b-d11e3bb26138 [2026-07-26T14:35:18.027486] Invoking start command. (STDOUT, APP/PROC/WEB)#
#2026 07 26 14:35:20.115#Z#DEBUG#a94a10ac-88fe-11f1-b49e-eeee0a804d2e.ai_cap#flowable-async-job-executor-thread-5260#
[PollStartAppStatusExecution] 7660856f-8cbb-42ff-826b-d11e3bb26138 [2026-07-26T14:35:18.316596] > start (STDOUT, APP/PROC/WEB)#
#2026 07 26 14:35:20.115#Z#DEBUG#a94a10ac-88fe-11f1-b49e-eeee0a804d2e.ai_cap#flowable-async-job-executor-thread-5260#
[PollStartAppStatusExecution] 7660856f-8cbb-42ff-826b-d11e3bb26138 [2026-07-26T14:35:18.316618] > node node_modules/@sap/approuter/approuter.js (STDOUT, APP/PROC/WEB)#
#2026 07 26 14:35:20.115#Z#DEBUG#a94a10ac-88fe-11f1-b49e-eeee0a804d2e.ai_cap#flowable-async-job-executor-thread-5260#
[PollStartAppStatusExecution] 7660856f-8cbb-42ff-826b-d11e3bb26138 [2026-07-26T14:35:18.446968] {"written_at":"2026-07-26T14:35:18.445Z","written_ts":1785076518445000000,"csn_component":"-","correlation_id":"-","type":"log","logger":"nodejs-logger","layer":"/LoggingLibrary","level":"warning","container_id":"10.0.73.12","component_type":"application","component_id":"7660856f-8cbb-42ff-826b-d11e3bb26138","component_name":"ai_cap","component_instance":-1,"source_instance":-1,"organization_id":"8a7111bd-c1db-49fb-9463-093b5098054f","organization_name":"ABeam Consulting Ltd._jt9-lfwzntz7c-y6","space_id":"88e5ad75-c77c-4164-b356-00f6d6d0ccdf","space_name":"dev","context_id":"","msg":"Dynamic log level switching not available"} (STDOUT, APP/PROC/WEB)#
#2026 07 26 14:35:20.115#Z#DEBUG#a94a10ac-88fe-11f1-b49e-eeee0a804d2e.ai_cap#flowable-async-job-executor-thread-5260#
[PollStartAppStatusExecution] 7660856f-8cbb-42ff-826b-d11e3bb26138 [2026-07-26T14:35:18.802691] {"written_at":"2026-07-26T14:35:18.802Z","written_ts":1785076518802000000,"csn_component":"-","correlation_id":"ms1wgx3m","type":"log","logger":"nodejs-logger","layer":"/approuter","level":"info","container_id":"10.0.73.12","component_type":"application","component_id":"7660856f-8cbb-42ff-826b-d11e3bb26138","component_name":"ai_cap","component_instance":-1,"source_instance":-1,"organization_id":"8a7111bd-c1db-49fb-9463-093b5098054f","organization_name":"ABeam Consulting Ltd._jt9-lfwzntz7c-y6","space_id":"88e5ad75-c77c-4164-b356-00f6d6d0ccdf","space_name":"dev","context_id":"ms1wgx3m","msg":"Application router version 21.5.0"} (STDOUT, APP/PROC/WEB)#
#2026 07 26 14:35:20.115#Z#DEBUG#a94a10ac-88fe-11f1-b49e-eeee0a804d2e.ai_cap#flowable-async-job-executor-thread-5260#
[PollStartAppStatusExecution] 7660856f-8cbb-42ff-826b-d11e3bb26138 [2026-07-26T14:35:18.805179] {"written_at":"2026-07-26T14:35:18.804Z","written_ts":1785076518804000000,"csn_component":"-","correlation_id":"ms1wgx3p","type":"log","logger":"nodejs-logger","layer":"/Configuration","level":"info","container_id":"10.0.73.12","component_type":"application","component_id":"7660856f-8cbb-42ff-826b-d11e3bb26138","component_name":"ai_cap","component_instance":-1,"source_instance":-1,"organization_id":"8a7111bd-c1db-49fb-9463-093b5098054f","organization_name":"ABeam Consulting Ltd._jt9-lfwzntz7c-y6","space_id":"88e5ad75-c77c-4164-b356-00f6d6d0ccdf","space_name":"dev","context_id":"ms1wgx3p","msg":"No COOKIES environment variable"} (STDOUT, APP/PROC/WEB)#
#2026 07 26 14:35:20.115#Z#DEBUG#a94a10ac-88fe-11f1-b49e-eeee0a804d2e.ai_cap#flowable-async-job-executor-thread-5260#
[PollStartAppStatusExecution] 7660856f-8cbb-42ff-826b-d11e3bb26138 [2026-07-26T14:35:18.809936] /home/vcap/deps/0/node_modules/@sap/approuter/lib/utils/JsonValidator.js:30 (STDERR, APP/PROC/WEB)#
#2026 07 26 14:35:20.115#Z#DEBUG#a94a10ac-88fe-11f1-b49e-eeee0a804d2e.ai_cap#flowable-async-job-executor-thread-5260#
[PollStartAppStatusExecution] 7660856f-8cbb-42ff-826b-d11e3bb26138 [2026-07-26T14:35:18.809950] throw new VError('%s%s: %s', (STDERR, APP/PROC/WEB)#
#2026 07 26 14:35:20.115#Z#DEBUG#a94a10ac-88fe-11f1-b49e-eeee0a804d2e.ai_cap#flowable-async-job-executor-thread-5260#
[PollStartAppStatusExecution] 7660856f-8cbb-42ff-826b-d11e3bb26138 [2026-07-26T14:35:18.809954] ^ (STDERR, APP/PROC/WEB)#
#2026 07 26 14:35:20.115#Z#DEBUG#a94a10ac-88fe-11f1-b49e-eeee0a804d2e.ai_cap#flowable-async-job-executor-thread-5260#
[PollStartAppStatusExecution] 7660856f-8cbb-42ff-826b-d11e3bb26138 [2026-07-26T14:35:18.810251] VError: xs-app.json/routes/0/~1~1: Additional properties not allowed (STDERR, APP/PROC/WEB)#
#2026 07 26 14:35:20.115#Z#DEBUG#a94a10ac-88fe-11f1-b49e-eeee0a804d2e.ai_cap#flowable-async-job-executor-thread-5260#
[PollStartAppStatusExecution] 7660856f-8cbb-42ff-826b-d11e3bb26138 [2026-07-26T14:35:18.810262] at JsonValidator.validate (/home/vcap/deps/0/node_modules/@sap/approuter/lib/utils/JsonValidator.js:30:11) (STDERR, APP/PROC/WEB)#
#2026 07 26 14:35:20.115#Z#DEBUG#a94a10ac-88fe-11f1-b49e-eeee0a804d2e.ai_cap#flowable-async-job-executor-thread-5260#
[PollStartAppStatusExecution] 7660856f-8cbb-42ff-826b-d11e3bb26138 [2026-07-26T14:35:18.810268] at Object.validateXsApp (/home/vcap/deps/0/node_modules/@sap/approuter/lib/configuration/validators.js:168:15) (STDERR, APP/PROC/WEB)#
#2026 07 26 14:35:20.115#Z#DEBUG#a94a10ac-88fe-11f1-b49e-eeee0a804d2e.ai_cap#flowable-async-job-executor-thread-5260#
[PollStartAppStatusExecution] 7660856f-8cbb-42ff-826b-d11e3bb26138 [2026-07-26T14:35:18.810270] at exports.loadConfiguration (/home/vcap/deps/0/node_modules/@sap/approuter/lib/configuration/app-config.js:21:14) (STDERR, APP/PROC/WEB)#
#2026 07 26 14:35:20.115#Z#DEBUG#a94a10ac-88fe-11f1-b49e-eeee0a804d2e.ai_cap#flowable-async-job-executor-thread-5260#
[PollStartAppStatusExecution] 7660856f-8cbb-42ff-826b-d11e3bb26138 [2026-07-26T14:35:18.810272] at module.exports.load (/home/vcap/deps/0/node_modules/@sap/approuter/lib/configuration.js:24:34) (STDERR, APP/PROC/WEB)#
#2026 07 26 14:35:20.115#Z#DEBUG#a94a10ac-88fe-11f1-b49e-eeee0a804d2e.ai_cap#flowable-async-job-executor-thread-5260#
[PollStartAppStatusExecution] 7660856f-8cbb-42ff-826b-d11e3bb26138 [2026-07-26T14:35:18.810276] at bootstrap (/home/vcap/deps/0/node_modules/@sap/approuter/lib/bootstrap.js:68:38) (STDERR, APP/PROC/WEB)#
#2026 07 26 14:35:20.115#Z#DEBUG#a94a10ac-88fe-11f1-b49e-eeee0a804d2e.ai_cap#flowable-async-job-executor-thread-5260#
[PollStartAppStatusExecution] 7660856f-8cbb-42ff-826b-d11e3bb26138 [2026-07-26T14:35:18.810280] at Approuter.start (/home/vcap/deps/0/node_modules/@sap/approuter/approuter.js:71:13) (STDERR, APP/PROC/WEB)#
#2026 07 26 14:35:20.115#Z#DEBUG#a94a10ac-88fe-11f1-b49e-eeee0a804d2e.ai_cap#flowable-async-job-executor-thread-5260#
[PollStartAppStatusExecution] 7660856f-8cbb-42ff-826b-d11e3bb26138 [2026-07-26T14:35:18.810283] at Object.<anonymous> (/home/vcap/deps/0/node_modules/@sap/approuter/approuter.js:178:6) (STDERR, APP/PROC/WEB)#
#2026 07 26 14:35:20.115#Z#DEBUG#a94a10ac-88fe-11f1-b49e-eeee0a804d2e.ai_cap#flowable-async-job-executor-thread-5260#
[PollStartAppStatusExecution] 7660856f-8cbb-42ff-826b-d11e3bb26138 [2026-07-26T14:35:18.810286] at Module._compile (node:internal/modules/cjs/loader:1705:14) (STDERR, APP/PROC/WEB)#
#2026 07 26 14:35:20.115#Z#DEBUG#a94a10ac-88fe-11f1-b49e-eeee0a804d2e.ai_cap#flowable-async-job-executor-thread-5260#
[PollStartAppStatusExecution] 7660856f-8cbb-42ff-826b-d11e3bb26138 [2026-07-26T14:35:18.810289] at Object..js (node:internal/modules/cjs/loader:1838:10) (STDERR, APP/PROC/WEB)#
#2026 07 26 14:35:20.115#Z#DEBUG#a94a10ac-88fe-11f1-b49e-eeee0a804d2e.ai_cap#flowable-async-job-executor-thread-5260#
[PollStartAppStatusExecution] 7660856f-8cbb-42ff-826b-d11e3bb26138 [2026-07-26T14:35:18.810291] at Module.load (node:internal/modules/cjs/loader:1441:32) { (STDERR, APP/PROC/WEB)#
#2026 07 26 14:35:20.115#Z#DEBUG#a94a10ac-88fe-11f1-b49e-eeee0a804d2e.ai_cap#flowable-async-job-executor-thread-5260#
[PollStartAppStatusExecution] 7660856f-8cbb-42ff-826b-d11e3bb26138 [2026-07-26T14:35:18.810293] jse_shortmsg: 'xs-app.json/routes/0/~1~1: Additional properties not allowed', (STDERR, APP/PROC/WEB)#
#2026 07 26 14:35:20.115#Z#DEBUG#a94a10ac-88fe-11f1-b49e-eeee0a804d2e.ai_cap#flowable-async-job-executor-thread-5260#
[PollStartAppStatusExecution] 7660856f-8cbb-42ff-826b-d11e3bb26138 [2026-07-26T14:35:18.810296] jse_info: {} (STDERR, APP/PROC/WEB)#
#2026 07 26 14:35:20.115#Z#DEBUG#a94a10ac-88fe-11f1-b49e-eeee0a804d2e.ai_cap#flowable-async-job-executor-thread-5260#
[PollStartAppStatusExecution] 7660856f-8cbb-42ff-826b-d11e3bb26138 [2026-07-26T14:35:18.810299] } (STDERR, APP/PROC/WEB)#
#2026 07 26 14:35:20.115#Z#DEBUG#a94a10ac-88fe-11f1-b49e-eeee0a804d2e.ai_cap#flowable-async-job-executor-thread-5260#
[PollStartAppStatusExecution] 7660856f-8cbb-42ff-826b-d11e3bb26138 [2026-07-26T14:35:18.810301] Node.js v22.22.2 (STDERR, APP/PROC/WEB)#
#2026 07 26 14:35:20.115#Z#DEBUG#a94a10ac-88fe-11f1-b49e-eeee0a804d2e.ai_cap#flowable-async-job-executor-thread-5260#
[PollStartAppStatusExecution] 7660856f-8cbb-42ff-826b-d11e3bb26138 [2026-07-26T14:35:18.819548] npm notice (STDERR, APP/PROC/WEB)#
#2026 07 26 14:35:20.115#Z#DEBUG#a94a10ac-88fe-11f1-b49e-eeee0a804d2e.ai_cap#flowable-async-job-executor-thread-5260#
[PollStartAppStatusExecution] 7660856f-8cbb-42ff-826b-d11e3bb26138 [2026-07-26T14:35:18.819563] npm notice New major version of npm available! 10.9.7 -> 12.0.1 (STDERR, APP/PROC/WEB)#
#2026 07 26 14:35:20.115#Z#DEBUG#a94a10ac-88fe-11f1-b49e-eeee0a804d2e.ai_cap#flowable-async-job-executor-thread-5260#
[PollStartAppStatusExecution] 7660856f-8cbb-42ff-826b-d11e3bb26138 [2026-07-26T14:35:18.819565] npm notice Changelog: https://github.com/npm/cli/releases/tag/v12.0.1 (STDERR, APP/PROC/WEB)#
#2026 07 26 14:35:20.115#Z#DEBUG#a94a10ac-88fe-11f1-b49e-eeee0a804d2e.ai_cap#flowable-async-job-executor-thread-5260#
[PollStartAppStatusExecution] 7660856f-8cbb-42ff-826b-d11e3bb26138 [2026-07-26T14:35:18.819568] npm notice To update run: npm install -g npm@12.0.1 (STDERR, APP/PROC/WEB)#
#2026 07 26 14:35:20.115#Z#DEBUG#a94a10ac-88fe-11f1-b49e-eeee0a804d2e.ai_cap#flowable-async-job-executor-thread-5260#
[PollStartAppStatusExecution] 7660856f-8cbb-42ff-826b-d11e3bb26138 [2026-07-26T14:35:18.819572] npm notice (STDERR, APP/PROC/WEB)#
#2026 07 26 14:35:20.115#Z#DEBUG#a94a10ac-88fe-11f1-b49e-eeee0a804d2e.ai_cap#flowable-async-job-executor-thread-5260#
[PollStartAppStatusExecution] 7660856f-8cbb-42ff-826b-d11e3bb26138 [2026-07-26T14:35:18.867896] Exit status 1 (STDOUT, APP/PROC/WEB)#
#2026 07 26 14:35:30.234#Z#DEBUG#a94a10ac-88fe-11f1-b49e-eeee0a804d2e.ai_cap#flowable-async-job-executor-thread-417#
[PollStartAppStatusExecution] 7660856f-8cbb-42ff-826b-d11e3bb26138 [2026-07-26T14:35:25.071661] Cell ffbf1d8b-e3a2-48cb-b9b3-305ae3f7bf07 stopping instance 72503352-e641-42f5-6479-c2b6 (STDOUT, CELL)#
#2026 07 26 14:35:30.234#Z#DEBUG#a94a10ac-88fe-11f1-b49e-eeee0a804d2e.ai_cap#flowable-async-job-executor-thread-417#
[PollStartAppStatusExecution] 7660856f-8cbb-42ff-826b-d11e3bb26138 [2026-07-26T14:35:25.071724] Cell ffbf1d8b-e3a2-48cb-b9b3-305ae3f7bf07 destroying container for instance 72503352-e641-42f5-6479-c2b6 (STDOUT, CELL)#
#2026 07 26 14:35:30.234#Z#DEBUG#a94a10ac-88fe-11f1-b49e-eeee0a804d2e.ai_cap#flowable-async-job-executor-thread-417#
[PollStartAppStatusExecution] 7660856f-8cbb-42ff-826b-d11e3bb26138 [2026-07-26T14:35:25.077419] Process has crashed with type: "web" (STDOUT, API)#
#2026 07 26 14:35:30.234#Z#DEBUG#a94a10ac-88fe-11f1-b49e-eeee0a804d2e.ai_cap#flowable-async-job-executor-thread-417#
[PollStartAppStatusExecution] 7660856f-8cbb-42ff-826b-d11e3bb26138 [2026-07-26T14:35:25.088732] App instance exited with guid 7660856f-8cbb-42ff-826b-d11e3bb26138 payload: {"instance"=>"72503352-e641-42f5-6479-c2b6", "index"=>0, "cell_id"=>"ffbf1d8b-e3a2-48cb-b9b3-305ae3f7bf07", "reason"=>"CRASHED", "exit_description"=>"APP/PROC/WEB: Exited with status 1", "crash_count"=>1, "crash_timestamp"=>1785076525056173982, "version"=>"06ff9dc2-85d6-43d1-9447-a3b3a9e67bbb"} (STDOUT, API)#
#2026 07 26 14:35:30.234#Z#DEBUG#a94a10ac-88fe-11f1-b49e-eeee0a804d2e.ai_cap#flowable-async-job-executor-thread-417#
[PollStartAppStatusExecution] 7660856f-8cbb-42ff-826b-d11e3bb26138 [2026-07-26T14:35:25.126999] Cell 72102533-1a09-4fba-8cbe-2355a2f540bf creating container for instance d2a4df78-03fa-4db0-7712-cb62 (STDOUT, CELL)#
#2026 07 26 14:35:30.234#Z#DEBUG#a94a10ac-88fe-11f1-b49e-eeee0a804d2e.ai_cap#flowable-async-job-executor-thread-417#
[PollStartAppStatusExecution] 7660856f-8cbb-42ff-826b-d11e3bb26138 [2026-07-26T14:35:25.157045] Exit status 137 (STDOUT, PROXY)#
#2026 07 26 14:35:30.234#Z#DEBUG#a94a10ac-88fe-11f1-b49e-eeee0a804d2e.ai_cap#flowable-async-job-executor-thread-417#
[PollStartAppStatusExecution] 7660856f-8cbb-42ff-826b-d11e3bb26138 [2026-07-26T14:35:25.711281] Security group rules were updated (STDOUT, CELL)#
#2026 07 26 14:35:30.234#Z#DEBUG#a94a10ac-88fe-11f1-b49e-eeee0a804d2e.ai_cap#flowable-async-job-executor-thread-417#
[PollStartAppStatusExecution] 7660856f-8cbb-42ff-826b-d11e3bb26138 [2026-07-26T14:35:25.775483] Cell 72102533-1a09-4fba-8cbe-2355a2f540bf successfully created container for instance d2a4df78-03fa-4db0-7712-cb62 (STDOUT, CELL)#
#2026 07 26 14:35:30.234#Z#DEBUG#a94a10ac-88fe-11f1-b49e-eeee0a804d2e.ai_cap#flowable-async-job-executor-thread-417#
[PollStartAppStatusExecution] 7660856f-8cbb-42ff-826b-d11e3bb26138 [2026-07-26T14:35:26.404224] Downloading droplet... (STDOUT, CELL)#
#2026 07 26 14:35:30.234#Z#DEBUG#a94a10ac-88fe-11f1-b49e-eeee0a804d2e.ai_cap#flowable-async-job-executor-thread-417#
[PollStartAppStatusExecution] 7660856f-8cbb-42ff-826b-d11e3bb26138 [2026-07-26T14:35:26.446208] Cell ffbf1d8b-e3a2-48cb-b9b3-305ae3f7bf07 successfully destroyed container for instance 72503352-e641-42f5-6479-c2b6 (STDOUT, CELL)#
#2026 07 26 14:35:40.112#Z#DEBUG#a94a10ac-88fe-11f1-b49e-eeee0a804d2e.ai_cap#flowable-async-job-executor-thread-420#
[PollStartAppStatusExecution] 7660856f-8cbb-42ff-826b-d11e3bb26138 [2026-07-26T14:35:29.875085] Downloaded droplet (62.2M) (STDOUT, CELL)#
#2026 07 26 14:35:40.112#Z#DEBUG#a94a10ac-88fe-11f1-b49e-eeee0a804d2e.ai_cap#flowable-async-job-executor-thread-420#
[PollStartAppStatusExecution] 7660856f-8cbb-42ff-826b-d11e3bb26138 [2026-07-26T14:35:29.875296] Starting health monitoring of container (STDOUT, CELL)#
#2026 07 26 14:35:40.112#Z#DEBUG#a94a10ac-88fe-11f1-b49e-eeee0a804d2e.ai_cap#flowable-async-job-executor-thread-420#
[PollStartAppStatusExecution] 7660856f-8cbb-42ff-826b-d11e3bb26138 [2026-07-26T14:35:29.957421] Invoking pre-start scripts. (STDOUT, APP/PROC/WEB)#
#2026 07 26 14:35:40.112#Z#DEBUG#a94a10ac-88fe-11f1-b49e-eeee0a804d2e.ai_cap#flowable-async-job-executor-thread-420#
[PollStartAppStatusExecution] 7660856f-8cbb-42ff-826b-d11e3bb26138 [2026-07-26T14:35:30.125184] Invoking start command. (STDOUT, APP/PROC/WEB)#
#2026 07 26 14:35:40.112#Z#DEBUG#a94a10ac-88fe-11f1-b49e-eeee0a804d2e.ai_cap#flowable-async-job-executor-thread-420#
[PollStartAppStatusExecution] 7660856f-8cbb-42ff-826b-d11e3bb26138 [2026-07-26T14:35:30.443639] > start (STDOUT, APP/PROC/WEB)#
#2026 07 26 14:35:40.112#Z#DEBUG#a94a10ac-88fe-11f1-b49e-eeee0a804d2e.ai_cap#flowable-async-job-executor-thread-420#
[PollStartAppStatusExecution] 7660856f-8cbb-42ff-826b-d11e3bb26138 [2026-07-26T14:35:30.443666] > node node_modules/@sap/approuter/approuter.js (STDOUT, APP/PROC/WEB)#
#2026 07 26 14:35:40.112#Z#DEBUG#a94a10ac-88fe-11f1-b49e-eeee0a804d2e.ai_cap#flowable-async-job-executor-thread-420#
[PollStartAppStatusExecution] 7660856f-8cbb-42ff-826b-d11e3bb26138 [2026-07-26T14:35:30.595395] {"written_at":"2026-07-26T14:35:30.593Z","written_ts":1785076530593000000,"csn_component":"-","correlation_id":"-","type":"log","logger":"nodejs-logger","layer":"/LoggingLibrary","level":"warning","container_id":"10.0.201.32","component_type":"application","component_id":"7660856f-8cbb-42ff-826b-d11e3bb26138","component_name":"ai_cap","component_instance":-1,"source_instance":-1,"organization_id":"8a7111bd-c1db-49fb-9463-093b5098054f","organization_name":"ABeam Consulting Ltd._jt9-lfwzntz7c-y6","space_id":"88e5ad75-c77c-4164-b356-00f6d6d0ccdf","space_name":"dev","context_id":"","msg":"Dynamic log level switching not available"} (STDOUT, APP/PROC/WEB)#
#2026 07 26 14:35:40.112#Z#DEBUG#a94a10ac-88fe-11f1-b49e-eeee0a804d2e.ai_cap#flowable-async-job-executor-thread-420#
[PollStartAppStatusExecution] 7660856f-8cbb-42ff-826b-d11e3bb26138 [2026-07-26T14:35:31.026333] {"written_at":"2026-07-26T14:35:31.025Z","written_ts":1785076531025000000,"csn_component":"-","correlation_id":"ms1wh6j6","type":"log","logger":"nodejs-logger","layer":"/approuter","level":"info","container_id":"10.0.201.32","component_type":"application","component_id":"7660856f-8cbb-42ff-826b-d11e3bb26138","component_name":"ai_cap","component_instance":-1,"source_instance":-1,"organization_id":"8a7111bd-c1db-49fb-9463-093b5098054f","organization_name":"ABeam Consulting Ltd._jt9-lfwzntz7c-y6","space_id":"88e5ad75-c77c-4164-b356-00f6d6d0ccdf","space_name":"dev","context_id":"ms1wh6j6","msg":"Application router version 21.5.0"} (STDOUT, APP/PROC/WEB)#
#2026 07 26 14:35:40.112#Z#DEBUG#a94a10ac-88fe-11f1-b49e-eeee0a804d2e.ai_cap#flowable-async-job-executor-thread-420#
[PollStartAppStatusExecution] 7660856f-8cbb-42ff-826b-d11e3bb26138 [2026-07-26T14:35:31.028913] {"written_at":"2026-07-26T14:35:31.028Z","written_ts":1785076531028000000,"csn_component":"-","correlation_id":"ms1wh6j8","type":"log","logger":"nodejs-logger","layer":"/Configuration","level":"info","container_id":"10.0.201.32","component_type":"application","component_id":"7660856f-8cbb-42ff-826b-d11e3bb26138","component_name":"ai_cap","component_instance":-1,"source_instance":-1,"organization_id":"8a7111bd-c1db-49fb-9463-093b5098054f","organization_name":"ABeam Consulting Ltd._jt9-lfwzntz7c-y6","space_id":"88e5ad75-c77c-4164-b356-00f6d6d0ccdf","space_name":"dev","context_id":"ms1wh6j8","msg":"No COOKIES environment variable"} (STDOUT, APP/PROC/WEB)#
#2026 07 26 14:35:40.112#Z#DEBUG#a94a10ac-88fe-11f1-b49e-eeee0a804d2e.ai_cap#flowable-async-job-executor-thread-420#
[PollStartAppStatusExecution] 7660856f-8cbb-42ff-826b-d11e3bb26138 [2026-07-26T14:35:31.034825] /home/vcap/deps/0/node_modules/@sap/approuter/lib/utils/JsonValidator.js:30 (STDERR, APP/PROC/WEB)#
#2026 07 26 14:35:40.112#Z#DEBUG#a94a10ac-88fe-11f1-b49e-eeee0a804d2e.ai_cap#flowable-async-job-executor-thread-420#
[PollStartAppStatusExecution] 7660856f-8cbb-42ff-826b-d11e3bb26138 [2026-07-26T14:35:31.034846] throw new VError('%s%s: %s', (STDERR, APP/PROC/WEB)#
#2026 07 26 14:35:40.112#Z#DEBUG#a94a10ac-88fe-11f1-b49e-eeee0a804d2e.ai_cap#flowable-async-job-executor-thread-420#
[PollStartAppStatusExecution] 7660856f-8cbb-42ff-826b-d11e3bb26138 [2026-07-26T14:35:31.034850] ^ (STDERR, APP/PROC/WEB)#
#2026 07 26 14:35:40.112#Z#DEBUG#a94a10ac-88fe-11f1-b49e-eeee0a804d2e.ai_cap#flowable-async-job-executor-thread-420#
[PollStartAppStatusExecution] 7660856f-8cbb-42ff-826b-d11e3bb26138 [2026-07-26T14:35:31.035157] VError: xs-app.json/routes/0/~1~1: Additional properties not allowed (STDERR, APP/PROC/WEB)#
#2026 07 26 14:35:40.112#Z#DEBUG#a94a10ac-88fe-11f1-b49e-eeee0a804d2e.ai_cap#flowable-async-job-executor-thread-420#
[PollStartAppStatusExecution] 7660856f-8cbb-42ff-826b-d11e3bb26138 [2026-07-26T14:35:31.035172] at JsonValidator.validate (/home/vcap/deps/0/node_modules/@sap/approuter/lib/utils/JsonValidator.js:30:11) (STDERR, APP/PROC/WEB)#
#2026 07 26 14:35:40.112#Z#DEBUG#a94a10ac-88fe-11f1-b49e-eeee0a804d2e.ai_cap#flowable-async-job-executor-thread-420#
[PollStartAppStatusExecution] 7660856f-8cbb-42ff-826b-d11e3bb26138 [2026-07-26T14:35:31.035176] at Object.validateXsApp (/home/vcap/deps/0/node_modules/@sap/approuter/lib/configuration/validators.js:168:15) (STDERR, APP/PROC/WEB)#
#2026 07 26 14:35:40.112#Z#DEBUG#a94a10ac-88fe-11f1-b49e-eeee0a804d2e.ai_cap#flowable-async-job-executor-thread-420#
[PollStartAppStatusExecution] 7660856f-8cbb-42ff-826b-d11e3bb26138 [2026-07-26T14:35:31.035180] at exports.loadConfiguration (/home/vcap/deps/0/node_modules/@sap/approuter/lib/configuration/app-config.js:21:14) (STDERR, APP/PROC/WEB)#
#2026 07 26 14:35:40.112#Z#DEBUG#a94a10ac-88fe-11f1-b49e-eeee0a804d2e.ai_cap#flowable-async-job-executor-thread-420#
[PollStartAppStatusExecution] 7660856f-8cbb-42ff-826b-d11e3bb26138 [2026-07-26T14:35:31.035183] at module.exports.load (/home/vcap/deps/0/node_modules/@sap/approuter/lib/configuration.js:24:34) (STDERR, APP/PROC/WEB)#
#2026 07 26 14:35:40.112#Z#DEBUG#a94a10ac-88fe-11f1-b49e-eeee0a804d2e.ai_cap#flowable-async-job-executor-thread-420#
[PollStartAppStatusExecution] 7660856f-8cbb-42ff-826b-d11e3bb26138 [2026-07-26T14:35:31.035190] at bootstrap (/home/vcap/deps/0/node_modules/@sap/approuter/lib/bootstrap.js:68:38) (STDERR, APP/PROC/WEB)#
#2026 07 26 14:35:40.112#Z#DEBUG#a94a10ac-88fe-11f1-b49e-eeee0a804d2e.ai_cap#flowable-async-job-executor-thread-420#
[PollStartAppStatusExecution] 7660856f-8cbb-42ff-826b-d11e3bb26138 [2026-07-26T14:35:31.035194] at Approuter.start (/home/vcap/deps/0/node_modules/@sap/approuter/approuter.js:71:13) (STDERR, APP/PROC/WEB)#
#2026 07 26 14:35:40.112#Z#DEBUG#a94a10ac-88fe-11f1-b49e-eeee0a804d2e.ai_cap#flowable-async-job-executor-thread-420#
[PollStartAppStatusExecution] 7660856f-8cbb-42ff-826b-d11e3bb26138 [2026-07-26T14:35:31.035197] at Object.<anonymous> (/home/vcap/deps/0/node_modules/@sap/approuter/approuter.js:178:6) (STDERR, APP/PROC/WEB)#
#2026 07 26 14:35:40.112#Z#DEBUG#a94a10ac-88fe-11f1-b49e-eeee0a804d2e.ai_cap#flowable-async-job-executor-thread-420#
[PollStartAppStatusExecution] 7660856f-8cbb-42ff-826b-d11e3bb26138 [2026-07-26T14:35:31.035200] at Module._compile (node:internal/modules/cjs/loader:1705:14) (STDERR, APP/PROC/WEB)#
#2026 07 26 14:35:40.112#Z#DEBUG#a94a10ac-88fe-11f1-b49e-eeee0a804d2e.ai_cap#flowable-async-job-executor-thread-420#
[PollStartAppStatusExecution] 7660856f-8cbb-42ff-826b-d11e3bb26138 [2026-07-26T14:35:31.035204] at Object..js (node:internal/modules/cjs/loader:1838:10) (STDERR, APP/PROC/WEB)#
#2026 07 26 14:35:40.112#Z#DEBUG#a94a10ac-88fe-11f1-b49e-eeee0a804d2e.ai_cap#flowable-async-job-executor-thread-420#
[PollStartAppStatusExecution] 7660856f-8cbb-42ff-826b-d11e3bb26138 [2026-07-26T14:35:31.035208] at Module.load (node:internal/modules/cjs/loader:1441:32) { (STDERR, APP/PROC/WEB)#
#2026 07 26 14:35:40.112#Z#DEBUG#a94a10ac-88fe-11f1-b49e-eeee0a804d2e.ai_cap#flowable-async-job-executor-thread-420#
[PollStartAppStatusExecution] 7660856f-8cbb-42ff-826b-d11e3bb26138 [2026-07-26T14:35:31.035214] jse_shortmsg: 'xs-app.json/routes/0/~1~1: Additional properties not allowed', (STDERR, APP/PROC/WEB)#
#2026 07 26 14:35:40.112#Z#DEBUG#a94a10ac-88fe-11f1-b49e-eeee0a804d2e.ai_cap#flowable-async-job-executor-thread-420#
[PollStartAppStatusExecution] 7660856f-8cbb-42ff-826b-d11e3bb26138 [2026-07-26T14:35:31.035218] jse_info: {} (STDERR, APP/PROC/WEB)#
#2026 07 26 14:35:40.112#Z#DEBUG#a94a10ac-88fe-11f1-b49e-eeee0a804d2e.ai_cap#flowable-async-job-executor-thread-420#
[PollStartAppStatusExecution] 7660856f-8cbb-42ff-826b-d11e3bb26138 [2026-07-26T14:35:31.035221] } (STDERR, APP/PROC/WEB)#
#2026 07 26 14:35:40.112#Z#DEBUG#a94a10ac-88fe-11f1-b49e-eeee0a804d2e.ai_cap#flowable-async-job-executor-thread-420#
[PollStartAppStatusExecution] 7660856f-8cbb-42ff-826b-d11e3bb26138 [2026-07-26T14:35:31.035225] Node.js v22.22.2 (STDERR, APP/PROC/WEB)#
#2026 07 26 14:35:40.112#Z#DEBUG#a94a10ac-88fe-11f1-b49e-eeee0a804d2e.ai_cap#flowable-async-job-executor-thread-420#
[PollStartAppStatusExecution] 7660856f-8cbb-42ff-826b-d11e3bb26138 [2026-07-26T14:35:31.045855] npm notice (STDERR, APP/PROC/WEB)#
#2026 07 26 14:35:40.112#Z#DEBUG#a94a10ac-88fe-11f1-b49e-eeee0a804d2e.ai_cap#flowable-async-job-executor-thread-420#
[PollStartAppStatusExecution] 7660856f-8cbb-42ff-826b-d11e3bb26138 [2026-07-26T14:35:31.045873] npm notice New major version of npm available! 10.9.7 -> 12.0.1 (STDERR, APP/PROC/WEB)#
#2026 07 26 14:35:40.112#Z#DEBUG#a94a10ac-88fe-11f1-b49e-eeee0a804d2e.ai_cap#flowable-async-job-executor-thread-420#
[PollStartAppStatusExecution] 7660856f-8cbb-42ff-826b-d11e3bb26138 [2026-07-26T14:35:31.045878] npm notice Changelog: https://github.com/npm/cli/releases/tag/v12.0.1 (STDERR, APP/PROC/WEB)#
#2026 07 26 14:35:40.112#Z#DEBUG#a94a10ac-88fe-11f1-b49e-eeee0a804d2e.ai_cap#flowable-async-job-executor-thread-420#
[PollStartAppStatusExecution] 7660856f-8cbb-42ff-826b-d11e3bb26138 [2026-07-26T14:35:31.045881] npm notice To update run: npm install -g npm@12.0.1 (STDERR, APP/PROC/WEB)#
#2026 07 26 14:35:40.112#Z#DEBUG#a94a10ac-88fe-11f1-b49e-eeee0a804d2e.ai_cap#flowable-async-job-executor-thread-420#
[PollStartAppStatusExecution] 7660856f-8cbb-42ff-826b-d11e3bb26138 [2026-07-26T14:35:31.045887] npm notice (STDERR, APP/PROC/WEB)#
#2026 07 26 14:35:40.112#Z#DEBUG#a94a10ac-88fe-11f1-b49e-eeee0a804d2e.ai_cap#flowable-async-job-executor-thread-420#
[PollStartAppStatusExecution] 7660856f-8cbb-42ff-826b-d11e3bb26138 [2026-07-26T14:35:31.106882] Exit status 1 (STDOUT, APP/PROC/WEB)#
#2026 07 26 14:35:40.112#Z#DEBUG#a94a10ac-88fe-11f1-b49e-eeee0a804d2e.ai_cap#flowable-async-job-executor-thread-420#
[PollStartAppStatusExecution] 7660856f-8cbb-42ff-826b-d11e3bb26138 [2026-07-26T14:35:37.518841] Cell 72102533-1a09-4fba-8cbe-2355a2f540bf stopping instance d2a4df78-03fa-4db0-7712-cb62 (STDOUT, CELL)#
#2026 07 26 14:35:40.112#Z#DEBUG#a94a10ac-88fe-11f1-b49e-eeee0a804d2e.ai_cap#flowable-async-job-executor-thread-420#
[PollStartAppStatusExecution] 7660856f-8cbb-42ff-826b-d11e3bb26138 [2026-07-26T14:35:37.518889] Cell 72102533-1a09-4fba-8cbe-2355a2f540bf destroying container for instance d2a4df78-03fa-4db0-7712-cb62 (STDOUT, CELL)#
#2026 07 26 14:35:40.112#Z#DEBUG#a94a10ac-88fe-11f1-b49e-eeee0a804d2e.ai_cap#flowable-async-job-executor-thread-420#
[PollStartAppStatusExecution] 7660856f-8cbb-42ff-826b-d11e3bb26138 [2026-07-26T14:35:37.520637] Process has crashed with type: "web" (STDOUT, API)#
#2026 07 26 14:35:40.112#Z#DEBUG#a94a10ac-88fe-11f1-b49e-eeee0a804d2e.ai_cap#flowable-async-job-executor-thread-420#
[PollStartAppStatusExecution] 7660856f-8cbb-42ff-826b-d11e3bb26138 [2026-07-26T14:35:37.533556] App instance exited with guid 7660856f-8cbb-42ff-826b-d11e3bb26138 payload: {"instance"=>"d2a4df78-03fa-4db0-7712-cb62", "index"=>0, "cell_id"=>"72102533-1a09-4fba-8cbe-2355a2f540bf", "reason"=>"CRASHED", "exit_description"=>"APP/PROC/WEB: Exited with status 1", "crash_count"=>2, "crash_timestamp"=>1785076537499907921, "version"=>"06ff9dc2-85d6-43d1-9447-a3b3a9e67bbb"} (STDOUT, API)#
#2026 07 26 14:35:40.112#Z#DEBUG#a94a10ac-88fe-11f1-b49e-eeee0a804d2e.ai_cap#flowable-async-job-executor-thread-420#
[PollStartAppStatusExecution] 7660856f-8cbb-42ff-826b-d11e3bb26138 [2026-07-26T14:35:37.591853] Cell c9806b75-55fc-4bcf-8311-e637c769ac1a creating container for instance d0b963b1-9954-4606-7173-4e13 (STDOUT, CELL)#
#2026 07 26 14:35:40.112#Z#DEBUG#a94a10ac-88fe-11f1-b49e-eeee0a804d2e.ai_cap#flowable-async-job-executor-thread-420#
[PollStartAppStatusExecution] 7660856f-8cbb-42ff-826b-d11e3bb26138 [2026-07-26T14:35:37.650795] Exit status 137 (STDOUT, PROXY)#
#2026 07 26 14:35:40.112#Z#DEBUG#a94a10ac-88fe-11f1-b49e-eeee0a804d2e.ai_cap#flowable-async-job-executor-thread-420#
[PollStartAppStatusExecution] 7660856f-8cbb-42ff-826b-d11e3bb26138 [2026-07-26T14:35:37.942368] Security group rules were updated (STDOUT, CELL)#
#2026 07 26 14:35:40.112#Z#DEBUG#a94a10ac-88fe-11f1-b49e-eeee0a804d2e.ai_cap#flowable-async-job-executor-thread-420#
[PollStartAppStatusExecution] 7660856f-8cbb-42ff-826b-d11e3bb26138 [2026-07-26T14:35:38.000274] Cell c9806b75-55fc-4bcf-8311-e637c769ac1a successfully created container for instance d0b963b1-9954-4606-7173-4e13 (STDOUT, CELL)#
#2026 07 26 14:35:40.112#Z#DEBUG#a94a10ac-88fe-11f1-b49e-eeee0a804d2e.ai_cap#flowable-async-job-executor-thread-420#
[PollStartAppStatusExecution] 7660856f-8cbb-42ff-826b-d11e3bb26138 [2026-07-26T14:35:38.845637] Downloading droplet... (STDOUT, CELL)#
#2026 07 26 14:35:40.112#Z#DEBUG#a94a10ac-88fe-11f1-b49e-eeee0a804d2e.ai_cap#flowable-async-job-executor-thread-420#
[PollStartAppStatusExecution] 7660856f-8cbb-42ff-826b-d11e3bb26138 [2026-07-26T14:35:39.527146] Cell 72102533-1a09-4fba-8cbe-2355a2f540bf successfully destroyed container for instance d2a4df78-03fa-4db0-7712-cb62 (STDOUT, CELL)#
#2026 07 26 14:35:50.172#Z#DEBUG#a94a10ac-88fe-11f1-b49e-eeee0a804d2e.ai_cap#flowable-async-job-executor-thread-424#
[PollStartAppStatusExecution] 7660856f-8cbb-42ff-826b-d11e3bb26138 [2026-07-26T14:35:41.923735] Downloaded droplet (62.2M) (STDOUT, CELL)#
#2026 07 26 14:35:50.172#Z#DEBUG#a94a10ac-88fe-11f1-b49e-eeee0a804d2e.ai_cap#flowable-async-job-executor-thread-424#
[PollStartAppStatusExecution] 7660856f-8cbb-42ff-826b-d11e3bb26138 [2026-07-26T14:35:41.923863] Starting health monitoring of container (STDOUT, CELL)#
#2026 07 26 14:35:50.172#Z#DEBUG#a94a10ac-88fe-11f1-b49e-eeee0a804d2e.ai_cap#flowable-async-job-executor-thread-424#
[PollStartAppStatusExecution] 7660856f-8cbb-42ff-826b-d11e3bb26138 [2026-07-26T14:35:41.980011] Invoking pre-start scripts. (STDOUT, APP/PROC/WEB)#
#2026 07 26 14:35:50.172#Z#DEBUG#a94a10ac-88fe-11f1-b49e-eeee0a804d2e.ai_cap#flowable-async-job-executor-thread-424#
[PollStartAppStatusExecution] 7660856f-8cbb-42ff-826b-d11e3bb26138 [2026-07-26T14:35:42.124723] Invoking start command. (STDOUT, APP/PROC/WEB)#
#2026 07 26 14:35:50.172#Z#DEBUG#a94a10ac-88fe-11f1-b49e-eeee0a804d2e.ai_cap#flowable-async-job-executor-thread-424#
[PollStartAppStatusExecution] 7660856f-8cbb-42ff-826b-d11e3bb26138 [2026-07-26T14:35:42.415823] > start (STDOUT, APP/PROC/WEB)#
#2026 07 26 14:35:50.172#Z#DEBUG#a94a10ac-88fe-11f1-b49e-eeee0a804d2e.ai_cap#flowable-async-job-executor-thread-424#
[PollStartAppStatusExecution] 7660856f-8cbb-42ff-826b-d11e3bb26138 [2026-07-26T14:35:42.415852] > node node_modules/@sap/approuter/approuter.js (STDOUT, APP/PROC/WEB)#
#2026 07 26 14:35:50.172#Z#DEBUG#a94a10ac-88fe-11f1-b49e-eeee0a804d2e.ai_cap#flowable-async-job-executor-thread-424#
[PollStartAppStatusExecution] 7660856f-8cbb-42ff-826b-d11e3bb26138 [2026-07-26T14:35:42.547446] {"written_at":"2026-07-26T14:35:42.546Z","written_ts":1785076542546000000,"csn_component":"-","correlation_id":"-","type":"log","logger":"nodejs-logger","layer":"/LoggingLibrary","level":"warning","container_id":"10.0.73.34","component_type":"application","component_id":"7660856f-8cbb-42ff-826b-d11e3bb26138","component_name":"ai_cap","component_instance":-1,"source_instance":-1,"organization_id":"8a7111bd-c1db-49fb-9463-093b5098054f","organization_name":"ABeam Consulting Ltd._jt9-lfwzntz7c-y6","space_id":"88e5ad75-c77c-4164-b356-00f6d6d0ccdf","space_name":"dev","context_id":"","msg":"Dynamic log level switching not available"} (STDOUT, APP/PROC/WEB)#
#2026 07 26 14:35:50.172#Z#DEBUG#a94a10ac-88fe-11f1-b49e-eeee0a804d2e.ai_cap#flowable-async-job-executor-thread-424#
[PollStartAppStatusExecution] 7660856f-8cbb-42ff-826b-d11e3bb26138 [2026-07-26T14:35:42.911938] {"written_at":"2026-07-26T14:35:42.911Z","written_ts":1785076542911000000,"csn_component":"-","correlation_id":"ms1whfpb","type":"log","logger":"nodejs-logger","layer":"/approuter","level":"info","container_id":"10.0.73.34","component_type":"application","component_id":"7660856f-8cbb-42ff-826b-d11e3bb26138","component_name":"ai_cap","component_instance":-1,"source_instance":-1,"organization_id":"8a7111bd-c1db-49fb-9463-093b5098054f","organization_name":"ABeam Consulting Ltd._jt9-lfwzntz7c-y6","space_id":"88e5ad75-c77c-4164-b356-00f6d6d0ccdf","space_name":"dev","context_id":"ms1whfpb","msg":"Application router version 21.5.0"} (STDOUT, APP/PROC/WEB)#
#2026 07 26 14:35:50.172#Z#DEBUG#a94a10ac-88fe-11f1-b49e-eeee0a804d2e.ai_cap#flowable-async-job-executor-thread-424#
[PollStartAppStatusExecution] 7660856f-8cbb-42ff-826b-d11e3bb26138 [2026-07-26T14:35:42.914336] {"written_at":"2026-07-26T14:35:42.914Z","written_ts":1785076542914000000,"csn_component":"-","correlation_id":"ms1whfpe","type":"log","logger":"nodejs-logger","layer":"/Configuration","level":"info","container_id":"10.0.73.34","component_type":"application","component_id":"7660856f-8cbb-42ff-826b-d11e3bb26138","component_name":"ai_cap","component_instance":-1,"source_instance":-1,"organization_id":"8a7111bd-c1db-49fb-9463-093b5098054f","organization_name":"ABeam Consulting Ltd._jt9-lfwzntz7c-y6","space_id":"88e5ad75-c77c-4164-b356-00f6d6d0ccdf","space_name":"dev","context_id":"ms1whfpe","msg":"No COOKIES environment variable"} (STDOUT, APP/PROC/WEB)#
#2026 07 26 14:35:50.172#Z#DEBUG#a94a10ac-88fe-11f1-b49e-eeee0a804d2e.ai_cap#flowable-async-job-executor-thread-424#
[PollStartAppStatusExecution] 7660856f-8cbb-42ff-826b-d11e3bb26138 [2026-07-26T14:35:42.919736] /home/vcap/deps/0/node_modules/@sap/approuter/lib/utils/JsonValidator.js:30 (STDERR, APP/PROC/WEB)#
#2026 07 26 14:35:50.172#Z#DEBUG#a94a10ac-88fe-11f1-b49e-eeee0a804d2e.ai_cap#flowable-async-job-executor-thread-424#
[PollStartAppStatusExecution] 7660856f-8cbb-42ff-826b-d11e3bb26138 [2026-07-26T14:35:42.919767] throw new VError('%s%s: %s', (STDERR, APP/PROC/WEB)#
#2026 07 26 14:35:50.172#Z#DEBUG#a94a10ac-88fe-11f1-b49e-eeee0a804d2e.ai_cap#flowable-async-job-executor-thread-424#
[PollStartAppStatusExecution] 7660856f-8cbb-42ff-826b-d11e3bb26138 [2026-07-26T14:35:42.919774] ^ (STDERR, APP/PROC/WEB)#
#2026 07 26 14:35:50.172#Z#DEBUG#a94a10ac-88fe-11f1-b49e-eeee0a804d2e.ai_cap#flowable-async-job-executor-thread-424#
[PollStartAppStatusExecution] 7660856f-8cbb-42ff-826b-d11e3bb26138 [2026-07-26T14:35:42.920072] VError: xs-app.json/routes/0/~1~1: Additional properties not allowed (STDERR, APP/PROC/WEB)#
#2026 07 26 14:35:50.172#Z#DEBUG#a94a10ac-88fe-11f1-b49e-eeee0a804d2e.ai_cap#flowable-async-job-executor-thread-424#
[PollStartAppStatusExecution] 7660856f-8cbb-42ff-826b-d11e3bb26138 [2026-07-26T14:35:42.920096] at JsonValidator.validate (/home/vcap/deps/0/node_modules/@sap/approuter/lib/utils/JsonValidator.js:30:11) (STDERR, APP/PROC/WEB)#
#2026 07 26 14:35:50.172#Z#DEBUG#a94a10ac-88fe-11f1-b49e-eeee0a804d2e.ai_cap#flowable-async-job-executor-thread-424#
[PollStartAppStatusExecution] 7660856f-8cbb-42ff-826b-d11e3bb26138 [2026-07-26T14:35:42.920102] at Object.validateXsApp (/home/vcap/deps/0/node_modules/@sap/approuter/lib/configuration/validators.js:168:15) (STDERR, APP/PROC/WEB)#
#2026 07 26 14:35:50.172#Z#DEBUG#a94a10ac-88fe-11f1-b49e-eeee0a804d2e.ai_cap#flowable-async-job-executor-thread-424#
[PollStartAppStatusExecution] 7660856f-8cbb-42ff-826b-d11e3bb26138 [2026-07-26T14:35:42.920106] at exports.loadConfiguration (/home/vcap/deps/0/node_modules/@sap/approuter/lib/configuration/app-config.js:21:14) (STDERR, APP/PROC/WEB)#
#2026 07 26 14:35:50.172#Z#DEBUG#a94a10ac-88fe-11f1-b49e-eeee0a804d2e.ai_cap#flowable-async-job-executor-thread-424#
[PollStartAppStatusExecution] 7660856f-8cbb-42ff-826b-d11e3bb26138 [2026-07-26T14:35:42.920110] at module.exports.load (/home/vcap/deps/0/node_modules/@sap/approuter/lib/configuration.js:24:34) (STDERR, APP/PROC/WEB)#
#2026 07 26 14:35:50.172#Z#DEBUG#a94a10ac-88fe-11f1-b49e-eeee0a804d2e.ai_cap#flowable-async-job-executor-thread-424#
[PollStartAppStatusExecution] 7660856f-8cbb-42ff-826b-d11e3bb26138 [2026-07-26T14:35:42.920143] at bootstrap (/home/vcap/deps/0/node_modules/@sap/approuter/lib/bootstrap.js:68:38) (STDERR, APP/PROC/WEB)#
#2026 07 26 14:35:50.172#Z#DEBUG#a94a10ac-88fe-11f1-b49e-eeee0a804d2e.ai_cap#flowable-async-job-executor-thread-424#
[PollStartAppStatusExecution] 7660856f-8cbb-42ff-826b-d11e3bb26138 [2026-07-26T14:35:42.920148] at Approuter.start (/home/vcap/deps/0/node_modules/@sap/approuter/approuter.js:71:13) (STDERR, APP/PROC/WEB)#
#2026 07 26 14:35:50.172#Z#DEBUG#a94a10ac-88fe-11f1-b49e-eeee0a804d2e.ai_cap#flowable-async-job-executor-thread-424#
[PollStartAppStatusExecution] 7660856f-8cbb-42ff-826b-d11e3bb26138 [2026-07-26T14:35:42.920152] at Object.<anonymous> (/home/vcap/deps/0/node_modules/@sap/approuter/approuter.js:178:6) (STDERR, APP/PROC/WEB)#
#2026 07 26 14:35:50.172#Z#DEBUG#a94a10ac-88fe-11f1-b49e-eeee0a804d2e.ai_cap#flowable-async-job-executor-thread-424#
[PollStartAppStatusExecution] 7660856f-8cbb-42ff-826b-d11e3bb26138 [2026-07-26T14:35:42.920156] at Module._compile (node:internal/modules/cjs/loader:1705:14) (STDERR, APP/PROC/WEB)#
#2026 07 26 14:35:50.172#Z#DEBUG#a94a10ac-88fe-11f1-b49e-eeee0a804d2e.ai_cap#flowable-async-job-executor-thread-424#
[PollStartAppStatusExecution] 7660856f-8cbb-42ff-826b-d11e3bb26138 [2026-07-26T14:35:42.920160] at Object..js (node:internal/modules/cjs/loader:1838:10) (STDERR, APP/PROC/WEB)#
#2026 07 26 14:35:50.172#Z#DEBUG#a94a10ac-88fe-11f1-b49e-eeee0a804d2e.ai_cap#flowable-async-job-executor-thread-424#
[PollStartAppStatusExecution] 7660856f-8cbb-42ff-826b-d11e3bb26138 [2026-07-26T14:35:42.920167] at Module.load (node:internal/modules/cjs/loader:1441:32) { (STDERR, APP/PROC/WEB)#
#2026 07 26 14:35:50.172#Z#DEBUG#a94a10ac-88fe-11f1-b49e-eeee0a804d2e.ai_cap#flowable-async-job-executor-thread-424#
[PollStartAppStatusExecution] 7660856f-8cbb-42ff-826b-d11e3bb26138 [2026-07-26T14:35:42.920183] jse_shortmsg: 'xs-app.json/routes/0/~1~1: Additional properties not allowed', (STDERR, APP/PROC/WEB)#
#2026 07 26 14:35:50.172#Z#DEBUG#a94a10ac-88fe-11f1-b49e-eeee0a804d2e.ai_cap#flowable-async-job-executor-thread-424#
[PollStartAppStatusExecution] 7660856f-8cbb-42ff-826b-d11e3bb26138 [2026-07-26T14:35:42.920187] jse_info: {} (STDERR, APP/PROC/WEB)#
#2026 07 26 14:35:50.172#Z#DEBUG#a94a10ac-88fe-11f1-b49e-eeee0a804d2e.ai_cap#flowable-async-job-executor-thread-424#
[PollStartAppStatusExecution] 7660856f-8cbb-42ff-826b-d11e3bb26138 [2026-07-26T14:35:42.920191] } (STDERR, APP/PROC/WEB)#
#2026 07 26 14:35:50.172#Z#DEBUG#a94a10ac-88fe-11f1-b49e-eeee0a804d2e.ai_cap#flowable-async-job-executor-thread-424#
[PollStartAppStatusExecution] 7660856f-8cbb-42ff-826b-d11e3bb26138 [2026-07-26T14:35:42.920218] Node.js v22.22.2 (STDERR, APP/PROC/WEB)#
#2026 07 26 14:35:50.172#Z#DEBUG#a94a10ac-88fe-11f1-b49e-eeee0a804d2e.ai_cap#flowable-async-job-executor-thread-424#
[PollStartAppStatusExecution] 7660856f-8cbb-42ff-826b-d11e3bb26138 [2026-07-26T14:35:42.930376] npm notice (STDERR, APP/PROC/WEB)#
#2026 07 26 14:35:50.172#Z#DEBUG#a94a10ac-88fe-11f1-b49e-eeee0a804d2e.ai_cap#flowable-async-job-executor-thread-424#
[PollStartAppStatusExecution] 7660856f-8cbb-42ff-826b-d11e3bb26138 [2026-07-26T14:35:42.930388] npm notice New major version of npm available! 10.9.7 -> 12.0.1 (STDERR, APP/PROC/WEB)#
#2026 07 26 14:35:50.172#Z#DEBUG#a94a10ac-88fe-11f1-b49e-eeee0a804d2e.ai_cap#flowable-async-job-executor-thread-424#
[PollStartAppStatusExecution] 7660856f-8cbb-42ff-826b-d11e3bb26138 [2026-07-26T14:35:42.930392] npm notice Changelog: https://github.com/npm/cli/releases/tag/v12.0.1 (STDERR, APP/PROC/WEB)#
#2026 07 26 14:35:50.172#Z#DEBUG#a94a10ac-88fe-11f1-b49e-eeee0a804d2e.ai_cap#flowable-async-job-executor-thread-424#
[PollStartAppStatusExecution] 7660856f-8cbb-42ff-826b-d11e3bb26138 [2026-07-26T14:35:42.930394] npm notice To update run: npm install -g npm@12.0.1 (STDERR, APP/PROC/WEB)#
#2026 07 26 14:35:50.172#Z#DEBUG#a94a10ac-88fe-11f1-b49e-eeee0a804d2e.ai_cap#flowable-async-job-executor-thread-424#
[PollStartAppStatusExecution] 7660856f-8cbb-42ff-826b-d11e3bb26138 [2026-07-26T14:35:42.930396] npm notice (STDERR, APP/PROC/WEB)#
#2026 07 26 14:35:50.172#Z#DEBUG#a94a10ac-88fe-11f1-b49e-eeee0a804d2e.ai_cap#flowable-async-job-executor-thread-424#
[PollStartAppStatusExecution] 7660856f-8cbb-42ff-826b-d11e3bb26138 [2026-07-26T14:35:42.980545] Exit status 1 (STDOUT, APP/PROC/WEB)#
#2026 07 26 14:35:50.172#Z#DEBUG#a94a10ac-88fe-11f1-b49e-eeee0a804d2e.ai_cap#flowable-async-job-executor-thread-424#
[PollStartAppStatusExecution] 7660856f-8cbb-42ff-826b-d11e3bb26138 [2026-07-26T14:35:49.267772] Cell c9806b75-55fc-4bcf-8311-e637c769ac1a stopping instance d0b963b1-9954-4606-7173-4e13 (STDOUT, CELL)#
#2026 07 26 14:35:50.172#Z#DEBUG#a94a10ac-88fe-11f1-b49e-eeee0a804d2e.ai_cap#flowable-async-job-executor-thread-424#
[PollStartAppStatusExecution] 7660856f-8cbb-42ff-826b-d11e3bb26138 [2026-07-26T14:35:49.267828] Cell c9806b75-55fc-4bcf-8311-e637c769ac1a destroying container for instance d0b963b1-9954-4606-7173-4e13 (STDOUT, CELL)#
#2026 07 26 14:35:50.172#Z#DEBUG#a94a10ac-88fe-11f1-b49e-eeee0a804d2e.ai_cap#flowable-async-job-executor-thread-424#
[PollStartAppStatusExecution] 7660856f-8cbb-42ff-826b-d11e3bb26138 [2026-07-26T14:35:49.290503] Process has crashed with type: "web" (STDOUT, API)#
#2026 07 26 14:35:50.172#Z#DEBUG#a94a10ac-88fe-11f1-b49e-eeee0a804d2e.ai_cap#flowable-async-job-executor-thread-424#
[PollStartAppStatusExecution] 7660856f-8cbb-42ff-826b-d11e3bb26138 [2026-07-26T14:35:49.308777] App instance exited with guid 7660856f-8cbb-42ff-826b-d11e3bb26138 payload: {"instance"=>"d0b963b1-9954-4606-7173-4e13", "index"=>0, "cell_id"=>"c9806b75-55fc-4bcf-8311-e637c769ac1a", "reason"=>"CRASHED", "exit_description"=>"APP/PROC/WEB: Exited with status 1", "crash_count"=>3, "crash_timestamp"=>1785076549263978659, "version"=>"06ff9dc2-85d6-43d1-9447-a3b3a9e67bbb"} (STDOUT, API)#
#2026 07 26 14:35:50.172#Z#DEBUG#a94a10ac-88fe-11f1-b49e-eeee0a804d2e.ai_cap#flowable-async-job-executor-thread-424#
[PollStartAppStatusExecution] 7660856f-8cbb-42ff-826b-d11e3bb26138 [2026-07-26T14:35:49.345995] Exit status 137 (STDOUT, PROXY)#
