#2026 07 26 14:31:16.848#Z#INFO#a94a10ac-88fe-11f1-b49e-eeee0a804d2e.OPERATION#http-nio-0.0.0.0-8080-exec-1#
[XS2StartProcessListener] Operation ID: a94a10ac-88fe-11f1-b49e-eeee0a804d2e#
#2026 07 26 14:31:16.865#Z#DEBUG#a94a10ac-88fe-11f1-b49e-eeee0a804d2e.OPERATION#http-nio-0.0.0.0-8080-exec-1#
[XS2StartProcessListener] Process environment: {
  "SKIP_SSL_VALIDATION" : "false",
  "FLOWABLE_JOB_EXECUTOR_MAX_THREADS" : "32",
  "VERSION" : "2.50.0",
  "BASIC_AUTH_ENABLED" : "true",
  "FLOWABLE_JOB_EXECUTOR_QUEUE_CAPACITY" : "16",
  "FLOWABLE_JOB_EXECUTOR_CORE_THREADS" : "8"
}#
#2026 07 26 14:31:16.865#Z#DEBUG#a94a10ac-88fe-11f1-b49e-eeee0a804d2e.OPERATION#http-nio-0.0.0.0-8080-exec-1#
[XS2StartProcessListener] Current user: aismail@abeam.com#
#2026 07 26 14:31:16.865#Z#DEBUG#a94a10ac-88fe-11f1-b49e-eeee0a804d2e.OPERATION#http-nio-0.0.0.0-8080-exec-1#
[XS2StartProcessListener] Client space: dev#
#2026 07 26 14:31:16.865#Z#DEBUG#a94a10ac-88fe-11f1-b49e-eeee0a804d2e.OPERATION#http-nio-0.0.0.0-8080-exec-1#
[XS2StartProcessListener] Client organization: ABeam Consulting Ltd._jt9-lfwzntz7c-y6#
#2026 07 26 14:31:16.865#Z#INFO#a94a10ac-88fe-11f1-b49e-eeee0a804d2e.OPERATION#http-nio-0.0.0.0-8080-exec-1#
[XS2StartProcessListener] Process variables: {
  "keepFiles" : false,
  "skipAppDigestCalculation" : false,
  "abortOnError" : false,
  "mtaId" : "ai_cap",
  "noFailOnMissingPermissions" : false,
  "isSecurityEnabled" : false,
  "apiRequestPath" : "https://deploy-service.cf.ap10.hana.ondemand.com/api/v1/spaces/88e5ad75-c77c-4164-b356-00f6d6d0ccdf/operations",
  "deleteServiceBrokers" : false,
  "appArchiveId" : "90e60cb7-9a07-44f8-b53f-8aa7a1a75668",
  "isDisposableUserProvidedServiceEnabled" : false,
  "deleteServiceKeys" : false,
  "noRestartSubscribedApps" : false,
  "noStart" : false,
  "deleteServices" : false
}#
#2026 07 26 14:31:16.915#Z#DEBUG#a94a10ac-88fe-11f1-b49e-eeee0a804d2e.OPERATION#flowable-async-job-executor-thread-5193#
[ValidateDeployParametersStep] Executing task "validateParametersTask" of process "a94a10d2-88fe-11f1-b49e-eeee0a804d2e"...#
#2026 07 26 14:31:16.915#Z#DEBUG#a94a10ac-88fe-11f1-b49e-eeee0a804d2e.OPERATION#flowable-async-job-executor-thread-5193#
[ValidateDeployParametersStep] Validating parameters...#
#2026 07 26 14:31:16.917#Z#INFO#a94a10ac-88fe-11f1-b49e-eeee0a804d2e.OPERATION#flowable-async-job-executor-thread-5193#
[ValidateDeployParametersStep] Size of mtars is 22,267,126 and size of extension descriptors is 0#
#2026 07 26 14:31:16.952#Z#INFO#a94a10ac-88fe-11f1-b49e-eeee0a804d2e.OPERATION#flowable-async-job-executor-thread-5193#
[ValidateDeployParametersStep] Archive was not split! Total size in bytes: 22,267,126#
#2026 07 26 14:31:16.952#Z#INFO#a94a10ac-88fe-11f1-b49e-eeee0a804d2e.OPERATION#flowable-async-job-executor-thread-5193#
[ValidateDeployParametersStep] Deploying in org "ABeam Consulting Ltd._jt9-lfwzntz7c-y6" and space "dev"#
#2026 07 26 14:31:16.956#Z#DEBUG#a94a10ac-88fe-11f1-b49e-eeee0a804d2e.OPERATION#flowable-async-job-executor-thread-5193#
[ValidateDeployParametersStep] Parameters validated#
#2026 07 26 14:31:16.956#Z#DEBUG#a94a10ac-88fe-11f1-b49e-eeee0a804d2e.OPERATION#flowable-async-job-executor-thread-5193#
Step "Validate Parameters" finished#
#2026 07 26 14:31:16.979#Z#DEBUG#a94a10ac-88fe-11f1-b49e-eeee0a804d2e.OPERATION#flowable-async-job-executor-thread-5194#
[DeleteRemainingFileParts] Executing task "deleteRemainingFileParts" of process "a94a10d2-88fe-11f1-b49e-eeee0a804d2e"...#
#2026 07 26 14:31:16.980#Z#DEBUG#a94a10ac-88fe-11f1-b49e-eeee0a804d2e.OPERATION#flowable-async-job-executor-thread-5194#
Step "Delete Remaining File Parts" finished#
#2026 07 26 14:31:17.005#Z#DEBUG#a94a10ac-88fe-11f1-b49e-eeee0a804d2e.OPERATION#flowable-async-job-executor-thread-5195#
[XS2ProcessMtaArchiveStep] Executing task "processArchiveTask" of process "a94a10d2-88fe-11f1-b49e-eeee0a804d2e"...#
#2026 07 26 14:31:17.005#Z#DEBUG#a94a10ac-88fe-11f1-b49e-eeee0a804d2e.OPERATION#flowable-async-job-executor-thread-5195#
[XS2ProcessMtaArchiveStep] Processing MTA archive...#
#2026 07 26 14:31:17.005#Z#DEBUG#a94a10ac-88fe-11f1-b49e-eeee0a804d2e.OPERATION#flowable-async-job-executor-thread-5195#
[XS2ProcessMtaArchiveStep] MTA Archive ID: 90e60cb7-9a07-44f8-b53f-8aa7a1a75668#
#2026 07 26 14:31:17.310#Z#DEBUG#a94a10ac-88fe-11f1-b49e-eeee0a804d2e.OPERATION#flowable-async-job-executor-thread-5195#
[XS2ProcessMtaArchiveStep] MTA Descriptor length: 2,231#
#2026 07 26 14:31:17.310#Z#DEBUG#a94a10ac-88fe-11f1-b49e-eeee0a804d2e.OPERATION#flowable-async-job-executor-thread-5195#
[XS2ProcessMtaArchiveStep] MTA Archive Modules: [ai_cap, ai_cap-srv, ai_cap-app-deployer]#
#2026 07 26 14:31:17.310#Z#DEBUG#a94a10ac-88fe-11f1-b49e-eeee0a804d2e.OPERATION#flowable-async-job-executor-thread-5195#
[XS2ProcessMtaArchiveStep] MTA Archive Requires: []#
#2026 07 26 14:31:17.310#Z#DEBUG#a94a10ac-88fe-11f1-b49e-eeee0a804d2e.OPERATION#flowable-async-job-executor-thread-5195#
[XS2ProcessMtaArchiveStep] MTA Archive Resources: [ai_cap-auth]#
#2026 07 26 14:31:17.319#Z#DEBUG#a94a10ac-88fe-11f1-b49e-eeee0a804d2e.OPERATION#flowable-async-job-executor-thread-5195#
[XS2ProcessMtaArchiveStep] MTA archive processed#
#2026 07 26 14:31:17.319#Z#DEBUG#a94a10ac-88fe-11f1-b49e-eeee0a804d2e.OPERATION#flowable-async-job-executor-thread-5195#
Step "Process Archive" finished#
#2026 07 26 14:31:17.352#Z#DEBUG#a94a10ac-88fe-11f1-b49e-eeee0a804d2e.OPERATION#flowable-async-job-executor-thread-5196#
[ProcessMtaExtensionDescriptorsStep] Executing task "processExtensionDescriptorsTask" of process "a94a10d2-88fe-11f1-b49e-eeee0a804d2e"...#
#2026 07 26 14:31:17.354#Z#DEBUG#a94a10ac-88fe-11f1-b49e-eeee0a804d2e.OPERATION#flowable-async-job-executor-thread-5196#
[ProcessMtaExtensionDescriptorsStep] Processing MTA extension descriptors...#
#2026 07 26 14:31:17.356#Z#DEBUG#a94a10ac-88fe-11f1-b49e-eeee0a804d2e.OPERATION#flowable-async-job-executor-thread-5196#
[ProcessMtaExtensionDescriptorsStep] Provided extension descriptors: [ ]#
#2026 07 26 14:31:17.356#Z#DEBUG#a94a10ac-88fe-11f1-b49e-eeee0a804d2e.OPERATION#flowable-async-job-executor-thread-5196#
[ProcessMtaExtensionDescriptorsStep] No extension descriptors in use#
#2026 07 26 14:31:17.356#Z#DEBUG#a94a10ac-88fe-11f1-b49e-eeee0a804d2e.OPERATION#flowable-async-job-executor-thread-5196#
[ProcessMtaExtensionDescriptorsStep] MTA extension descriptors processed#
#2026 07 26 14:31:17.356#Z#DEBUG#a94a10ac-88fe-11f1-b49e-eeee0a804d2e.OPERATION#flowable-async-job-executor-thread-5196#
Step "Process Extension Descriptors" finished#
#2026 07 26 14:31:17.391#Z#DEBUG#a94a10ac-88fe-11f1-b49e-eeee0a804d2e.OPERATION#flowable-async-job-executor-thread-5197#
[XS2DetectMtaSchemaVersionStep] Executing task "detectSchemaVersionTask" of process "a94a10d2-88fe-11f1-b49e-eeee0a804d2e"...#
#2026 07 26 14:31:17.392#Z#DEBUG#a94a10ac-88fe-11f1-b49e-eeee0a804d2e.OPERATION#flowable-async-job-executor-thread-5197#
[XS2DetectMtaSchemaVersionStep] Detecting MTA major schema version...#
#2026 07 26 14:31:17.394#Z#INFO#a94a10ac-88fe-11f1-b49e-eeee0a804d2e.OPERATION#flowable-async-job-executor-thread-5197#
[XS2DetectMtaSchemaVersionStep] Detected MTA schema version: "3"#
#2026 07 26 14:31:17.398#Z#DEBUG#a94a10ac-88fe-11f1-b49e-eeee0a804d2e.OPERATION#flowable-async-job-executor-thread-5197#
Step "Detect Schema Version" finished#
#2026 07 26 14:31:17.430#Z#DEBUG#a94a10ac-88fe-11f1-b49e-eeee0a804d2e.OPERATION#flowable-async-job-executor-thread-5198#
[MergeDescriptorsStep] Executing task "mergeDescriptorsTask" of process "a94a10d2-88fe-11f1-b49e-eeee0a804d2e"...#
#2026 07 26 14:31:17.431#Z#DEBUG#a94a10ac-88fe-11f1-b49e-eeee0a804d2e.OPERATION#flowable-async-job-executor-thread-5198#
[MergeDescriptorsStep] Validating and merging descriptors...#
#2026 07 26 14:31:17.434#Z#DEBUG#a94a10ac-88fe-11f1-b49e-eeee0a804d2e.OPERATION#flowable-async-job-executor-thread-5198#
[MergeDescriptorsStep] Merged deployment descriptor: {
  "majorSchemaVersion" : 3,
  "schemaVersion" : "3.3.0",
  "id" : "ai_cap",
  "version" : "1.0.0",
  "modules" : [ {
    "majorSchemaVersion" : 3,
    "name" : "ai_cap-srv",
    "type" : "javascript.nodejs",
    "path" : "ai_cap-srv",
    "properties" : { },
    "parameters" : {
      "buildpack" : "nodejs_buildpack",
      "instances" : 1
    },
    "requiredDependencies" : [ {
      "majorSchemaVersion" : 3,
      "name" : "********",
      "properties" : { },
      "parameters" : { },
      "propertiesMetadata" : {
        "metadata" : { }
      },
      "parametersMetadata" : {
        "metadata" : { }
      }
    }, {
      "majorSchemaVersion" : 3,
      "name" : "ai_cap-aicore",
      "properties" : { },
      "parameters" : { },
      "propertiesMetadata" : {
        "metadata" : { }
      },
      "parametersMetadata" : {
        "metadata" : { }
      }
    } ],
    "providedDependencies" : [ {
      "majorSchemaVersion" : 3,
      "name" : "srv-api",
      "isPublic" : false,
      "properties" : {
        "srv-url" : "${default-url}"
      },
      "parameters" : { },
      "propertiesMetadata" : {
        "metadata" : { }
      },
      "parametersMetadata" : {
        "metadata" : { }
      }
    }, {
      "majorSchemaVersion" : 3,
      "name" : "ai_cap-srv",
      "isPublic" : false,
      "properties" : { },
      "parameters" : { },
      "propertiesMetadata" : {
        "metadata" : { }
      },
      "parametersMetadata" : {
        "metadata" : { }
      }
    } ],
    "propertiesMetadata" : {
      "metadata" : { }
    },
    "parametersMetadata" : {
      "metadata" : { }
    },
    "hooks" : [ ]
  }, {
    "majorSchemaVersion" : 3,
    "name" : "ai_cap",
    "type" : "javascript.nodejs",
    "path" : "ai_cap",
    "properties" : { },
    "parameters" : {
      "disk-quota" : "256M",
      "keep-existing-routes" : true,
      "memory" : "256M"
    },
    "requiredDependencies" : [ {
      "majorSchemaVersion" : 3,
      "name" : "srv-api",
      "group" : "destinations",
      "properties" : {
        "name" : "srv-api",
        "forwardAuthToken" : "********",
        "url" : "~{srv-url}"
      },
      "parameters" : { },
      "propertiesMetadata" : {
        "metadata" : { }
      },
      "parametersMetadata" : {
        "metadata" : { }
      }
    }, {
      "majorSchemaVersion" : 3,
      "name" : "********",
      "properties" : { },
      "parameters" : { },
      "propertiesMetadata" : {
        "metadata" : { }
      },
      "parametersMetadata" : {
        "metadata" : { }
      }
    }, {
      "majorSchemaVersion" : 3,
      "name" : "ai_cap-destination",
      "properties" : { },
      "parameters" : { },
      "propertiesMetadata" : {
        "metadata" : { }
      },
      "parametersMetadata" : {
        "metadata" : { }
      }
    }, {
      "majorSchemaVersion" : 3,
      "name" : "ai_cap-html5-runtime",
      "properties" : { },
      "parameters" : { },
      "propertiesMetadata" : {
        "metadata" : { }
      },
      "parametersMetadata" : {
        "metadata" : { }
      }
    } ],
    "providedDependencies" : [ {
      "majorSchemaVersion" : 3,
      "name" : "app-api",
      "isPublic" : false,
      "properties" : {
        "app-protocol" : "${protocol}",
        "app-uri" : "${default-uri}"
      },
      "parameters" : { },
      "propertiesMetadata" : {
        "metadata" : { }
      },
      "parametersMetadata" : {
        "metadata" : { }
      }
    }, {
      "majorSchemaVersion" : 3,
      "name" : "ai_cap",
      "isPublic" : false,
      "properties" : { },
      "parameters" : { },
      "propertiesMetadata" : {
        "metadata" : { }
      },
      "parametersMetadata" : {
        "metadata" : { }
      }
    } ],
    "propertiesMetadata" : {
      "metadata" : { }
    },
    "parametersMetadata" : {
      "metadata" : { }
    },
    "hooks" : [ ]
  }, {
    "majorSchemaVersion" : 3,
    "name" : "ai_cap-app-deployer",
    "type" : "com.sap.application.content",
    "path" : "ai_cap-app-deployer",
    "properties" : { },
    "parameters" : { },
    "requiredDependencies" : [ {
      "majorSchemaVersion" : 3,
      "name" : "********",
      "properties" : { },
      "parameters" : { },
      "propertiesMetadata" : {
        "metadata" : { }
      },
      "parametersMetadata" : {
        "metadata" : { }
      }
    }, {
      "majorSchemaVersion" : 3,
      "name" : "srv-api",
      "properties" : { },
      "parameters" : { },
      "propertiesMetadata" : {
        "metadata" : { }
      },
      "parametersMetadata" : {
        "metadata" : { }
      }
    }, {
      "majorSchemaVersion" : 3,
      "name" : "ai_cap-html5-repo-host",
      "properties" : { },
      "parameters" : {
        "config" : {
          "HTML5Runtime_enabled" : true
        },
        "content-target" : true
      },
      "propertiesMetadata" : {
        "metadata" : { }
      },
      "parametersMetadata" : {
        "metadata" : { }
      }
    } ],
    "providedDependencies" : [ {
      "majorSchemaVersion" : 3,
      "name" : "ai_cap-app-deployer",
      "isPublic" : false,
      "properties" : { },
      "parameters" : { },
      "propertiesMetadata" : {
        "metadata" : { }
      },
      "parametersMetadata" : {
        "metadata" : { }
      }
    } ],
    "propertiesMetadata" : {
      "metadata" : { }
    },
    "parametersMetadata" : {
      "metadata" : { }
    },
    "hooks" : [ ]
  } ],
  "resources" : [ {
    "majorSchemaVersion" : 3,
    "name" : "********",
    "type" : "org.cloudfoundry.managed-service",
    "properties" : { },
    "parameters" : {
      "path" : "./xs-security.json",
      "service-plan" : "application",
      "type" : "managed-service",
      "config" : {
        "oauth2-configuration" : "********",
        "tenant-mode" : "dedicated",
        "xsappname" : "ai_cap-${space}"
      },
      "service" : "xsuaa"
    },
    "isActive" : true,
    "isOptional" : false,
    "propertiesMetadata" : {
      "metadata" : { }
    },
    "parametersMetadata" : {
      "metadata" : { }
    },
    "requiredDependencies" : [ {
      "majorSchemaVersion" : 3,
      "name" : "app-api",
      "properties" : { },
      "parameters" : { },
      "propertiesMetadata" : {
        "metadata" : { }
      },
      "parametersMetadata" : {
        "metadata" : { }
      }
    } ],
    "processedAfter" : [ ]
  }, {
    "majorSchemaVersion" : 3,
    "name" : "ai_cap-aicore",
    "type" : "org.cloudfoundry.existing-service",
    "properties" : { },
    "parameters" : {
      "type" : "existing-service",
      "service-name" : "default_aicore"
    },
    "isActive" : true,
    "isOptional" : false,
    "propertiesMetadata" : {
      "metadata" : { }
    },
    "parametersMetadata" : {
      "metadata" : { }
    },
    "requiredDependencies" : [ ],
    "processedAfter" : [ ]
  }, {
    "majorSchemaVersion" : 3,
    "name" : "ai_cap-destination",
    "type" : "org.cloudfoundry.managed-service",
    "properties" : { },
    "parameters" : {
      "type" : "managed-service",
      "service" : "destination",
      "service-plan" : "lite"
    },
    "isActive" : true,
    "isOptional" : false,
    "propertiesMetadata" : {
      "metadata" : { }
    },
    "parametersMetadata" : {
      "metadata" : { }
    },
    "requiredDependencies" : [ ],
    "processedAfter" : [ ]
  }, {
    "majorSchemaVersion" : 3,
    "name" : "ai_cap-html5-repo-host",
    "type" : "org.cloudfoundry.managed-service",
    "properties" : { },
    "parameters" : {
      "type" : "managed-service",
      "service" : "html5-apps-repo",
      "service-plan" : "app-host"
    },
    "isActive" : true,
    "isOptional" : false,
    "propertiesMetadata" : {
      "metadata" : { }
    },
    "parametersMetadata" : {
      "metadata" : { }
    },
    "requiredDependencies" : [ ],
    "processedAfter" : [ ]
  }, {
    "majorSchemaVersion" : 3,
    "name" : "ai_cap-html5-runtime",
    "type" : "org.cloudfoundry.managed-service",
    "properties" : { },
    "parameters" : {
      "type" : "managed-service",
      "service" : "html5-apps-repo",
      "service-plan" : "app-runtime"
    },
    "isActive" : true,
    "isOptional" : false,
    "propertiesMetadata" : {
      "metadata" : { }
    },
    "parametersMetadata" : {
      "metadata" : { }
    },
    "requiredDependencies" : [ ],
    "processedAfter" : [ ]
  } ],
  "parameters" : {
    "enable-parallel-deployments" : true,
    "deploy_mode" : "html5-repo"
  },
  "parametersMetadata" : {
    "metadata" : { }
  }
}#
#2026 07 26 14:31:17.437#Z#DEBUG#a94a10ac-88fe-11f1-b49e-eeee0a804d2e.OPERATION#flowable-async-job-executor-thread-5198#
[MergeDescriptorsStep] Descriptors validated and merged#
#2026 07 26 14:31:17.437#Z#DEBUG#a94a10ac-88fe-11f1-b49e-eeee0a804d2e.OPERATION#flowable-async-job-executor-thread-5198#
Step "Merge Descriptors" finished#
#2026 07 26 14:31:17.476#Z#DEBUG#a94a10ac-88fe-11f1-b49e-eeee0a804d2e.OPERATION#flowable-async-job-executor-thread-5199#
[DetectDeployedMtaStep] Executing task "detectDeployedMtaTask" of process "a94a10d2-88fe-11f1-b49e-eeee0a804d2e"...#
#2026 07 26 14:31:17.477#Z#DEBUG#a94a10ac-88fe-11f1-b49e-eeee0a804d2e.OPERATION#flowable-async-job-executor-thread-5199#
[DetectDeployedMtaStep] Detecting deployed MTA...#
#2026 07 26 14:31:17.550#Z#DEBUG#a94a10ac-88fe-11f1-b49e-eeee0a804d2e.OPERATION#flowable-async-job-executor-thread-5199#
[DetectDeployedMtaStep] Detecting MTA by id ai_cap and namespace null#
#2026 07 26 14:31:17.550#Z#DEBUG#a94a10ac-88fe-11f1-b49e-eeee0a804d2e.OPERATION#flowable-async-job-executor-thread-5199#
[DetectDeployedMtaStep] Getting applications by metadata label selector "mta_id=e2aca75aa18b602b9610a1849b9bb877,!mta_namespace"...#
#2026 07 26 14:31:17.596#Z#DEBUG#a94a10ac-88fe-11f1-b49e-eeee0a804d2e.OPERATION#flowable-async-job-executor-thread-5199#
[DetectDeployedMtaStep] Getting service instances by metadata label selector "mta_id=e2aca75aa18b602b9610a1849b9bb877,!mta_namespace"...#
#2026 07 26 14:31:17.716#Z#DEBUG#a94a10ac-88fe-11f1-b49e-eeee0a804d2e.OPERATION#flowable-async-job-executor-thread-5199#
[DetectDeployedMtaStep] Deployed MTA: {
  "metadata" : {
    "id" : "ai_cap",
    "version" : "1.0.0"
  },
  "applications" : [ ],
  "services" : [ {
    "name" : "ai_cap-html5-runtime",
    "metadata" : {
      "guid" : "76a30bd9-3ddd-4d94-8d55-9a4d0484ebbb",
      "createdAt" : [ 2026, 7, 26, 14, 22, 23 ],
      "updatedAt" : [ 2026, 7, 26, 14, 22, 24 ]
    },
    "v3Metadata" : {
      "annotations" : {
        "mta_id" : "ai_cap",
        "mta_version" : "1.0.0",
        "mta_resource" : "{\"name\":\"ai_cap-html5-runtime\"}"
      },
      "labels" : {
        "mta_id" : "e2aca75aa18b602b9610a1849b9bb877"
      }
    },
    "label" : "html5-apps-repo",
    "plan" : "app-runtime",
    "credentials" : "********",
    "tags" : [ ],
    "type" : "managed",
    "lastOperation" : {
      "type" : "CREATE",
      "description" : "",
      "state" : "SUCCEEDED"
    },
    "resourceName" : "ai_cap-html5-runtime"
  }, {
    "name" : "ai_cap-html5-repo-host",
    "metadata" : {
      "guid" : "3eb48064-f256-4f2b-8cb4-c2cf6689de62",
      "createdAt" : [ 2026, 7, 26, 14, 22, 23 ],
      "updatedAt" : [ 2026, 7, 26, 14, 22, 24 ]
    },
    "v3Metadata" : {
      "annotations" : {
        "mta_id" : "ai_cap",
        "mta_version" : "1.0.0",
        "mta_resource" : "{\"name\":\"ai_cap-html5-repo-host\"}"
      },
      "labels" : {
        "mta_id" : "e2aca75aa18b602b9610a1849b9bb877"
      }
    },
    "label" : "html5-apps-repo",
    "plan" : "app-host",
    "credentials" : "********",
    "tags" : [ ],
    "type" : "managed",
    "lastOperation" : {
      "type" : "CREATE",
      "description" : "",
      "state" : "SUCCEEDED"
    },
    "resourceName" : "ai_cap-html5-repo-host"
  }, {
    "name" : "ai_cap-destination",
    "metadata" : {
      "guid" : "fa1449ff-8bfe-455d-9458-4a24ce7aaa86",
      "createdAt" : [ 2026, 7, 26, 14, 22, 22 ],
      "updatedAt" : [ 2026, 7, 26, 14, 22, 26 ]
    },
    "v3Metadata" : {
      "annotations" : {
        "mta_id" : "ai_cap",
        "mta_version" : "1.0.0",
        "mta_resource" : "{\"name\":\"ai_cap-destination\"}"
      },
      "labels" : {
        "mta_id" : "e2aca75aa18b602b9610a1849b9bb877"
      }
    },
    "label" : "destination",
    "plan" : "lite",
    "credentials" : "********",
    "tags" : [ ],
    "type" : "managed",
    "lastOperation" : {
      "type" : "CREATE",
      "description" : "",
      "state" : "SUCCEEDED"
    },
    "resourceName" : "ai_cap-destination"
  } ]
}#
#2026 07 26 14:31:17.716#Z#INFO#a94a10ac-88fe-11f1-b49e-eeee0a804d2e.OPERATION#flowable-async-job-executor-thread-5199#
[DetectDeployedMtaStep] Detected deployed MTA with ID "ai_cap" and version "1.0.0"#
#2026 07 26 14:31:17.720#Z#DEBUG#a94a10ac-88fe-11f1-b49e-eeee0a804d2e.OPERATION#flowable-async-job-executor-thread-5199#
[DetectDeployedMtaStep] Detecting backup mta by id "ai_cap" and namespace "null"#
#2026 07 26 14:31:17.720#Z#DEBUG#a94a10ac-88fe-11f1-b49e-eeee0a804d2e.OPERATION#flowable-async-job-executor-thread-5199#
[DetectDeployedMtaStep] Getting applications by metadata label selector "mta_id=e2aca75aa18b602b9610a1849b9bb877,mta_namespace=b698114a0995e936895b9598a6c19a2c"...#
#2026 07 26 14:31:17.755#Z#DEBUG#a94a10ac-88fe-11f1-b49e-eeee0a804d2e.OPERATION#flowable-async-job-executor-thread-5199#
[DetectDeployedMtaStep] Getting service instances by metadata label selector "mta_id=e2aca75aa18b602b9610a1849b9bb877,mta_namespace=b698114a0995e936895b9598a6c19a2c"...#
#2026 07 26 14:31:17.810#Z#DEBUG#a94a10ac-88fe-11f1-b49e-eeee0a804d2e.OPERATION#flowable-async-job-executor-thread-5199#
[DetectDeployedMtaStep] Deployed MTA service keys: [ ]#
#2026 07 26 14:31:17.810#Z#DEBUG#a94a10ac-88fe-11f1-b49e-eeee0a804d2e.OPERATION#flowable-async-job-executor-thread-5199#
Step "Detect Deployed MTA" finished#
#2026 07 26 14:31:17.835#Z#DEBUG#a94a10ac-88fe-11f1-b49e-eeee0a804d2e.OPERATION#flowable-async-job-executor-thread-5200#
[XS2CollectSystemParametersStep] Executing task "collectSystemParametersTask" of process "a94a10d2-88fe-11f1-b49e-eeee0a804d2e"...#
#2026 07 26 14:31:17.836#Z#DEBUG#a94a10ac-88fe-11f1-b49e-eeee0a804d2e.OPERATION#flowable-async-job-executor-thread-5200#
[XS2CollectSystemParametersStep] Collecting system parameters...#
#2026 07 26 14:31:17.837#Z#DEBUG#a94a10ac-88fe-11f1-b49e-eeee0a804d2e.OPERATION#flowable-async-job-executor-thread-5200#
[XS2CollectSystemParametersStep] Getting default domain...#
#2026 07 26 14:31:17.869#Z#DEBUG#a94a10ac-88fe-11f1-b49e-eeee0a804d2e.OPERATION#flowable-async-job-executor-thread-5200#
[XS2CollectSystemParametersStep] Default domain: cfapps.ap10.hana.ondemand.com#
#2026 07 26 14:31:17.870#Z#DEBUG#a94a10ac-88fe-11f1-b49e-eeee0a804d2e.OPERATION#flowable-async-job-executor-thread-5200#
[XS2CollectSystemParametersStep] Checking for overwriting read-only parameters for mta with id: "ai_cap"#
#2026 07 26 14:31:17.870#Z#DEBUG#a94a10ac-88fe-11f1-b49e-eeee0a804d2e.OPERATION#flowable-async-job-executor-thread-5200#
[XS2CollectSystemParametersStep] No read-only parameters are overwritten#
#2026 07 26 14:31:17.885#Z#DEBUG#a94a10ac-88fe-11f1-b49e-eeee0a804d2e.OPERATION#flowable-async-job-executor-thread-5200#
[XS2CollectSystemParametersStep] Descriptor with system parameters: {
  "majorSchemaVersion" : 3,
  "schemaVersion" : "3.3.0",
  "id" : "ai_cap",
  "version" : "1.0.0",
  "modules" : [ {
    "majorSchemaVersion" : 3,
    "name" : "ai_cap-srv",
    "type" : "javascript.nodejs",
    "path" : "ai_cap-srv",
    "properties" : { },
    "parameters" : {
      "default-url" : "${protocol}://${default-uri}",
      "default-app-name" : "ai_cap-srv",
      "generated-password" : "********",
      "default-live-url" : "${protocol}://${default-live-uri}",
      "default-uri" : "${host}.${domain}",
      "default-instances" : 1,
      "default-live-host" : "abeam-consulting-ltd--jt9-lfwzntz7c-y6-dev-ai-cap-srv",
      "instances" : 1,
      "buildpack" : "nodejs_buildpack",
      "default-host" : "abeam-consulting-ltd--jt9-lfwzntz7c-y6-dev-ai-cap-srv",
      "app-name" : "${default-app-name}",
      "default-live-uri" : "abeam-consulting-ltd--jt9-lfwzntz7c-y6-dev-ai-cap-srv.${domain}",
      "protocol" : "https",
      "default-live-app-name" : "ai_cap-srv",
      "default-live-domain" : "cfapps.ap10.hana.ondemand.com",
      "domain" : "${default-domain}",
      "host" : "${default-host}",
      "generated-user" : "********"
    },
    "requiredDependencies" : [ {
      "majorSchemaVersion" : 3,
      "name" : "********",
      "properties" : { },
      "parameters" : { },
      "propertiesMetadata" : {
        "metadata" : { }
      },
      "parametersMetadata" : {
        "metadata" : { }
      }
    }, {
      "majorSchemaVersion" : 3,
      "name" : "ai_cap-aicore",
      "properties" : { },
      "parameters" : { },
      "propertiesMetadata" : {
        "metadata" : { }
      },
      "parametersMetadata" : {
        "metadata" : { }
      }
    } ],
    "providedDependencies" : [ {
      "majorSchemaVersion" : 3,
      "name" : "srv-api",
      "isPublic" : false,
      "properties" : {
        "srv-url" : "${default-url}"
      },
      "parameters" : { },
      "propertiesMetadata" : {
        "metadata" : { }
      },
      "parametersMetadata" : {
        "metadata" : { }
      }
    }, {
      "majorSchemaVersion" : 3,
      "name" : "ai_cap-srv",
      "isPublic" : false,
      "properties" : { },
      "parameters" : { },
      "propertiesMetadata" : {
        "metadata" : { }
      },
      "parametersMetadata" : {
        "metadata" : { }
      }
    } ],
    "propertiesMetadata" : {
      "metadata" : { }
    },
    "parametersMetadata" : {
      "metadata" : { }
    },
    "hooks" : [ ]
  }, {
    "majorSchemaVersion" : 3,
    "name" : "ai_cap",
    "type" : "javascript.nodejs",
    "path" : "ai_cap",
    "properties" : { },
    "parameters" : {
      "default-url" : "${protocol}://${default-uri}",
      "default-app-name" : "ai_cap",
      "generated-password" : "********",
      "default-live-url" : "${protocol}://${default-live-uri}",
      "default-uri" : "${host}.${domain}",
      "memory" : "256M",
      "default-instances" : 1,
      "default-live-host" : "abeam-consulting-ltd--jt9-lfwzntz7c-y6-dev-ai-cap",
      "instances" : "${default-instances}",
      "default-host" : "abeam-consulting-ltd--jt9-lfwzntz7c-y6-dev-ai-cap",
      "keep-existing-routes" : true,
      "app-name" : "${default-app-name}",
      "default-live-uri" : "abeam-consulting-ltd--jt9-lfwzntz7c-y6-dev-ai-cap.${domain}",
      "protocol" : "https",
      "default-live-app-name" : "ai_cap",
      "default-live-domain" : "cfapps.ap10.hana.ondemand.com",
      "disk-quota" : "256M",
      "domain" : "${default-domain}",
      "host" : "${default-host}",
      "generated-user" : "********"
    },
    "requiredDependencies" : [ {
      "majorSchemaVersion" : 3,
      "name" : "srv-api",
      "group" : "destinations",
      "properties" : {
        "name" : "srv-api",
        "forwardAuthToken" : "********",
        "url" : "~{srv-url}"
      },
      "parameters" : { },
      "propertiesMetadata" : {
        "metadata" : { }
      },
      "parametersMetadata" : {
        "metadata" : { }
      }
    }, {
      "majorSchemaVersion" : 3,
      "name" : "********",
      "properties" : { },
      "parameters" : { },
      "propertiesMetadata" : {
        "metadata" : { }
      },
      "parametersMetadata" : {
        "metadata" : { }
      }
    }, {
      "majorSchemaVersion" : 3,
      "name" : "ai_cap-destination",
      "properties" : { },
      "parameters" : { },
      "propertiesMetadata" : {
        "metadata" : { }
      },
      "parametersMetadata" : {
        "metadata" : { }
      }
    }, {
      "majorSchemaVersion" : 3,
      "name" : "ai_cap-html5-runtime",
      "properties" : { },
      "parameters" : { },
      "propertiesMetadata" : {
        "metadata" : { }
      },
      "parametersMetadata" : {
        "metadata" : { }
      }
    } ],
    "providedDependencies" : [ {
      "majorSchemaVersion" : 3,
      "name" : "app-api",
      "isPublic" : false,
      "properties" : {
        "app-protocol" : "${protocol}",
        "app-uri" : "${default-uri}"
      },
      "parameters" : { },
      "propertiesMetadata" : {
        "metadata" : { }
      },
      "parametersMetadata" : {
        "metadata" : { }
      }
    }, {
      "majorSchemaVersion" : 3,
      "name" : "ai_cap",
      "isPublic" : false,
      "properties" : { },
      "parameters" : { },
      "propertiesMetadata" : {
        "metadata" : { }
      },
      "parametersMetadata" : {
        "metadata" : { }
      }
    } ],
    "propertiesMetadata" : {
      "metadata" : { }
    },
    "parametersMetadata" : {
      "metadata" : { }
    },
    "hooks" : [ ]
  }, {
    "majorSchemaVersion" : 3,
    "name" : "ai_cap-app-deployer",
    "type" : "com.sap.application.content",
    "path" : "ai_cap-app-deployer",
    "properties" : { },
    "parameters" : {
      "default-url" : "${protocol}://${default-uri}",
      "default-app-name" : "ai_cap-app-deployer",
      "generated-password" : "********",
      "default-live-url" : "${protocol}://${default-live-uri}",
      "default-uri" : "${host}.${domain}",
      "default-instances" : 1,
      "default-live-host" : "abeam-consulting-ltd--jt9-lfwzntz7c-y6-dev-ai-cap-app-deployer",
      "instances" : "${default-instances}",
      "default-host" : "abeam-consulting-ltd--jt9-lfwzntz7c-y6-dev-ai-cap-app-deployer",
      "app-name" : "${default-app-name}",
      "default-live-uri" : "abeam-consulting-ltd--jt9-lfwzntz7c-y6-dev-ai-cap-app-deployer.${domain}",
      "protocol" : "https",
      "default-live-app-name" : "ai_cap-app-deployer",
      "default-live-domain" : "cfapps.ap10.hana.ondemand.com",
      "domain" : "${default-domain}",
      "host" : "${default-host}",
      "generated-user" : "********"
    },
    "requiredDependencies" : [ {
      "majorSchemaVersion" : 3,
      "name" : "********",
      "properties" : { },
      "parameters" : { },
      "propertiesMetadata" : {
        "metadata" : { }
      },
      "parametersMetadata" : {
        "metadata" : { }
      }
    }, {
      "majorSchemaVersion" : 3,
      "name" : "srv-api",
      "properties" : { },
      "parameters" : { },
      "propertiesMetadata" : {
        "metadata" : { }
      },
      "parametersMetadata" : {
        "metadata" : { }
      }
    }, {
      "majorSchemaVersion" : 3,
      "name" : "ai_cap-html5-repo-host",
      "properties" : { },
      "parameters" : {
        "config" : {
          "HTML5Runtime_enabled" : true
        },
        "content-target" : true
      },
      "propertiesMetadata" : {
        "metadata" : { }
      },
      "parametersMetadata" : {
        "metadata" : { }
      }
    } ],
    "providedDependencies" : [ {
      "majorSchemaVersion" : 3,
      "name" : "ai_cap-app-deployer",
      "isPublic" : false,
      "properties" : { },
      "parameters" : { },
      "propertiesMetadata" : {
        "metadata" : { }
      },
      "parametersMetadata" : {
        "metadata" : { }
      }
    } ],
    "propertiesMetadata" : {
      "metadata" : { }
    },
    "parametersMetadata" : {
      "metadata" : { }
    },
    "hooks" : [ ]
  } ],
  "resources" : [ {
    "majorSchemaVersion" : 3,
    "name" : "********",
    "type" : "org.cloudfoundry.managed-service",
    "properties" : { },
    "parameters" : {
      "generated-password" : "********",
      "path" : "./xs-security.json",
      "service-name" : "${default-service-name}",
      "service-plan" : "application",
      "service" : "xsuaa",
      "generated-user" : "********",
      "default-xsappname" : "********",
      "type" : "managed-service",
      "config" : {
        "oauth2-configuration" : "********",
        "tenant-mode" : "dedicated",
        "xsappname" : "ai_cap-${space}"
      },
      "default-service-name" : "********",
      "default-container-name" : "********"
    },
    "isActive" : true,
    "isOptional" : false,
    "propertiesMetadata" : {
      "metadata" : { }
    },
    "parametersMetadata" : {
      "metadata" : { }
    },
    "requiredDependencies" : [ {
      "majorSchemaVersion" : 3,
      "name" : "app-api",
      "properties" : { },
      "parameters" : { },
      "propertiesMetadata" : {
        "metadata" : { }
      },
      "parametersMetadata" : {
        "metadata" : { }
      }
    } ],
    "processedAfter" : [ ]
  }, {
    "majorSchemaVersion" : 3,
    "name" : "ai_cap-aicore",
    "type" : "org.cloudfoundry.existing-service",
    "properties" : { },
    "parameters" : {
      "generated-password" : "********",
      "service-name" : "default_aicore",
      "generated-user" : "********",
      "default-xsappname" : "ai_cap-aicore",
      "type" : "existing-service",
      "default-service-name" : "ai_cap-aicore",
      "default-container-name" : "ABEAM_CONSULTING_LTD__JT9_LFWZNTZ7C_Y6_DEV_AI_CAP_AICORE"
    },
    "isActive" : true,
    "isOptional" : false,
    "propertiesMetadata" : {
      "metadata" : { }
    },
    "parametersMetadata" : {
      "metadata" : { }
    },
    "requiredDependencies" : [ ],
    "processedAfter" : [ ]
  }, {
    "majorSchemaVersion" : 3,
    "name" : "ai_cap-destination",
    "type" : "org.cloudfoundry.managed-service",
    "properties" : { },
    "parameters" : {
      "generated-password" : "********",
      "service-name" : "${default-service-name}",
      "service-plan" : "lite",
      "service" : "destination",
      "generated-user" : "********",
      "default-xsappname" : "ai_cap-destination",
      "type" : "managed-service",
      "default-service-name" : "ai_cap-destination",
      "default-container-name" : "ABEAM_CONSULTING_LTD__JT9_LFWZNTZ7C_Y6_DEV_AI_CAP_DESTINATION"
    },
    "isActive" : true,
    "isOptional" : false,
    "propertiesMetadata" : {
      "metadata" : { }
    },
    "parametersMetadata" : {
      "metadata" : { }
    },
    "requiredDependencies" : [ ],
    "processedAfter" : [ ]
  }, {
    "majorSchemaVersion" : 3,
    "name" : "ai_cap-html5-repo-host",
    "type" : "org.cloudfoundry.managed-service",
    "properties" : { },
    "parameters" : {
      "generated-password" : "********",
      "service-name" : "${default-service-name}",
      "service-plan" : "app-host",
      "service" : "html5-apps-repo",
      "generated-user" : "********",
      "default-xsappname" : "ai_cap-html5-repo-host",
      "type" : "managed-service",
      "default-service-name" : "ai_cap-html5-repo-host",
      "default-container-name" : "ABEAM_CONSULTING_LTD__JT9_LFWZNTZ7C_Y6_DEV_AI_CAP_HTML5_R6BF2C66"
    },
    "isActive" : true,
    "isOptional" : false,
    "propertiesMetadata" : {
      "metadata" : { }
    },
    "parametersMetadata" : {
      "metadata" : { }
    },
    "requiredDependencies" : [ ],
    "processedAfter" : [ ]
  }, {
    "majorSchemaVersion" : 3,
    "name" : "ai_cap-html5-runtime",
    "type" : "org.cloudfoundry.managed-service",
    "properties" : { },
    "parameters" : {
      "generated-password" : "********",
      "service-name" : "${default-service-name}",
      "service-plan" : "app-runtime",
      "service" : "html5-apps-repo",
      "generated-user" : "********",
      "default-xsappname" : "ai_cap-html5-runtime",
      "type" : "managed-service",
      "default-service-name" : "ai_cap-html5-runtime",
      "default-container-name" : "ABEAM_CONSULTING_LTD__JT9_LFWZNTZ7C_Y6_DEV_AI_CAP_HTML5_RUNTIME"
    },
    "isActive" : true,
    "isOptional" : false,
    "propertiesMetadata" : {
      "metadata" : { }
    },
    "parametersMetadata" : {
      "metadata" : { }
    },
    "requiredDependencies" : [ ],
    "processedAfter" : [ ]
  } ],
  "parameters" : {
    "deploy_mode" : "html5-repo",
    "mta-id" : "ai_cap",
    "authorization-url" : "********",
    "org-guid" : "8a7111bd-c1db-49fb-9463-093b5098054f",
    "org" : "ABeam Consulting Ltd._jt9-lfwzntz7c-y6",
    "deploy-target" : "ABeam Consulting Ltd._jt9-lfwzntz7c-y6 dev",
    "enable-parallel-deployments" : true,
    "space" : "dev",
    "xs-api-url" : "https://api.cf.ap10.hana.ondemand.com",
    "deploy-url" : "deploy-service.cfapps.ap10.hana.ondemand.com",
    "xs-type" : "CF",
    "default-domain" : "cfapps.ap10.hana.ondemand.com",
    "mta-version" : "1.0.0",
    "xs-auth-url" : "********",
    "space-guid" : "88e5ad75-c77c-4164-b356-00f6d6d0ccdf",
    "user" : "********",
    "controller-url" : "https://api.cf.ap10.hana.ondemand.com",
    "timestamp" : "20260726143116"
  },
  "parametersMetadata" : {
    "metadata" : { }
  }
}#
#2026 07 26 14:31:17.886#Z#DEBUG#a94a10ac-88fe-11f1-b49e-eeee0a804d2e.OPERATION#flowable-async-job-executor-thread-5200#
[XS2CollectSystemParametersStep] Version rule: SAME_HIGHER#
#2026 07 26 14:31:17.886#Z#INFO#a94a10ac-88fe-11f1-b49e-eeee0a804d2e.OPERATION#flowable-async-job-executor-thread-5200#
[XS2CollectSystemParametersStep] Detected new MTA version: "1.0.0"#
#2026 07 26 14:31:17.891#Z#INFO#a94a10ac-88fe-11f1-b49e-eeee0a804d2e.OPERATION#flowable-async-job-executor-thread-5200#
[XS2CollectSystemParametersStep] Deployed MTA version: "1.0.0"#
#2026 07 26 14:31:17.897#Z#DEBUG#a94a10ac-88fe-11f1-b49e-eeee0a804d2e.OPERATION#flowable-async-job-executor-thread-5200#
[XS2CollectSystemParametersStep] MTA accepted for deployment#
#2026 07 26 14:31:17.897#Z#DEBUG#a94a10ac-88fe-11f1-b49e-eeee0a804d2e.OPERATION#flowable-async-job-executor-thread-5200#
[XS2CollectSystemParametersStep] System parameters collected#
#2026 07 26 14:31:17.898#Z#DEBUG#a94a10ac-88fe-11f1-b49e-eeee0a804d2e.OPERATION#flowable-async-job-executor-thread-5200#
Step "Collect System Parameters" finished#
#2026 07 26 14:31:17.924#Z#DEBUG#a94a10ac-88fe-11f1-b49e-eeee0a804d2e.OPERATION#flowable-async-job-executor-thread-5193#
[ProcessDescriptorStep] Executing task "processDescriptorTask" of process "a94a10d2-88fe-11f1-b49e-eeee0a804d2e"...#
#2026 07 26 14:31:17.924#Z#DEBUG#a94a10ac-88fe-11f1-b49e-eeee0a804d2e.OPERATION#flowable-async-job-executor-thread-5193#
[ProcessDescriptorStep] Resolving properties and parameters in merged descriptor...#
#2026 07 26 14:31:17.928#Z#DEBUG#a94a10ac-88fe-11f1-b49e-eeee0a804d2e.OPERATION#flowable-async-job-executor-thread-5193#
[ProcessDescriptorStep] Subscriptions: [ ]#
#2026 07 26 14:31:17.928#Z#DEBUG#a94a10ac-88fe-11f1-b49e-eeee0a804d2e.OPERATION#flowable-async-job-executor-thread-5193#
[ProcessDescriptorStep] MTA modules: [ai_cap-srv, ai_cap, ai_cap-app-deployer]#
#2026 07 26 14:31:17.929#Z#DEBUG#a94a10ac-88fe-11f1-b49e-eeee0a804d2e.OPERATION#flowable-async-job-executor-thread-5193#
[ProcessDescriptorStep] Resolved deployment descriptor: {
  "majorSchemaVersion" : 3,
  "schemaVersion" : "3.3.0",
  "id" : "ai_cap",
  "version" : "1.0.0",
  "modules" : [ {
    "majorSchemaVersion" : 3,
    "name" : "ai_cap-srv",
    "type" : "javascript.nodejs",
    "path" : "ai_cap-srv",
    "properties" : { },
    "parameters" : {
      "default-url" : "https://abeam-consulting-ltd--jt9-lfwzntz7c-y6-dev-ai-cap-srv.cfapps.ap10.hana.ondemand.com",
      "default-app-name" : "ai_cap-srv",
      "generated-password" : "********",
      "default-live-url" : "https://abeam-consulting-ltd--jt9-lfwzntz7c-y6-dev-ai-cap-srv.cfapps.ap10.hana.ondemand.com",
      "default-uri" : "abeam-consulting-ltd--jt9-lfwzntz7c-y6-dev-ai-cap-srv.cfapps.ap10.hana.ondemand.com",
      "default-instances" : 1,
      "default-live-host" : "abeam-consulting-ltd--jt9-lfwzntz7c-y6-dev-ai-cap-srv",
      "instances" : 1,
      "buildpack" : "nodejs_buildpack",
      "default-host" : "abeam-consulting-ltd--jt9-lfwzntz7c-y6-dev-ai-cap-srv",
      "app-name" : "ai_cap-srv",
      "default-live-uri" : "abeam-consulting-ltd--jt9-lfwzntz7c-y6-dev-ai-cap-srv.cfapps.ap10.hana.ondemand.com",
      "protocol" : "https",
      "default-live-app-name" : "ai_cap-srv",
      "default-live-domain" : "cfapps.ap10.hana.ondemand.com",
      "domain" : "cfapps.ap10.hana.ondemand.com",
      "host" : "abeam-consulting-ltd--jt9-lfwzntz7c-y6-dev-ai-cap-srv",
      "generated-user" : "********"
    },
    "requiredDependencies" : [ {
      "majorSchemaVersion" : 3,
      "name" : "********",
      "properties" : { },
      "parameters" : { },
      "propertiesMetadata" : {
        "metadata" : { }
      },
      "parametersMetadata" : {
        "metadata" : { }
      }
    }, {
      "majorSchemaVersion" : 3,
      "name" : "ai_cap-aicore",
      "properties" : { },
      "parameters" : { },
      "propertiesMetadata" : {
        "metadata" : { }
      },
      "parametersMetadata" : {
        "metadata" : { }
      }
    } ],
    "providedDependencies" : [ {
      "majorSchemaVersion" : 3,
      "name" : "srv-api",
      "isPublic" : false,
      "properties" : {
        "srv-url" : "https://abeam-consulting-ltd--jt9-lfwzntz7c-y6-dev-ai-cap-srv.cfapps.ap10.hana.ondemand.com"
      },
      "parameters" : { },
      "propertiesMetadata" : {
        "metadata" : { }
      },
      "parametersMetadata" : {
        "metadata" : { }
      }
    }, {
      "majorSchemaVersion" : 3,
      "name" : "ai_cap-srv",
      "isPublic" : false,
      "properties" : { },
      "parameters" : { },
      "propertiesMetadata" : {
        "metadata" : { }
      },
      "parametersMetadata" : {
        "metadata" : { }
      }
    } ],
    "propertiesMetadata" : {
      "metadata" : { }
    },
    "parametersMetadata" : {
      "metadata" : { }
    },
    "hooks" : [ ]
  }, {
    "majorSchemaVersion" : 3,
    "name" : "ai_cap",
    "type" : "javascript.nodejs",
    "path" : "ai_cap",
    "properties" : { },
    "parameters" : {
      "default-url" : "https://abeam-consulting-ltd--jt9-lfwzntz7c-y6-dev-ai-cap.cfapps.ap10.hana.ondemand.com",
      "default-app-name" : "ai_cap",
      "generated-password" : "********",
      "default-live-url" : "https://abeam-consulting-ltd--jt9-lfwzntz7c-y6-dev-ai-cap.cfapps.ap10.hana.ondemand.com",
      "default-uri" : "abeam-consulting-ltd--jt9-lfwzntz7c-y6-dev-ai-cap.cfapps.ap10.hana.ondemand.com",
      "memory" : "256M",
      "default-instances" : 1,
      "default-live-host" : "abeam-consulting-ltd--jt9-lfwzntz7c-y6-dev-ai-cap",
      "instances" : 1,
      "default-host" : "abeam-consulting-ltd--jt9-lfwzntz7c-y6-dev-ai-cap",
      "keep-existing-routes" : true,
      "app-name" : "ai_cap",
      "default-live-uri" : "abeam-consulting-ltd--jt9-lfwzntz7c-y6-dev-ai-cap.cfapps.ap10.hana.ondemand.com",
      "protocol" : "https",
      "default-live-app-name" : "ai_cap",
      "default-live-domain" : "cfapps.ap10.hana.ondemand.com",
      "disk-quota" : "256M",
      "domain" : "cfapps.ap10.hana.ondemand.com",
      "host" : "abeam-consulting-ltd--jt9-lfwzntz7c-y6-dev-ai-cap",
      "generated-user" : "********"
    },
    "requiredDependencies" : [ {
      "majorSchemaVersion" : 3,
      "name" : "srv-api",
      "group" : "destinations",
      "properties" : {
        "name" : "srv-api",
        "forwardAuthToken" : "********",
        "url" : "https://abeam-consulting-ltd--jt9-lfwzntz7c-y6-dev-ai-cap-srv.cfapps.ap10.hana.ondemand.com"
      },
      "parameters" : { },
      "propertiesMetadata" : {
        "metadata" : { }
      },
      "parametersMetadata" : {
        "metadata" : { }
      }
    }, {
      "majorSchemaVersion" : 3,
      "name" : "********",
      "properties" : { },
      "parameters" : { },
      "propertiesMetadata" : {
        "metadata" : { }
      },
      "parametersMetadata" : {
        "metadata" : { }
      }
    }, {
      "majorSchemaVersion" : 3,
      "name" : "ai_cap-destination",
      "properties" : { },
      "parameters" : { },
      "propertiesMetadata" : {
        "metadata" : { }
      },
      "parametersMetadata" : {
        "metadata" : { }
      }
    }, {
      "majorSchemaVersion" : 3,
      "name" : "ai_cap-html5-runtime",
      "properties" : { },
      "parameters" : { },
      "propertiesMetadata" : {
        "metadata" : { }
      },
      "parametersMetadata" : {
        "metadata" : { }
      }
    } ],
    "providedDependencies" : [ {
      "majorSchemaVersion" : 3,
      "name" : "app-api",
      "isPublic" : false,
      "properties" : {
        "app-protocol" : "https",
        "app-uri" : "abeam-consulting-ltd--jt9-lfwzntz7c-y6-dev-ai-cap.cfapps.ap10.hana.ondemand.com"
      },
      "parameters" : { },
      "propertiesMetadata" : {
        "metadata" : { }
      },
      "parametersMetadata" : {
        "metadata" : { }
      }
    }, {
      "majorSchemaVersion" : 3,
      "name" : "ai_cap",
      "isPublic" : false,
      "properties" : { },
      "parameters" : { },
      "propertiesMetadata" : {
        "metadata" : { }
      },
      "parametersMetadata" : {
        "metadata" : { }
      }
    } ],
    "propertiesMetadata" : {
      "metadata" : { }
    },
    "parametersMetadata" : {
      "metadata" : { }
    },
    "hooks" : [ ]
  }, {
    "majorSchemaVersion" : 3,
    "name" : "ai_cap-app-deployer",
    "type" : "com.sap.application.content",
    "path" : "ai_cap-app-deployer",
    "properties" : { },
    "parameters" : {
      "default-url" : "https://abeam-consulting-ltd--jt9-lfwzntz7c-y6-dev-ai-cap-app-deployer.cfapps.ap10.hana.ondemand.com",
      "default-app-name" : "ai_cap-app-deployer",
      "generated-password" : "********",
      "default-live-url" : "https://abeam-consulting-ltd--jt9-lfwzntz7c-y6-dev-ai-cap-app-deployer.cfapps.ap10.hana.ondemand.com",
      "default-uri" : "abeam-consulting-ltd--jt9-lfwzntz7c-y6-dev-ai-cap-app-deployer.cfapps.ap10.hana.ondemand.com",
      "default-instances" : 1,
      "default-live-host" : "abeam-consulting-ltd--jt9-lfwzntz7c-y6-dev-ai-cap-app-deployer",
      "instances" : 1,
      "default-host" : "abeam-consulting-ltd--jt9-lfwzntz7c-y6-dev-ai-cap-app-deployer",
      "app-name" : "ai_cap-app-deployer",
      "default-live-uri" : "abeam-consulting-ltd--jt9-lfwzntz7c-y6-dev-ai-cap-app-deployer.cfapps.ap10.hana.ondemand.com",
      "protocol" : "https",
      "default-live-app-name" : "ai_cap-app-deployer",
      "default-live-domain" : "cfapps.ap10.hana.ondemand.com",
      "domain" : "cfapps.ap10.hana.ondemand.com",
      "host" : "abeam-consulting-ltd--jt9-lfwzntz7c-y6-dev-ai-cap-app-deployer",
      "generated-user" : "********"
    },
    "requiredDependencies" : [ {
      "majorSchemaVersion" : 3,
      "name" : "********",
      "properties" : { },
      "parameters" : { },
      "propertiesMetadata" : {
        "metadata" : { }
      },
      "parametersMetadata" : {
        "metadata" : { }
      }
    }, {
      "majorSchemaVersion" : 3,
      "name" : "srv-api",
      "properties" : { },
      "parameters" : { },
      "propertiesMetadata" : {
        "metadata" : { }
      },
      "parametersMetadata" : {
        "metadata" : { }
      }
    }, {
      "majorSchemaVersion" : 3,
      "name" : "ai_cap-html5-repo-host",
      "properties" : { },
      "parameters" : {
        "config" : {
          "HTML5Runtime_enabled" : true
        },
        "content-target" : true
      },
      "propertiesMetadata" : {
        "metadata" : { }
      },
      "parametersMetadata" : {
        "metadata" : { }
      }
    } ],
    "providedDependencies" : [ {
      "majorSchemaVersion" : 3,
      "name" : "ai_cap-app-deployer",
      "isPublic" : false,
      "properties" : { },
      "parameters" : { },
      "propertiesMetadata" : {
        "metadata" : { }
      },
      "parametersMetadata" : {
        "metadata" : { }
      }
    } ],
    "propertiesMetadata" : {
      "metadata" : { }
    },
    "parametersMetadata" : {
      "metadata" : { }
    },
    "hooks" : [ ]
  } ],
  "resources" : [ {
    "majorSchemaVersion" : 3,
    "name" : "********",
    "type" : "org.cloudfoundry.managed-service",
    "properties" : { },
    "parameters" : {
      "generated-password" : "********",
      "path" : "./xs-security.json",
      "service-name" : "********",
      "service-plan" : "application",
      "service" : "xsuaa",
      "generated-user" : "********",
      "default-xsappname" : "********",
      "type" : "managed-service",
      "config" : {
        "oauth2-configuration" : "********",
        "tenant-mode" : "dedicated",
        "xsappname" : "ai_cap-dev"
      },
      "default-service-name" : "********",
      "default-container-name" : "********"
    },
    "isActive" : true,
    "isOptional" : false,
    "propertiesMetadata" : {
      "metadata" : { }
    },
    "parametersMetadata" : {
      "metadata" : { }
    },
    "requiredDependencies" : [ {
      "majorSchemaVersion" : 3,
      "name" : "app-api",
      "properties" : { },
      "parameters" : { },
      "propertiesMetadata" : {
        "metadata" : { }
      },
      "parametersMetadata" : {
        "metadata" : { }
      }
    } ],
    "processedAfter" : [ ]
  }, {
    "majorSchemaVersion" : 3,
    "name" : "ai_cap-aicore",
    "type" : "org.cloudfoundry.existing-service",
    "properties" : { },
    "parameters" : {
      "generated-password" : "********",
      "service-name" : "default_aicore",
      "generated-user" : "********",
      "default-xsappname" : "ai_cap-aicore",
      "type" : "existing-service",
      "default-service-name" : "ai_cap-aicore",
      "default-container-name" : "ABEAM_CONSULTING_LTD__JT9_LFWZNTZ7C_Y6_DEV_AI_CAP_AICORE"
    },
    "isActive" : true,
    "isOptional" : false,
    "propertiesMetadata" : {
      "metadata" : { }
    },
    "parametersMetadata" : {
      "metadata" : { }
    },
    "requiredDependencies" : [ ],
    "processedAfter" : [ ]
  }, {
    "majorSchemaVersion" : 3,
    "name" : "ai_cap-destination",
    "type" : "org.cloudfoundry.managed-service",
    "properties" : { },
    "parameters" : {
      "generated-password" : "********",
      "service-name" : "ai_cap-destination",
      "service-plan" : "lite",
      "service" : "destination",
      "generated-user" : "********",
      "default-xsappname" : "ai_cap-destination",
      "type" : "managed-service",
      "default-service-name" : "ai_cap-destination",
      "default-container-name" : "ABEAM_CONSULTING_LTD__JT9_LFWZNTZ7C_Y6_DEV_AI_CAP_DESTINATION"
    },
    "isActive" : true,
    "isOptional" : false,
    "propertiesMetadata" : {
      "metadata" : { }
    },
    "parametersMetadata" : {
      "metadata" : { }
    },
    "requiredDependencies" : [ ],
    "processedAfter" : [ ]
  }, {
    "majorSchemaVersion" : 3,
    "name" : "ai_cap-html5-repo-host",
    "type" : "org.cloudfoundry.managed-service",
    "properties" : { },
    "parameters" : {
      "generated-password" : "********",
      "service-name" : "ai_cap-html5-repo-host",
      "service-plan" : "app-host",
      "service" : "html5-apps-repo",
      "generated-user" : "********",
      "default-xsappname" : "ai_cap-html5-repo-host",
      "type" : "managed-service",
      "default-service-name" : "ai_cap-html5-repo-host",
      "default-container-name" : "ABEAM_CONSULTING_LTD__JT9_LFWZNTZ7C_Y6_DEV_AI_CAP_HTML5_R6BF2C66"
    },
    "isActive" : true,
    "isOptional" : false,
    "propertiesMetadata" : {
      "metadata" : { }
    },
    "parametersMetadata" : {
      "metadata" : { }
    },
    "requiredDependencies" : [ ],
    "processedAfter" : [ ]
  }, {
    "majorSchemaVersion" : 3,
    "name" : "ai_cap-html5-runtime",
    "type" : "org.cloudfoundry.managed-service",
    "properties" : { },
    "parameters" : {
      "generated-password" : "********",
      "service-name" : "ai_cap-html5-runtime",
      "service-plan" : "app-runtime",
      "service" : "html5-apps-repo",
      "generated-user" : "********",
      "default-xsappname" : "ai_cap-html5-runtime",
      "type" : "managed-service",
      "default-service-name" : "ai_cap-html5-runtime",
      "default-container-name" : "ABEAM_CONSULTING_LTD__JT9_LFWZNTZ7C_Y6_DEV_AI_CAP_HTML5_RUNTIME"
    },
    "isActive" : true,
    "isOptional" : false,
    "propertiesMetadata" : {
      "metadata" : { }
    },
    "parametersMetadata" : {
      "metadata" : { }
    },
    "requiredDependencies" : [ ],
    "processedAfter" : [ ]
  } ],
  "parameters" : {
    "deploy_mode" : "html5-repo",
    "mta-id" : "ai_cap",
    "authorization-url" : "********",
    "org-guid" : "8a7111bd-c1db-49fb-9463-093b5098054f",
    "org" : "ABeam Consulting Ltd._jt9-lfwzntz7c-y6",
    "deploy-target" : "ABeam Consulting Ltd._jt9-lfwzntz7c-y6 dev",
    "enable-parallel-deployments" : true,
    "region-primary-domain" : "ap10.hana.ondemand.com",
    "space" : "dev",
    "region-domain" : "ap10.hana.ondemand.com",
    "xs-api-url" : "https://api.cf.ap10.hana.ondemand.com",
    "deploy-url" : "deploy-service.cfapps.ap10.hana.ondemand.com",
    "xs-type" : "CF",
    "default-domain" : "cfapps.ap10.hana.ondemand.com",
    "mta-version" : "1.0.0",
    "xs-auth-url" : "********",
    "space-guid" : "88e5ad75-c77c-4164-b356-00f6d6d0ccdf",
    "user" : "********",
    "controller-url" : "https://api.cf.ap10.hana.ondemand.com",
    "timestamp" : "20260726143116"
  },
  "parametersMetadata" : {
    "metadata" : { }
  }
}#
#2026 07 26 14:31:17.930#Z#DEBUG#a94a10ac-88fe-11f1-b49e-eeee0a804d2e.OPERATION#flowable-async-job-executor-thread-5193#
[ProcessDescriptorStep] Merged descriptor properties and parameters resolved#
#2026 07 26 14:31:17.930#Z#DEBUG#a94a10ac-88fe-11f1-b49e-eeee0a804d2e.OPERATION#flowable-async-job-executor-thread-5193#
Step "Process Descriptor Step" finished#
#2026 07 26 14:31:17.961#Z#DEBUG#a94a10ac-88fe-11f1-b49e-eeee0a804d2e.OPERATION#flowable-async-job-executor-thread-5194#
[XS2BuildCloudDeployModelStep] Executing task "buildDeployModelTask" of process "a94a10d2-88fe-11f1-b49e-eeee0a804d2e"...#
#2026 07 26 14:31:17.965#Z#DEBUG#a94a10ac-88fe-11f1-b49e-eeee0a804d2e.OPERATION#flowable-async-job-executor-thread-5194#
[XS2BuildCloudDeployModelStep] Service keys defined for content deployment grouped by service name: {
  "ai_cap-auth" : "********",
  "ai_cap-html5-repo-host" : [ {
    "name" : "********",
    "v3Metadata" : {
      "annotations" : {
        "mta_id" : "ai_cap",
        "mta_version" : "1.0.0"
      },
      "labels" : {
        "mta_id" : "e2aca75aa18b602b9610a1849b9bb877",
        "space_guid" : "88e5ad75-c77c-4164-b356-00f6d6d0ccdf"
      }
    },
    "credentials" : "********",
    "moduleName" : "ai_cap-app-deployer",
    "resourceName" : "ai_cap-html5-repo-host",
    "serviceInstance" : {
      "isOptional" : false,
      "isManaged" : false,
      "name" : "ai_cap-html5-repo-host",
      "credentials" : "********",
      "tags" : [ ],
      "shouldSkipParametersUpdate" : false,
      "shouldSkipPlanUpdate" : false,
      "shouldSkipTagsUpdate" : false,
      "shouldSkipSyslogUrlUpdate" : false
    },
    "shouldDeleteServiceKeyAfterDeploy" : "********",
    "resourceType" : "org.cloudfoundry.managed-service"
  } ]
}#
#2026 07 26 14:31:17.965#Z#DEBUG#a94a10ac-88fe-11f1-b49e-eeee0a804d2e.OPERATION#flowable-async-job-executor-thread-5194#
[XS2BuildCloudDeployModelStep] Building cloud deployment model...#
#2026 07 26 14:31:17.966#Z#DEBUG#a94a10ac-88fe-11f1-b49e-eeee0a804d2e.OPERATION#flowable-async-job-executor-thread-5194#
[XS2BuildCloudDeployModelStep] MTA archive modules: [ai_cap, ai_cap-srv, ai_cap-app-deployer]#
#2026 07 26 14:31:17.966#Z#DEBUG#a94a10ac-88fe-11f1-b49e-eeee0a804d2e.OPERATION#flowable-async-job-executor-thread-5194#
[XS2BuildCloudDeployModelStep] Deployed modules: []#
#2026 07 26 14:31:17.967#Z#DEBUG#a94a10ac-88fe-11f1-b49e-eeee0a804d2e.OPERATION#flowable-async-job-executor-thread-5194#
[XS2BuildCloudDeployModelStep] MTA modules: [ai_cap-srv, ai_cap, ai_cap-app-deployer]#
#2026 07 26 14:31:17.967#Z#DEBUG#a94a10ac-88fe-11f1-b49e-eeee0a804d2e.OPERATION#flowable-async-job-executor-thread-5194#
[XS2BuildCloudDeployModelStep] Service keys to create: {
  "ai_cap-aicore" : [ ],
  "ai_cap-destination" : [ ],
  "ai_cap-auth" : "********",
  "ai_cap-html5-repo-host" : [ ],
  "ai_cap-html5-runtime" : [ ]
}#
#2026 07 26 14:31:17.968#Z#DEBUG#a94a10ac-88fe-11f1-b49e-eeee0a804d2e.OPERATION#flowable-async-job-executor-thread-5194#
[XS2BuildCloudDeployModelStep] Modules to deploy: [{
  "majorSchemaVersion" : 3,
  "name" : "ai_cap-srv",
  "type" : "javascript.nodejs",
  "path" : "ai_cap-srv",
  "properties" : { },
  "parameters" : {
    "default-url" : "https://abeam-consulting-ltd--jt9-lfwzntz7c-y6-dev-ai-cap-srv.cfapps.ap10.hana.ondemand.com",
    "default-app-name" : "ai_cap-srv",
    "generated-password" : "********",
    "default-live-url" : "https://abeam-consulting-ltd--jt9-lfwzntz7c-y6-dev-ai-cap-srv.cfapps.ap10.hana.ondemand.com",
    "default-uri" : "abeam-consulting-ltd--jt9-lfwzntz7c-y6-dev-ai-cap-srv.cfapps.ap10.hana.ondemand.com",
    "default-instances" : 1,
    "default-live-host" : "abeam-consulting-ltd--jt9-lfwzntz7c-y6-dev-ai-cap-srv",
    "instances" : 1,
    "buildpack" : "nodejs_buildpack",
    "default-host" : "abeam-consulting-ltd--jt9-lfwzntz7c-y6-dev-ai-cap-srv",
    "app-name" : "ai_cap-srv",
    "default-live-uri" : "abeam-consulting-ltd--jt9-lfwzntz7c-y6-dev-ai-cap-srv.cfapps.ap10.hana.ondemand.com",
    "protocol" : "https",
    "default-live-app-name" : "ai_cap-srv",
    "default-live-domain" : "cfapps.ap10.hana.ondemand.com",
    "dependency-type" : "soft",
    "domain" : "cfapps.ap10.hana.ondemand.com",
    "host" : "abeam-consulting-ltd--jt9-lfwzntz7c-y6-dev-ai-cap-srv",
    "generated-user" : "********"
  },
  "requiredDependencies" : [ {
    "majorSchemaVersion" : 3,
    "name" : "********",
    "properties" : { },
    "parameters" : { },
    "propertiesMetadata" : {
      "metadata" : { }
    },
    "parametersMetadata" : {
      "metadata" : { }
    }
  }, {
    "majorSchemaVersion" : 3,
    "name" : "ai_cap-aicore",
    "properties" : { },
    "parameters" : { },
    "propertiesMetadata" : {
      "metadata" : { }
    },
    "parametersMetadata" : {
      "metadata" : { }
    }
  } ],
  "providedDependencies" : [ {
    "majorSchemaVersion" : 3,
    "name" : "srv-api",
    "isPublic" : false,
    "properties" : {
      "srv-url" : "https://abeam-consulting-ltd--jt9-lfwzntz7c-y6-dev-ai-cap-srv.cfapps.ap10.hana.ondemand.com"
    },
    "parameters" : { },
    "propertiesMetadata" : {
      "metadata" : { }
    },
    "parametersMetadata" : {
      "metadata" : { }
    }
  }, {
    "majorSchemaVersion" : 3,
    "name" : "ai_cap-srv",
    "isPublic" : false,
    "properties" : { },
    "parameters" : { },
    "propertiesMetadata" : {
      "metadata" : { }
    },
    "parametersMetadata" : {
      "metadata" : { }
    }
  } ],
  "propertiesMetadata" : {
    "metadata" : { }
  },
  "parametersMetadata" : {
    "metadata" : { }
  },
  "deployedAfter" : [ ],
  "hooks" : [ ]
}, {
  "majorSchemaVersion" : 3,
  "name" : "ai_cap",
  "type" : "javascript.nodejs",
  "path" : "ai_cap",
  "properties" : { },
  "parameters" : {
    "default-url" : "https://abeam-consulting-ltd--jt9-lfwzntz7c-y6-dev-ai-cap.cfapps.ap10.hana.ondemand.com",
    "default-app-name" : "ai_cap",
    "generated-password" : "********",
    "default-live-url" : "https://abeam-consulting-ltd--jt9-lfwzntz7c-y6-dev-ai-cap.cfapps.ap10.hana.ondemand.com",
    "default-uri" : "abeam-consulting-ltd--jt9-lfwzntz7c-y6-dev-ai-cap.cfapps.ap10.hana.ondemand.com",
    "memory" : "256M",
    "default-instances" : 1,
    "default-live-host" : "abeam-consulting-ltd--jt9-lfwzntz7c-y6-dev-ai-cap",
    "instances" : 1,
    "default-host" : "abeam-consulting-ltd--jt9-lfwzntz7c-y6-dev-ai-cap",
    "keep-existing-routes" : true,
    "app-name" : "ai_cap",
    "default-live-uri" : "abeam-consulting-ltd--jt9-lfwzntz7c-y6-dev-ai-cap.cfapps.ap10.hana.ondemand.com",
    "protocol" : "https",
    "default-live-app-name" : "ai_cap",
    "default-live-domain" : "cfapps.ap10.hana.ondemand.com",
    "disk-quota" : "256M",
    "dependency-type" : "soft",
    "domain" : "cfapps.ap10.hana.ondemand.com",
    "host" : "abeam-consulting-ltd--jt9-lfwzntz7c-y6-dev-ai-cap",
    "generated-user" : "********"
  },
  "requiredDependencies" : [ {
    "majorSchemaVersion" : 3,
    "name" : "srv-api",
    "group" : "destinations",
    "properties" : {
      "name" : "srv-api",
      "forwardAuthToken" : "********",
      "url" : "https://abeam-consulting-ltd--jt9-lfwzntz7c-y6-dev-ai-cap-srv.cfapps.ap10.hana.ondemand.com"
    },
    "parameters" : { },
    "propertiesMetadata" : {
      "metadata" : { }
    },
    "parametersMetadata" : {
      "metadata" : { }
    }
  }, {
    "majorSchemaVersion" : 3,
    "name" : "********",
    "properties" : { },
    "parameters" : { },
    "propertiesMetadata" : {
      "metadata" : { }
    },
    "parametersMetadata" : {
      "metadata" : { }
    }
  }, {
    "majorSchemaVersion" : 3,
    "name" : "ai_cap-destination",
    "properties" : { },
    "parameters" : { },
    "propertiesMetadata" : {
      "metadata" : { }
    },
    "parametersMetadata" : {
      "metadata" : { }
    }
  }, {
    "majorSchemaVersion" : 3,
    "name" : "ai_cap-html5-runtime",
    "properties" : { },
    "parameters" : { },
    "propertiesMetadata" : {
      "metadata" : { }
    },
    "parametersMetadata" : {
      "metadata" : { }
    }
  } ],
  "providedDependencies" : [ {
    "majorSchemaVersion" : 3,
    "name" : "app-api",
    "isPublic" : false,
    "properties" : {
      "app-protocol" : "https",
      "app-uri" : "abeam-consulting-ltd--jt9-lfwzntz7c-y6-dev-ai-cap.cfapps.ap10.hana.ondemand.com"
    },
    "parameters" : { },
    "propertiesMetadata" : {
      "metadata" : { }
    },
    "parametersMetadata" : {
      "metadata" : { }
    }
  }, {
    "majorSchemaVersion" : 3,
    "name" : "ai_cap",
    "isPublic" : false,
    "properties" : { },
    "parameters" : { },
    "propertiesMetadata" : {
      "metadata" : { }
    },
    "parametersMetadata" : {
      "metadata" : { }
    }
  } ],
  "propertiesMetadata" : {
    "metadata" : { }
  },
  "parametersMetadata" : {
    "metadata" : { }
  },
  "deployedAfter" : [ ],
  "hooks" : [ ]
}, {
  "majorSchemaVersion" : 3,
  "name" : "ai_cap-app-deployer",
  "type" : "com.sap.application.content",
  "path" : "ai_cap-app-deployer",
  "properties" : { },
  "parameters" : {
    "default-url" : "https://abeam-consulting-ltd--jt9-lfwzntz7c-y6-dev-ai-cap-app-deployer.cfapps.ap10.hana.ondemand.com",
    "default-app-name" : "ai_cap-app-deployer",
    "generated-password" : "********",
    "default-live-url" : "https://abeam-consulting-ltd--jt9-lfwzntz7c-y6-dev-ai-cap-app-deployer.cfapps.ap10.hana.ondemand.com",
    "default-uri" : "abeam-consulting-ltd--jt9-lfwzntz7c-y6-dev-ai-cap-app-deployer.cfapps.ap10.hana.ondemand.com",
    "default-instances" : 1,
    "default-live-host" : "abeam-consulting-ltd--jt9-lfwzntz7c-y6-dev-ai-cap-app-deployer",
    "instances" : 1,
    "default-host" : "abeam-consulting-ltd--jt9-lfwzntz7c-y6-dev-ai-cap-app-deployer",
    "app-name" : "ai_cap-app-deployer",
    "default-live-uri" : "abeam-consulting-ltd--jt9-lfwzntz7c-y6-dev-ai-cap-app-deployer.cfapps.ap10.hana.ondemand.com",
    "protocol" : "https",
    "default-live-app-name" : "ai_cap-app-deployer",
    "default-live-domain" : "cfapps.ap10.hana.ondemand.com",
    "dependency-type" : "soft",
    "domain" : "cfapps.ap10.hana.ondemand.com",
    "host" : "abeam-consulting-ltd--jt9-lfwzntz7c-y6-dev-ai-cap-app-deployer",
    "generated-user" : "********"
  },
  "requiredDependencies" : [ {
    "majorSchemaVersion" : 3,
    "name" : "********",
    "properties" : { },
    "parameters" : { },
    "propertiesMetadata" : {
      "metadata" : { }
    },
    "parametersMetadata" : {
      "metadata" : { }
    }
  }, {
    "majorSchemaVersion" : 3,
    "name" : "srv-api",
    "properties" : { },
    "parameters" : { },
    "propertiesMetadata" : {
      "metadata" : { }
    },
    "parametersMetadata" : {
      "metadata" : { }
    }
  }, {
    "majorSchemaVersion" : 3,
    "name" : "ai_cap-html5-repo-host",
    "properties" : { },
    "parameters" : {
      "config" : {
        "HTML5Runtime_enabled" : true
      },
      "content-target" : true
    },
    "propertiesMetadata" : {
      "metadata" : { }
    },
    "parametersMetadata" : {
      "metadata" : { }
    }
  } ],
  "providedDependencies" : [ {
    "majorSchemaVersion" : 3,
    "name" : "ai_cap-app-deployer",
    "isPublic" : false,
    "properties" : { },
    "parameters" : { },
    "propertiesMetadata" : {
      "metadata" : { }
    },
    "parametersMetadata" : {
      "metadata" : { }
    }
  } ],
  "propertiesMetadata" : {
    "metadata" : { }
  },
  "parametersMetadata" : {
    "metadata" : { }
  },
  "deployedAfter" : [ ],
  "hooks" : [ ]
}]#
#2026 07 26 14:31:17.969#Z#DEBUG#a94a10ac-88fe-11f1-b49e-eeee0a804d2e.OPERATION#flowable-async-job-executor-thread-5194#
[XS2BuildCloudDeployModelStep] Custom domains: []#
#2026 07 26 14:31:17.972#Z#DEBUG#a94a10ac-88fe-11f1-b49e-eeee0a804d2e.OPERATION#flowable-async-job-executor-thread-5194#
[XS2BuildCloudDeployModelStep] Getting service instance "default_aicore"...#
#2026 07 26 14:31:18.090#Z#DEBUG#a94a10ac-88fe-11f1-b49e-eeee0a804d2e.OPERATION#flowable-async-job-executor-thread-5194#
[XS2BuildCloudDeployModelStep] Calculating resource batches...#
#2026 07 26 14:31:18.090#Z#DEBUG#a94a10ac-88fe-11f1-b49e-eeee0a804d2e.OPERATION#flowable-async-job-executor-thread-5194#
[XS2BuildCloudDeployModelStep] Calculating resource batches completed.#
#2026 07 26 14:31:18.090#Z#DEBUG#a94a10ac-88fe-11f1-b49e-eeee0a804d2e.OPERATION#flowable-async-job-executor-thread-5194#
[XS2BuildCloudDeployModelStep] Cloud deployment model built#
#2026 07 26 14:31:18.090#Z#DEBUG#a94a10ac-88fe-11f1-b49e-eeee0a804d2e.OPERATION#flowable-async-job-executor-thread-5194#
Step "Build Deploy Model" finished#
#2026 07 26 14:31:18.125#Z#DEBUG#a94a10ac-88fe-11f1-b49e-eeee0a804d2e.OPERATION#flowable-async-job-executor-thread-5194#
[BuildCloudUndeployModelStep] Executing task "buildUndeployModelTask" of process "a94a10d2-88fe-11f1-b49e-eeee0a804d2e"...#
#2026 07 26 14:31:18.126#Z#DEBUG#a94a10ac-88fe-11f1-b49e-eeee0a804d2e.OPERATION#flowable-async-job-executor-thread-5194#
[BuildCloudUndeployModelStep] Building cloud undeployment model...#
#2026 07 26 14:31:18.127#Z#DEBUG#a94a10ac-88fe-11f1-b49e-eeee0a804d2e.OPERATION#flowable-async-job-executor-thread-5194#
[BuildCloudUndeployModelStep] Detecting service keys to delete.#
#2026 07 26 14:31:18.128#Z#DEBUG#a94a10ac-88fe-11f1-b49e-eeee0a804d2e.OPERATION#flowable-async-job-executor-thread-5194#
[BuildCloudUndeployModelStep] No deployed service keys detected!#
#2026 07 26 14:31:18.128#Z#DEBUG#a94a10ac-88fe-11f1-b49e-eeee0a804d2e.OPERATION#flowable-async-job-executor-thread-5194#
[BuildCloudUndeployModelStep] Detected service keys to delete "[]"#
#2026 07 26 14:31:18.133#Z#DEBUG#a94a10ac-88fe-11f1-b49e-eeee0a804d2e.OPERATION#flowable-async-job-executor-thread-5194#
[BuildCloudUndeployModelStep] MTA modules: [ai_cap-srv, ai_cap, ai_cap-app-deployer]#
#2026 07 26 14:31:18.134#Z#DEBUG#a94a10ac-88fe-11f1-b49e-eeee0a804d2e.OPERATION#flowable-async-job-executor-thread-5194#
[BuildCloudUndeployModelStep] Modules to undeploy: [ ]#
#2026 07 26 14:31:18.134#Z#DEBUG#a94a10ac-88fe-11f1-b49e-eeee0a804d2e.OPERATION#flowable-async-job-executor-thread-5194#
[BuildCloudUndeployModelStep] Modules that won't be changed: [ ]#
#2026 07 26 14:31:18.134#Z#DEBUG#a94a10ac-88fe-11f1-b49e-eeee0a804d2e.OPERATION#flowable-async-job-executor-thread-5194#
[BuildCloudUndeployModelStep] Subscriptions to delete: [ ]#
#2026 07 26 14:31:18.137#Z#DEBUG#a94a10ac-88fe-11f1-b49e-eeee0a804d2e.OPERATION#flowable-async-job-executor-thread-5194#
[BuildCloudUndeployModelStep] Cloud services to delete: []#
#2026 07 26 14:31:18.137#Z#DEBUG#a94a10ac-88fe-11f1-b49e-eeee0a804d2e.OPERATION#flowable-async-job-executor-thread-5194#
[BuildCloudUndeployModelStep] Cloud applications to undeploy: [ ]#
#2026 07 26 14:31:18.139#Z#DEBUG#a94a10ac-88fe-11f1-b49e-eeee0a804d2e.OPERATION#flowable-async-job-executor-thread-5194#
[BuildCloudUndeployModelStep] Cloud undeployment model built#
#2026 07 26 14:31:18.139#Z#DEBUG#a94a10ac-88fe-11f1-b49e-eeee0a804d2e.OPERATION#flowable-async-job-executor-thread-5194#
Step "Build Undeploy Model" finished#
#2026 07 26 14:31:18.168#Z#DEBUG#a94a10ac-88fe-11f1-b49e-eeee0a804d2e.OPERATION#flowable-async-job-executor-thread-5194#
[AddDomainsStep] Executing task "addDomainsTask" of process "a94a10d2-88fe-11f1-b49e-eeee0a804d2e"...#
#2026 07 26 14:31:18.170#Z#DEBUG#a94a10ac-88fe-11f1-b49e-eeee0a804d2e.OPERATION#flowable-async-job-executor-thread-5194#
[AddDomainsStep] Custom domains: []#
#2026 07 26 14:31:18.170#Z#DEBUG#a94a10ac-88fe-11f1-b49e-eeee0a804d2e.OPERATION#flowable-async-job-executor-thread-5194#
Step "Add Domains" finished#
#2026 07 26 14:31:18.276#Z#DEBUG#a94a10ac-88fe-11f1-b49e-eeee0a804d2e.OPERATION#flowable-async-job-executor-thread-5198#
[ExtractBatchedServicesWithResolvedDynamicParametersStep] Executing task "prepareModulesDeploymentTask" of process "aa1c06e2-88fe-11f1-b49e-eeee0a804d2e"...#
#2026 07 26 14:31:18.277#Z#DEBUG#a94a10ac-88fe-11f1-b49e-eeee0a804d2e.OPERATION#flowable-async-job-executor-thread-5198#
[ExtractBatchedServicesWithResolvedDynamicParametersStep] Extracting services and resolving dynamic parameters from batch#
#2026 07 26 14:31:18.278#Z#DEBUG#a94a10ac-88fe-11f1-b49e-eeee0a804d2e.OPERATION#flowable-async-job-executor-thread-5198#
[ExtractBatchedServicesWithResolvedDynamicParametersStep] Services to create: [ {
  "isOptional" : false,
  "isManaged" : true,
  "name" : "********",
  "v3Metadata" : {
    "annotations" : {
      "mta_id" : "ai_cap",
      "mta_version" : "1.0.0",
      "mta_resource" : "********"
    },
    "labels" : {
      "mta_id" : "e2aca75aa18b602b9610a1849b9bb877"
    }
  },
  "label" : "xsuaa",
  "plan" : "application",
  "credentials" : "********",
  "tags" : [ ],
  "type" : "managed",
  "resourceName" : "********",
  "shouldSkipParametersUpdate" : false,
  "shouldSkipPlanUpdate" : false,
  "shouldSkipTagsUpdate" : false,
  "shouldSkipSyslogUrlUpdate" : false
}, {
  "isOptional" : false,
  "isManaged" : true,
  "name" : "ai_cap-destination",
  "v3Metadata" : {
    "annotations" : {
      "mta_id" : "ai_cap",
      "mta_version" : "1.0.0",
      "mta_resource" : "{\"name\":\"ai_cap-destination\"}"
    },
    "labels" : {
      "mta_id" : "e2aca75aa18b602b9610a1849b9bb877"
    }
  },
  "label" : "destination",
  "plan" : "lite",
  "credentials" : "********",
  "tags" : [ ],
  "type" : "managed",
  "resourceName" : "ai_cap-destination",
  "shouldSkipParametersUpdate" : false,
  "shouldSkipPlanUpdate" : false,
  "shouldSkipTagsUpdate" : false,
  "shouldSkipSyslogUrlUpdate" : false
}, {
  "isOptional" : false,
  "isManaged" : true,
  "name" : "ai_cap-html5-repo-host",
  "v3Metadata" : {
    "annotations" : {
      "mta_id" : "ai_cap",
      "mta_version" : "1.0.0",
      "mta_resource" : "{\"name\":\"ai_cap-html5-repo-host\"}"
    },
    "labels" : {
      "mta_id" : "e2aca75aa18b602b9610a1849b9bb877"
    }
  },
  "label" : "html5-apps-repo",
  "plan" : "app-host",
  "credentials" : "********",
  "tags" : [ ],
  "type" : "managed",
  "resourceName" : "ai_cap-html5-repo-host",
  "shouldSkipParametersUpdate" : false,
  "shouldSkipPlanUpdate" : false,
  "shouldSkipTagsUpdate" : false,
  "shouldSkipSyslogUrlUpdate" : false
}, {
  "isOptional" : false,
  "isManaged" : true,
  "name" : "ai_cap-html5-runtime",
  "v3Metadata" : {
    "annotations" : {
      "mta_id" : "ai_cap",
      "mta_version" : "1.0.0",
      "mta_resource" : "{\"name\":\"ai_cap-html5-runtime\"}"
    },
    "labels" : {
      "mta_id" : "e2aca75aa18b602b9610a1849b9bb877"
    }
  },
  "label" : "html5-apps-repo",
  "plan" : "app-runtime",
  "credentials" : "********",
  "tags" : [ ],
  "type" : "managed",
  "resourceName" : "ai_cap-html5-runtime",
  "shouldSkipParametersUpdate" : false,
  "shouldSkipPlanUpdate" : false,
  "shouldSkipTagsUpdate" : false,
  "shouldSkipSyslogUrlUpdate" : false
} ]#
#2026 07 26 14:31:18.279#Z#DEBUG#a94a10ac-88fe-11f1-b49e-eeee0a804d2e.OPERATION#flowable-async-job-executor-thread-5198#
Step "Extract Services with Resolved Dynamic parameters from batch" finished#
#2026 07 26 14:31:18.360#Z#DEBUG#a94a10ac-88fe-11f1-b49e-eeee0a804d2e.OPERATION#flowable-async-job-executor-thread-5196#
[CheckServiceOperationStateStep] Executing task "CheckServiceOperationStateTask" of process "aa2b968a-88fe-11f1-b49e-eeee0a804d2e"...#
#2026 07 26 14:31:18.361#Z#DEBUG#a94a10ac-88fe-11f1-b49e-eeee0a804d2e.OPERATION#flowable-async-job-executor-thread-5196#
[CheckServiceOperationStateStep] Getting service instance "ai_cap-destination"...#
#2026 07 26 14:31:18.468#Z#DEBUG#a94a10ac-88fe-11f1-b49e-eeee0a804d2e.OPERATION#flowable-async-job-executor-thread-5196#
Step "Check for service operations in Progress" finished#
#2026 07 26 14:31:18.492#Z#DEBUG#a94a10ac-88fe-11f1-b49e-eeee0a804d2e.OPERATION#flowable-async-job-executor-thread-5196#
[DetermineServiceCreateUpdateServiceActionsStep] Executing task "DetermineServiceCreateUpdateActionsTask" of process "aa2b968a-88fe-11f1-b49e-eeee0a804d2e"...#
#2026 07 26 14:31:18.494#Z#INFO#a94a10ac-88fe-11f1-b49e-eeee0a804d2e.OPERATION#flowable-async-job-executor-thread-5196#
[DetermineServiceCreateUpdateServiceActionsStep] Processing service "ai_cap-destination"...#
#2026 07 26 14:31:18.498#Z#DEBUG#a94a10ac-88fe-11f1-b49e-eeee0a804d2e.OPERATION#flowable-async-job-executor-thread-5196#
[DetermineServiceCreateUpdateServiceActionsStep] Getting service instance "ai_cap-destination"...#
#2026 07 26 14:31:18.608#Z#DEBUG#a94a10ac-88fe-11f1-b49e-eeee0a804d2e.OPERATION#flowable-async-job-executor-thread-5196#
[DetermineServiceCreateUpdateServiceActionsStep] Existing service: {
  "name" : "ai_cap-destination",
  "metadata" : {
    "guid" : "fa1449ff-8bfe-455d-9458-4a24ce7aaa86",
    "createdAt" : [ 2026, 7, 26, 14, 22, 22 ],
    "updatedAt" : [ 2026, 7, 26, 14, 22, 26 ]
  },
  "v3Metadata" : {
    "annotations" : {
      "mta_id" : "ai_cap",
      "mta_version" : "1.0.0",
      "mta_resource" : "{\"name\":\"ai_cap-destination\"}"
    },
    "labels" : {
      "mta_id" : "e2aca75aa18b602b9610a1849b9bb877"
    }
  },
  "label" : "destination",
  "plan" : "lite",
  "credentials" : "********",
  "tags" : [ ],
  "type" : "managed",
  "lastOperation" : {
    "type" : "CREATE",
    "description" : "",
    "state" : "SUCCEEDED"
  }
}#
#2026 07 26 14:31:18.608#Z#WARN#a94a10ac-88fe-11f1-b49e-eeee0a804d2e.OPERATION#flowable-async-job-executor-thread-5196#
[DetermineServiceCreateUpdateServiceActionsStep] Service parameters for service "ai_cap-destination" will not be updated, as the parameters are not defined or empty.#
#2026 07 26 14:31:18.608#Z#DEBUG#a94a10ac-88fe-11f1-b49e-eeee0a804d2e.OPERATION#flowable-async-job-executor-thread-5196#
Step "Determine update actions" finished#
#2026 07 26 14:31:18.648#Z#DEBUG#a94a10ac-88fe-11f1-b49e-eeee0a804d2e.OPERATION#flowable-async-job-executor-thread-5196#
[CheckForServiceBindingOrKeyOperationStep] Executing task "CheckForServiceBindingOrKeyCreation" of process "aa2b968a-88fe-11f1-b49e-eeee0a804d2e"...#
#2026 07 26 14:31:18.650#Z#DEBUG#a94a10ac-88fe-11f1-b49e-eeee0a804d2e.OPERATION#flowable-async-job-executor-thread-5196#
Step "Check for service binding or key creation" finished#
#2026 07 26 14:31:20.270#Z#DEBUG#a94a10ac-88fe-11f1-b49e-eeee0a804d2e.OPERATION#flowable-async-job-executor-thread-5200#
[CheckServiceOperationStateStep] Executing task "CheckServiceOperationStateTask" of process "ab4e9313-88fe-11f1-b49e-eeee0a804d2e"...#
#2026 07 26 14:31:20.270#Z#DEBUG#a94a10ac-88fe-11f1-b49e-eeee0a804d2e.OPERATION#flowable-async-job-executor-thread-5200#
[CheckServiceOperationStateStep] Getting service instance "ai_cap-html5-repo-host"...#
#2026 07 26 14:31:20.367#Z#DEBUG#a94a10ac-88fe-11f1-b49e-eeee0a804d2e.OPERATION#flowable-async-job-executor-thread-5200#
Step "Check for service operations in Progress" finished#
#2026 07 26 14:31:20.391#Z#DEBUG#a94a10ac-88fe-11f1-b49e-eeee0a804d2e.OPERATION#flowable-async-job-executor-thread-5200#
[DetermineServiceCreateUpdateServiceActionsStep] Executing task "DetermineServiceCreateUpdateActionsTask" of process "ab4e9313-88fe-11f1-b49e-eeee0a804d2e"...#
#2026 07 26 14:31:20.392#Z#INFO#a94a10ac-88fe-11f1-b49e-eeee0a804d2e.OPERATION#flowable-async-job-executor-thread-5200#
[DetermineServiceCreateUpdateServiceActionsStep] Processing service "ai_cap-html5-repo-host"...#
#2026 07 26 14:31:20.396#Z#DEBUG#a94a10ac-88fe-11f1-b49e-eeee0a804d2e.OPERATION#flowable-async-job-executor-thread-5200#
[DetermineServiceCreateUpdateServiceActionsStep] Getting service instance "ai_cap-html5-repo-host"...#
#2026 07 26 14:31:20.511#Z#DEBUG#a94a10ac-88fe-11f1-b49e-eeee0a804d2e.OPERATION#flowable-async-job-executor-thread-5200#
[DetermineServiceCreateUpdateServiceActionsStep] Existing service: {
  "name" : "ai_cap-html5-repo-host",
  "metadata" : {
    "guid" : "3eb48064-f256-4f2b-8cb4-c2cf6689de62",
    "createdAt" : [ 2026, 7, 26, 14, 22, 23 ],
    "updatedAt" : [ 2026, 7, 26, 14, 22, 24 ]
  },
  "v3Metadata" : {
    "annotations" : {
      "mta_id" : "ai_cap",
      "mta_version" : "1.0.0",
      "mta_resource" : "{\"name\":\"ai_cap-html5-repo-host\"}"
    },
    "labels" : {
      "mta_id" : "e2aca75aa18b602b9610a1849b9bb877"
    }
  },
  "label" : "html5-apps-repo",
  "plan" : "app-host",
  "credentials" : "********",
  "tags" : [ ],
  "type" : "managed",
  "lastOperation" : {
    "type" : "CREATE",
    "description" : "",
    "state" : "SUCCEEDED"
  }
}#
#2026 07 26 14:31:20.511#Z#WARN#a94a10ac-88fe-11f1-b49e-eeee0a804d2e.OPERATION#flowable-async-job-executor-thread-5200#
[DetermineServiceCreateUpdateServiceActionsStep] Service parameters for service "ai_cap-html5-repo-host" will not be updated, as the parameters are not defined or empty.#
#2026 07 26 14:31:20.511#Z#DEBUG#a94a10ac-88fe-11f1-b49e-eeee0a804d2e.OPERATION#flowable-async-job-executor-thread-5200#
Step "Determine update actions" finished#
#2026 07 26 14:31:20.546#Z#DEBUG#a94a10ac-88fe-11f1-b49e-eeee0a804d2e.OPERATION#flowable-async-job-executor-thread-5200#
[CheckForServiceBindingOrKeyOperationStep] Executing task "CheckForServiceBindingOrKeyCreation" of process "ab4e9313-88fe-11f1-b49e-eeee0a804d2e"...#
#2026 07 26 14:31:20.547#Z#DEBUG#a94a10ac-88fe-11f1-b49e-eeee0a804d2e.OPERATION#flowable-async-job-executor-thread-5200#
Step "Check for service binding or key creation" finished#
#2026 07 26 14:31:21.213#Z#DEBUG#a94a10ac-88fe-11f1-b49e-eeee0a804d2e.OPERATION#flowable-async-job-executor-thread-1600#
[CheckServiceOperationStateStep] Executing task "CheckServiceOperationStateTask" of process "abdc53e6-88fe-11f1-980f-eeee0a917d7c"...#
#2026 07 26 14:31:21.215#Z#DEBUG#a94a10ac-88fe-11f1-b49e-eeee0a804d2e.OPERATION#flowable-async-job-executor-thread-1600#
[CheckServiceOperationStateStep] Getting service instance "ai_cap-auth"...#
#2026 07 26 14:31:21.245#Z#DEBUG#a94a10ac-88fe-11f1-b49e-eeee0a804d2e.OPERATION#flowable-async-job-executor-thread-1600#
Step "Check for service operations in Progress" finished#
#2026 07 26 14:31:21.067#Z#DEBUG#a94a10ac-88fe-11f1-b49e-eeee0a804d2e.OPERATION#flowable-async-job-executor-thread-365#
[CheckServiceOperationStateStep] Executing task "CheckServiceOperationStateTask" of process "abc793b2-88fe-11f1-a871-eeee0a91160a"...#
#2026 07 26 14:31:21.154#Z#DEBUG#a94a10ac-88fe-11f1-b49e-eeee0a804d2e.OPERATION#flowable-async-job-executor-thread-365#
[CheckServiceOperationStateStep] Getting service instance "ai_cap-html5-runtime"...#
#2026 07 26 14:31:21.295#Z#DEBUG#a94a10ac-88fe-11f1-b49e-eeee0a804d2e.OPERATION#flowable-async-job-executor-thread-365#
Step "Check for service operations in Progress" finished#
#2026 07 26 14:31:21.285#Z#DEBUG#a94a10ac-88fe-11f1-b49e-eeee0a804d2e.OPERATION#flowable-async-job-executor-thread-1601#
[DetermineServiceCreateUpdateServiceActionsStep] Executing task "DetermineServiceCreateUpdateActionsTask" of process "abdc53e6-88fe-11f1-980f-eeee0a917d7c"...#
#2026 07 26 14:31:21.288#Z#INFO#a94a10ac-88fe-11f1-b49e-eeee0a804d2e.OPERATION#flowable-async-job-executor-thread-1601#
[DetermineServiceCreateUpdateServiceActionsStep] Processing service "ai_cap-auth"...#
#2026 07 26 14:31:21.294#Z#DEBUG#a94a10ac-88fe-11f1-b49e-eeee0a804d2e.OPERATION#flowable-async-job-executor-thread-1601#
[DetermineServiceCreateUpdateServiceActionsStep] Getting service instance "ai_cap-auth"...#
#2026 07 26 14:31:21.321#Z#INFO#a94a10ac-88fe-11f1-b49e-eeee0a804d2e.OPERATION#flowable-async-job-executor-thread-1601#
[DetermineServiceCreateUpdateServiceActionsStep] Setting service "ai_cap-auth" parameters from "xs-security.json"#
#2026 07 26 14:31:21.360#Z#DEBUG#a94a10ac-88fe-11f1-b49e-eeee0a804d2e.OPERATION#flowable-async-job-executor-thread-1601#
[DetermineServiceCreateUpdateServiceActionsStep] Service should be created#
#2026 07 26 14:31:21.364#Z#DEBUG#a94a10ac-88fe-11f1-b49e-eeee0a804d2e.OPERATION#flowable-async-job-executor-thread-1601#
Step "Determine update actions" finished#
#2026 07 26 14:31:21.321#Z#DEBUG#a94a10ac-88fe-11f1-b49e-eeee0a804d2e.OPERATION#flowable-async-job-executor-thread-366#
[DetermineServiceCreateUpdateServiceActionsStep] Executing task "DetermineServiceCreateUpdateActionsTask" of process "abc793b2-88fe-11f1-a871-eeee0a91160a"...#
#2026 07 26 14:31:21.323#Z#INFO#a94a10ac-88fe-11f1-b49e-eeee0a804d2e.OPERATION#flowable-async-job-executor-thread-366#
[DetermineServiceCreateUpdateServiceActionsStep] Processing service "ai_cap-html5-runtime"...#
#2026 07 26 14:31:21.329#Z#DEBUG#a94a10ac-88fe-11f1-b49e-eeee0a804d2e.OPERATION#flowable-async-job-executor-thread-366#
[DetermineServiceCreateUpdateServiceActionsStep] Getting service instance "ai_cap-html5-runtime"...#
#2026 07 26 14:31:21.436#Z#DEBUG#a94a10ac-88fe-11f1-b49e-eeee0a804d2e.OPERATION#flowable-async-job-executor-thread-366#
[DetermineServiceCreateUpdateServiceActionsStep] Existing service: {
  "name" : "ai_cap-html5-runtime",
  "metadata" : {
    "guid" : "76a30bd9-3ddd-4d94-8d55-9a4d0484ebbb",
    "createdAt" : [ 2026, 7, 26, 14, 22, 23 ],
    "updatedAt" : [ 2026, 7, 26, 14, 22, 24 ]
  },
  "v3Metadata" : {
    "annotations" : {
      "mta_id" : "ai_cap",
      "mta_version" : "1.0.0",
      "mta_resource" : "{\"name\":\"ai_cap-html5-runtime\"}"
    },
    "labels" : {
      "mta_id" : "e2aca75aa18b602b9610a1849b9bb877"
    }
  },
  "label" : "html5-apps-repo",
  "plan" : "app-runtime",
  "credentials" : "********",
  "tags" : [ ],
  "type" : "managed",
  "lastOperation" : {
    "type" : "CREATE",
    "description" : "",
    "state" : "SUCCEEDED"
  }
}#
#2026 07 26 14:31:21.436#Z#WARN#a94a10ac-88fe-11f1-b49e-eeee0a804d2e.OPERATION#flowable-async-job-executor-thread-366#
[DetermineServiceCreateUpdateServiceActionsStep] Service parameters for service "ai_cap-html5-runtime" will not be updated, as the parameters are not defined or empty.#
#2026 07 26 14:31:21.436#Z#DEBUG#a94a10ac-88fe-11f1-b49e-eeee0a804d2e.OPERATION#flowable-async-job-executor-thread-366#
Step "Determine update actions" finished#
#2026 07 26 14:31:21.479#Z#DEBUG#a94a10ac-88fe-11f1-b49e-eeee0a804d2e.OPERATION#flowable-async-job-executor-thread-367#
[CheckForServiceBindingOrKeyOperationStep] Executing task "CheckForServiceBindingOrKeyCreation" of process "abc793b2-88fe-11f1-a871-eeee0a91160a"...#
#2026 07 26 14:31:21.481#Z#DEBUG#a94a10ac-88fe-11f1-b49e-eeee0a804d2e.OPERATION#flowable-async-job-executor-thread-367#
Step "Check for service binding or key creation" finished#
#2026 07 26 14:31:21.428#Z#DEBUG#a94a10ac-88fe-11f1-b49e-eeee0a804d2e.OPERATION#flowable-async-job-executor-thread-1602#
[CreateServiceStep] Executing task "CreateServiceTask" of process "abdc53e6-88fe-11f1-980f-eeee0a917d7c"...#
#2026 07 26 14:31:21.432#Z#INFO#a94a10ac-88fe-11f1-b49e-eeee0a804d2e.OPERATION#flowable-async-job-executor-thread-1602#
[CreateServiceStep] Creating service "ai_cap-auth" from MTA resource "ai_cap-auth"...#
#2026 07 26 14:31:21.438#Z#DEBUG#a94a10ac-88fe-11f1-b49e-eeee0a804d2e.OPERATION#flowable-async-job-executor-thread-1602#
[CreateServiceStep] Creating service instance: {
  "isOptional" : false,
  "isManaged" : true,
  "name" : "********",
  "v3Metadata" : {
    "annotations" : {
      "mta_id" : "ai_cap",
      "mta_version" : "1.0.0",
      "mta_resource" : "********"
    },
    "labels" : {
      "mta_id" : "e2aca75aa18b602b9610a1849b9bb877"
    }
  },
  "label" : "xsuaa",
  "plan" : "application",
  "credentials" : "********",
  "tags" : [ ],
  "type" : "managed",
  "resourceName" : "********",
  "shouldSkipParametersUpdate" : false,
  "shouldSkipPlanUpdate" : false,
  "shouldSkipTagsUpdate" : false,
  "shouldSkipSyslogUrlUpdate" : false
}#
#2026 07 26 14:31:21.600#Z#DEBUG#a94a10ac-88fe-11f1-b49e-eeee0a804d2e.OPERATION#flowable-async-job-executor-thread-1602#
[CreateServiceStep] Service "ai_cap-auth" created#
#2026 07 26 14:31:21.600#Z#DEBUG#a94a10ac-88fe-11f1-b49e-eeee0a804d2e.OPERATION#flowable-async-job-executor-thread-1602#
[CreateServiceStep] Triggered service operations: {
  "ai_cap-auth" : "CREATE"
}#
#2026 07 26 14:31:21.602#Z#DEBUG#a94a10ac-88fe-11f1-b49e-eeee0a804d2e.OPERATION#flowable-async-job-executor-thread-1602#
Step "Create" finished#
#2026 07 26 14:31:29.716#Z#DEBUG#a94a10ac-88fe-11f1-b49e-eeee0a804d2e.OPERATION#flowable-async-job-executor-thread-5202#
[CreateServiceStep] Executing task "CreateServiceTask" of process "abdc53e6-88fe-11f1-980f-eeee0a917d7c"...#
#2026 07 26 14:31:29.718#Z#DEBUG#a94a10ac-88fe-11f1-b49e-eeee0a804d2e.OPERATION#flowable-async-job-executor-thread-5202#
[CreateServiceStep] Polling service operations...#
#2026 07 26 14:31:29.723#Z#DEBUG#a94a10ac-88fe-11f1-b49e-eeee0a804d2e.OPERATION#flowable-async-job-executor-thread-5202#
[CreateServiceStep] Getting service instance "ai_cap-auth"...#
#2026 07 26 14:31:29.823#Z#DEBUG#a94a10ac-88fe-11f1-b49e-eeee0a804d2e.OPERATION#flowable-async-job-executor-thread-5202#
[CreateServiceStep] Last operation for service "ai_cap-auth": {
  "type" : "CREATE",
  "description" : "",
  "state" : "SUCCEEDED"
}#
#2026 07 26 14:31:29.823#Z#DEBUG#a94a10ac-88fe-11f1-b49e-eeee0a804d2e.OPERATION#flowable-async-job-executor-thread-5202#
[CreateServiceStep] Service "ai_cap-auth" created#
#2026 07 26 14:31:29.823#Z#INFO#a94a10ac-88fe-11f1-b49e-eeee0a804d2e.OPERATION#flowable-async-job-executor-thread-5202#
[CreateServiceStep] 1 of 1 done#
#2026 07 26 14:31:29.828#Z#DEBUG#a94a10ac-88fe-11f1-b49e-eeee0a804d2e.OPERATION#flowable-async-job-executor-thread-5202#
[CreateServiceStep] Remaining services to poll: [ ]#
#2026 07 26 14:31:29.829#Z#DEBUG#a94a10ac-88fe-11f1-b49e-eeee0a804d2e.OPERATION#flowable-async-job-executor-thread-5202#
Step "Create" finished#
#2026 07 26 14:31:30.072#Z#DEBUG#a94a10ac-88fe-11f1-b49e-eeee0a804d2e.OPERATION#flowable-async-job-executor-thread-5205#
[PrepareModulesDeploymentStep] Executing task "prepareModulesDeploymentTask" of process "b121d138-88fe-11f1-b49e-eeee0a804d2e"...#
#2026 07 26 14:31:30.073#Z#DEBUG#a94a10ac-88fe-11f1-b49e-eeee0a804d2e.OPERATION#flowable-async-job-executor-thread-5205#
[PrepareModulesDeploymentStep] Preparing modules deployment...#
#2026 07 26 14:31:30.079#Z#DEBUG#a94a10ac-88fe-11f1-b49e-eeee0a804d2e.OPERATION#flowable-async-job-executor-thread-5205#
Step "Prepare Modules Deployment" finished#
#2026 07 26 14:31:30.112#Z#DEBUG#a94a10ac-88fe-11f1-b49e-eeee0a804d2e.OPERATION#flowable-async-job-executor-thread-5206#
[ComputeNextModulesStep] Executing task "computeNextModulesToDeployInParallel" of process "b121d138-88fe-11f1-b49e-eeee0a804d2e"...#
#2026 07 26 14:31:30.112#Z#DEBUG#a94a10ac-88fe-11f1-b49e-eeee0a804d2e.OPERATION#flowable-async-job-executor-thread-5206#
[ComputeNextModulesStep] Computing modules for next parallel iteration...#
#2026 07 26 14:31:30.114#Z#DEBUG#a94a10ac-88fe-11f1-b49e-eeee0a804d2e.OPERATION#flowable-async-job-executor-thread-5206#
[ComputeNextModulesStep] Completed modules detected: []#
#2026 07 26 14:31:30.114#Z#DEBUG#a94a10ac-88fe-11f1-b49e-eeee0a804d2e.OPERATION#flowable-async-job-executor-thread-5206#
[ComputeNextModulesStep] All modules for deploy detected: [ai_cap-srv, ai_cap, ai_cap-app-deployer]#
#2026 07 26 14:31:30.114#Z#DEBUG#a94a10ac-88fe-11f1-b49e-eeee0a804d2e.OPERATION#flowable-async-job-executor-thread-5206#
[ComputeNextModulesStep] Modules not for deploy detected: []#
#2026 07 26 14:31:30.115#Z#DEBUG#a94a10ac-88fe-11f1-b49e-eeee0a804d2e.OPERATION#flowable-async-job-executor-thread-5206#
[ComputeNextModulesStep] Computed modules for next parallel iteration: [ {
  "majorSchemaVersion" : 3,
  "name" : "ai_cap-srv",
  "type" : "javascript.nodejs",
  "path" : "ai_cap-srv",
  "properties" : { },
  "parameters" : {
    "app-name" : "ai_cap-srv",
    "buildpack" : "nodejs_buildpack",
    "default-app-name" : "ai_cap-srv",
    "default-host" : "abeam-consulting-ltd--jt9-lfwzntz7c-y6-dev-ai-cap-srv",
    "default-instances" : 1,
    "default-live-app-name" : "ai_cap-srv",
    "default-live-domain" : "cfapps.ap10.hana.ondemand.com",
    "default-live-host" : "abeam-consulting-ltd--jt9-lfwzntz7c-y6-dev-ai-cap-srv",
    "default-live-uri" : "abeam-consulting-ltd--jt9-lfwzntz7c-y6-dev-ai-cap-srv.cfapps.ap10.hana.ondemand.com",
    "default-live-url" : "https://abeam-consulting-ltd--jt9-lfwzntz7c-y6-dev-ai-cap-srv.cfapps.ap10.hana.ondemand.com",
    "default-uri" : "abeam-consulting-ltd--jt9-lfwzntz7c-y6-dev-ai-cap-srv.cfapps.ap10.hana.ondemand.com",
    "default-url" : "https://abeam-consulting-ltd--jt9-lfwzntz7c-y6-dev-ai-cap-srv.cfapps.ap10.hana.ondemand.com",
    "dependency-type" : "soft",
    "domain" : "cfapps.ap10.hana.ondemand.com",
    "generated-password" : "********",
    "generated-user" : "********",
    "host" : "abeam-consulting-ltd--jt9-lfwzntz7c-y6-dev-ai-cap-srv",
    "instances" : 1,
    "protocol" : "https"
  },
  "requiredDependencies" : [ {
    "majorSchemaVersion" : 3,
    "name" : "********",
    "properties" : { },
    "parameters" : { },
    "propertiesMetadata" : {
      "metadata" : { }
    },
    "parametersMetadata" : {
      "metadata" : { }
    }
  }, {
    "majorSchemaVersion" : 3,
    "name" : "ai_cap-aicore",
    "properties" : { },
    "parameters" : { },
    "propertiesMetadata" : {
      "metadata" : { }
    },
    "parametersMetadata" : {
      "metadata" : { }
    }
  } ],
  "providedDependencies" : [ {
    "majorSchemaVersion" : 3,
    "name" : "srv-api",
    "isPublic" : false,
    "properties" : {
      "srv-url" : "https://abeam-consulting-ltd--jt9-lfwzntz7c-y6-dev-ai-cap-srv.cfapps.ap10.hana.ondemand.com"
    },
    "parameters" : { },
    "propertiesMetadata" : {
      "metadata" : { }
    },
    "parametersMetadata" : {
      "metadata" : { }
    }
  }, {
    "majorSchemaVersion" : 3,
    "name" : "ai_cap-srv",
    "isPublic" : false,
    "properties" : { },
    "parameters" : { },
    "propertiesMetadata" : {
      "metadata" : { }
    },
    "parametersMetadata" : {
      "metadata" : { }
    }
  } ],
  "propertiesMetadata" : {
    "metadata" : { }
  },
  "parametersMetadata" : {
    "metadata" : { }
  },
  "deployedAfter" : [ ],
  "hooks" : [ ]
}, {
  "majorSchemaVersion" : 3,
  "name" : "ai_cap",
  "type" : "javascript.nodejs",
  "path" : "ai_cap",
  "properties" : { },
  "parameters" : {
    "app-name" : "ai_cap",
    "default-app-name" : "ai_cap",
    "default-host" : "abeam-consulting-ltd--jt9-lfwzntz7c-y6-dev-ai-cap",
    "default-instances" : 1,
    "default-live-app-name" : "ai_cap",
    "default-live-domain" : "cfapps.ap10.hana.ondemand.com",
    "default-live-host" : "abeam-consulting-ltd--jt9-lfwzntz7c-y6-dev-ai-cap",
    "default-live-uri" : "abeam-consulting-ltd--jt9-lfwzntz7c-y6-dev-ai-cap.cfapps.ap10.hana.ondemand.com",
    "default-live-url" : "https://abeam-consulting-ltd--jt9-lfwzntz7c-y6-dev-ai-cap.cfapps.ap10.hana.ondemand.com",
    "default-uri" : "abeam-consulting-ltd--jt9-lfwzntz7c-y6-dev-ai-cap.cfapps.ap10.hana.ondemand.com",
    "default-url" : "https://abeam-consulting-ltd--jt9-lfwzntz7c-y6-dev-ai-cap.cfapps.ap10.hana.ondemand.com",
    "dependency-type" : "soft",
    "disk-quota" : "256M",
    "domain" : "cfapps.ap10.hana.ondemand.com",
    "generated-password" : "********",
    "generated-user" : "********",
    "host" : "abeam-consulting-ltd--jt9-lfwzntz7c-y6-dev-ai-cap",
    "instances" : 1,
    "keep-existing-routes" : true,
    "memory" : "256M",
    "protocol" : "https"
  },
  "requiredDependencies" : [ {
    "majorSchemaVersion" : 3,
    "name" : "srv-api",
    "group" : "destinations",
    "properties" : {
      "forwardAuthToken" : "********",
      "name" : "srv-api",
      "url" : "https://abeam-consulting-ltd--jt9-lfwzntz7c-y6-dev-ai-cap-srv.cfapps.ap10.hana.ondemand.com"
    },
    "parameters" : { },
    "propertiesMetadata" : {
      "metadata" : { }
    },
    "parametersMetadata" : {
      "metadata" : { }
    }
  }, {
    "majorSchemaVersion" : 3,
    "name" : "********",
    "properties" : { },
    "parameters" : { },
    "propertiesMetadata" : {
      "metadata" : { }
    },
    "parametersMetadata" : {
      "metadata" : { }
    }
  }, {
    "majorSchemaVersion" : 3,
    "name" : "ai_cap-destination",
    "properties" : { },
    "parameters" : { },
    "propertiesMetadata" : {
      "metadata" : { }
    },
    "parametersMetadata" : {
      "metadata" : { }
    }
  }, {
    "majorSchemaVersion" : 3,
    "name" : "ai_cap-html5-runtime",
    "properties" : { },
    "parameters" : { },
    "propertiesMetadata" : {
      "metadata" : { }
    },
    "parametersMetadata" : {
      "metadata" : { }
    }
  } ],
  "providedDependencies" : [ {
    "majorSchemaVersion" : 3,
    "name" : "app-api",
    "isPublic" : false,
    "properties" : {
      "app-protocol" : "https",
      "app-uri" : "abeam-consulting-ltd--jt9-lfwzntz7c-y6-dev-ai-cap.cfapps.ap10.hana.ondemand.com"
    },
    "parameters" : { },
    "propertiesMetadata" : {
      "metadata" : { }
    },
    "parametersMetadata" : {
      "metadata" : { }
    }
  }, {
    "majorSchemaVersion" : 3,
    "name" : "ai_cap",
    "isPublic" : false,
    "properties" : { },
    "parameters" : { },
    "propertiesMetadata" : {
      "metadata" : { }
    },
    "parametersMetadata" : {
      "metadata" : { }
    }
  } ],
  "propertiesMetadata" : {
    "metadata" : { }
  },
  "parametersMetadata" : {
    "metadata" : { }
  },
  "deployedAfter" : [ ],
  "hooks" : [ ]
}, {
  "majorSchemaVersion" : 3,
  "name" : "ai_cap-app-deployer",
  "type" : "com.sap.application.content",
  "path" : "ai_cap-app-deployer",
  "properties" : { },
  "parameters" : {
    "app-name" : "ai_cap-app-deployer",
    "default-app-name" : "ai_cap-app-deployer",
    "default-host" : "abeam-consulting-ltd--jt9-lfwzntz7c-y6-dev-ai-cap-app-deployer",
    "default-instances" : 1,
    "default-live-app-name" : "ai_cap-app-deployer",
    "default-live-domain" : "cfapps.ap10.hana.ondemand.com",
    "default-live-host" : "abeam-consulting-ltd--jt9-lfwzntz7c-y6-dev-ai-cap-app-deployer",
    "default-live-uri" : "abeam-consulting-ltd--jt9-lfwzntz7c-y6-dev-ai-cap-app-deployer.cfapps.ap10.hana.ondemand.com",
    "default-live-url" : "https://abeam-consulting-ltd--jt9-lfwzntz7c-y6-dev-ai-cap-app-deployer.cfapps.ap10.hana.ondemand.com",
    "default-uri" : "abeam-consulting-ltd--jt9-lfwzntz7c-y6-dev-ai-cap-app-deployer.cfapps.ap10.hana.ondemand.com",
    "default-url" : "https://abeam-consulting-ltd--jt9-lfwzntz7c-y6-dev-ai-cap-app-deployer.cfapps.ap10.hana.ondemand.com",
    "dependency-type" : "soft",
    "domain" : "cfapps.ap10.hana.ondemand.com",
    "generated-password" : "********",
    "generated-user" : "********",
    "host" : "abeam-consulting-ltd--jt9-lfwzntz7c-y6-dev-ai-cap-app-deployer",
    "instances" : 1,
    "protocol" : "https"
  },
  "requiredDependencies" : [ {
    "majorSchemaVersion" : 3,
    "name" : "********",
    "properties" : { },
    "parameters" : { },
    "propertiesMetadata" : {
      "metadata" : { }
    },
    "parametersMetadata" : {
      "metadata" : { }
    }
  }, {
    "majorSchemaVersion" : 3,
    "name" : "srv-api",
    "properties" : { },
    "parameters" : { },
    "propertiesMetadata" : {
      "metadata" : { }
    },
    "parametersMetadata" : {
      "metadata" : { }
    }
  }, {
    "majorSchemaVersion" : 3,
    "name" : "ai_cap-html5-repo-host",
    "properties" : { },
    "parameters" : {
      "config" : {
        "HTML5Runtime_enabled" : true
      },
      "content-target" : true
    },
    "propertiesMetadata" : {
      "metadata" : { }
    },
    "parametersMetadata" : {
      "metadata" : { }
    }
  } ],
  "providedDependencies" : [ {
    "majorSchemaVersion" : 3,
    "name" : "ai_cap-app-deployer",
    "isPublic" : false,
    "properties" : { },
    "parameters" : { },
    "propertiesMetadata" : {
      "metadata" : { }
    },
    "parametersMetadata" : {
      "metadata" : { }
    }
  } ],
  "propertiesMetadata" : {
    "metadata" : { }
  },
  "parametersMetadata" : {
    "metadata" : { }
  },
  "deployedAfter" : [ ],
  "hooks" : [ ]
} ]#
#2026 07 26 14:31:30.115#Z#DEBUG#a94a10ac-88fe-11f1-b49e-eeee0a804d2e.OPERATION#flowable-async-job-executor-thread-5206#
Step "Compute Next Modules To Deploy" finished#
#2026 07 26 14:31:30.250#Z#DEBUG#a94a10ac-88fe-11f1-b49e-eeee0a804d2e.OPERATION#flowable-async-job-executor-thread-5207#
[ProcessDescriptorStep] Executing task "reprocessDescriptorTask" of process "b13cac09-88fe-11f1-b49e-eeee0a804d2e"...#
#2026 07 26 14:31:30.251#Z#DEBUG#a94a10ac-88fe-11f1-b49e-eeee0a804d2e.OPERATION#flowable-async-job-executor-thread-5207#
[ProcessDescriptorStep] Resolving properties and parameters in merged descriptor...#
#2026 07 26 14:31:30.257#Z#DEBUG#a94a10ac-88fe-11f1-b49e-eeee0a804d2e.OPERATION#flowable-async-job-executor-thread-5207#
[ProcessDescriptorStep] Subscriptions: [ ]#
#2026 07 26 14:31:30.272#Z#DEBUG#a94a10ac-88fe-11f1-b49e-eeee0a804d2e.OPERATION#flowable-async-job-executor-thread-5207#
[ProcessDescriptorStep] MTA modules: [ai_cap-srv, ai_cap, ai_cap-app-deployer]#
#2026 07 26 14:31:30.277#Z#DEBUG#a94a10ac-88fe-11f1-b49e-eeee0a804d2e.OPERATION#flowable-async-job-executor-thread-5207#
[ProcessDescriptorStep] Resolved deployment descriptor: {
  "majorSchemaVersion" : 3,
  "schemaVersion" : "3.3.0",
  "id" : "ai_cap",
  "version" : "1.0.0",
  "modules" : [ {
    "majorSchemaVersion" : 3,
    "name" : "ai_cap-srv",
    "type" : "javascript.nodejs",
    "path" : "ai_cap-srv",
    "properties" : { },
    "parameters" : {
      "default-url" : "https://abeam-consulting-ltd--jt9-lfwzntz7c-y6-dev-ai-cap-srv.cfapps.ap10.hana.ondemand.com",
      "default-app-name" : "ai_cap-srv",
      "generated-password" : "********",
      "default-live-url" : "https://abeam-consulting-ltd--jt9-lfwzntz7c-y6-dev-ai-cap-srv.cfapps.ap10.hana.ondemand.com",
      "default-uri" : "abeam-consulting-ltd--jt9-lfwzntz7c-y6-dev-ai-cap-srv.cfapps.ap10.hana.ondemand.com",
      "default-instances" : 1,
      "default-live-host" : "abeam-consulting-ltd--jt9-lfwzntz7c-y6-dev-ai-cap-srv",
      "instances" : 1,
      "buildpack" : "nodejs_buildpack",
      "default-host" : "abeam-consulting-ltd--jt9-lfwzntz7c-y6-dev-ai-cap-srv",
      "app-name" : "ai_cap-srv",
      "default-live-uri" : "abeam-consulting-ltd--jt9-lfwzntz7c-y6-dev-ai-cap-srv.cfapps.ap10.hana.ondemand.com",
      "protocol" : "https",
      "default-live-app-name" : "ai_cap-srv",
      "default-live-domain" : "cfapps.ap10.hana.ondemand.com",
      "domain" : "cfapps.ap10.hana.ondemand.com",
      "host" : "abeam-consulting-ltd--jt9-lfwzntz7c-y6-dev-ai-cap-srv",
      "generated-user" : "********"
    },
    "requiredDependencies" : [ {
      "majorSchemaVersion" : 3,
      "name" : "********",
      "properties" : { },
      "parameters" : { },
      "propertiesMetadata" : {
        "metadata" : { }
      },
      "parametersMetadata" : {
        "metadata" : { }
      }
    }, {
      "majorSchemaVersion" : 3,
      "name" : "ai_cap-aicore",
      "properties" : { },
      "parameters" : { },
      "propertiesMetadata" : {
        "metadata" : { }
      },
      "parametersMetadata" : {
        "metadata" : { }
      }
    } ],
    "providedDependencies" : [ {
      "majorSchemaVersion" : 3,
      "name" : "srv-api",
      "isPublic" : false,
      "properties" : {
        "srv-url" : "https://abeam-consulting-ltd--jt9-lfwzntz7c-y6-dev-ai-cap-srv.cfapps.ap10.hana.ondemand.com"
      },
      "parameters" : { },
      "propertiesMetadata" : {
        "metadata" : { }
      },
      "parametersMetadata" : {
        "metadata" : { }
      }
    }, {
      "majorSchemaVersion" : 3,
      "name" : "ai_cap-srv",
      "isPublic" : false,
      "properties" : { },
      "parameters" : { },
      "propertiesMetadata" : {
        "metadata" : { }
      },
      "parametersMetadata" : {
        "metadata" : { }
      }
    } ],
    "propertiesMetadata" : {
      "metadata" : { }
    },
    "parametersMetadata" : {
      "metadata" : { }
    },
    "hooks" : [ ]
  }, {
    "majorSchemaVersion" : 3,
    "name" : "ai_cap",
    "type" : "javascript.nodejs",
    "path" : "ai_cap",
    "properties" : { },
    "parameters" : {
      "default-url" : "https://abeam-consulting-ltd--jt9-lfwzntz7c-y6-dev-ai-cap.cfapps.ap10.hana.ondemand.com",
      "default-app-name" : "ai_cap",
      "generated-password" : "********",
      "default-live-url" : "https://abeam-consulting-ltd--jt9-lfwzntz7c-y6-dev-ai-cap.cfapps.ap10.hana.ondemand.com",
      "default-uri" : "abeam-consulting-ltd--jt9-lfwzntz7c-y6-dev-ai-cap.cfapps.ap10.hana.ondemand.com",
      "memory" : "256M",
      "default-instances" : 1,
      "default-live-host" : "abeam-consulting-ltd--jt9-lfwzntz7c-y6-dev-ai-cap",
      "instances" : 1,
      "default-host" : "abeam-consulting-ltd--jt9-lfwzntz7c-y6-dev-ai-cap",
      "keep-existing-routes" : true,
      "app-name" : "ai_cap",
      "default-live-uri" : "abeam-consulting-ltd--jt9-lfwzntz7c-y6-dev-ai-cap.cfapps.ap10.hana.ondemand.com",
      "protocol" : "https",
      "default-live-app-name" : "ai_cap",
      "default-live-domain" : "cfapps.ap10.hana.ondemand.com",
      "disk-quota" : "256M",
      "domain" : "cfapps.ap10.hana.ondemand.com",
      "host" : "abeam-consulting-ltd--jt9-lfwzntz7c-y6-dev-ai-cap",
      "generated-user" : "********"
    },
    "requiredDependencies" : [ {
      "majorSchemaVersion" : 3,
      "name" : "srv-api",
      "group" : "destinations",
      "properties" : {
        "name" : "srv-api",
        "forwardAuthToken" : "********",
        "url" : "https://abeam-consulting-ltd--jt9-lfwzntz7c-y6-dev-ai-cap-srv.cfapps.ap10.hana.ondemand.com"
      },
      "parameters" : { },
      "propertiesMetadata" : {
        "metadata" : { }
      },
      "parametersMetadata" : {
        "metadata" : { }
      }
    }, {
      "majorSchemaVersion" : 3,
      "name" : "********",
      "properties" : { },
      "parameters" : { },
      "propertiesMetadata" : {
        "metadata" : { }
      },
      "parametersMetadata" : {
        "metadata" : { }
      }
    }, {
      "majorSchemaVersion" : 3,
      "name" : "ai_cap-destination",
      "properties" : { },
      "parameters" : { },
      "propertiesMetadata" : {
        "metadata" : { }
      },
      "parametersMetadata" : {
        "metadata" : { }
      }
    }, {
      "majorSchemaVersion" : 3,
      "name" : "ai_cap-html5-runtime",
      "properties" : { },
      "parameters" : { },
      "propertiesMetadata" : {
        "metadata" : { }
      },
      "parametersMetadata" : {
        "metadata" : { }
      }
    } ],
    "providedDependencies" : [ {
      "majorSchemaVersion" : 3,
      "name" : "app-api",
      "isPublic" : false,
      "properties" : {
        "app-protocol" : "https",
        "app-uri" : "abeam-consulting-ltd--jt9-lfwzntz7c-y6-dev-ai-cap.cfapps.ap10.hana.ondemand.com"
      },
      "parameters" : { },
      "propertiesMetadata" : {
        "metadata" : { }
      },
      "parametersMetadata" : {
        "metadata" : { }
      }
    }, {
      "majorSchemaVersion" : 3,
      "name" : "ai_cap",
      "isPublic" : false,
      "properties" : { },
      "parameters" : { },
      "propertiesMetadata" : {
        "metadata" : { }
      },
      "parametersMetadata" : {
        "metadata" : { }
      }
    } ],
    "propertiesMetadata" : {
      "metadata" : { }
    },
    "parametersMetadata" : {
      "metadata" : { }
    },
    "hooks" : [ ]
  }, {
    "majorSchemaVersion" : 3,
    "name" : "ai_cap-app-deployer",
    "type" : "com.sap.application.content",
    "path" : "ai_cap-app-deployer",
    "properties" : { },
    "parameters" : {
      "default-url" : "https://abeam-consulting-ltd--jt9-lfwzntz7c-y6-dev-ai-cap-app-deployer.cfapps.ap10.hana.ondemand.com",
      "default-app-name" : "ai_cap-app-deployer",
      "generated-password" : "********",
      "default-live-url" : "https://abeam-consulting-ltd--jt9-lfwzntz7c-y6-dev-ai-cap-app-deployer.cfapps.ap10.hana.ondemand.com",
      "default-uri" : "abeam-consulting-ltd--jt9-lfwzntz7c-y6-dev-ai-cap-app-deployer.cfapps.ap10.hana.ondemand.com",
      "default-instances" : 1,
      "default-live-host" : "abeam-consulting-ltd--jt9-lfwzntz7c-y6-dev-ai-cap-app-deployer",
      "instances" : 1,
      "default-host" : "abeam-consulting-ltd--jt9-lfwzntz7c-y6-dev-ai-cap-app-deployer",
      "app-name" : "ai_cap-app-deployer",
      "default-live-uri" : "abeam-consulting-ltd--jt9-lfwzntz7c-y6-dev-ai-cap-app-deployer.cfapps.ap10.hana.ondemand.com",
      "protocol" : "https",
      "default-live-app-name" : "ai_cap-app-deployer",
      "default-live-domain" : "cfapps.ap10.hana.ondemand.com",
      "domain" : "cfapps.ap10.hana.ondemand.com",
      "host" : "abeam-consulting-ltd--jt9-lfwzntz7c-y6-dev-ai-cap-app-deployer",
      "generated-user" : "********"
    },
    "requiredDependencies" : [ {
      "majorSchemaVersion" : 3,
      "name" : "********",
      "properties" : { },
      "parameters" : { },
      "propertiesMetadata" : {
        "metadata" : { }
      },
      "parametersMetadata" : {
        "metadata" : { }
      }
    }, {
      "majorSchemaVersion" : 3,
      "name" : "srv-api",
      "properties" : { },
      "parameters" : { },
      "propertiesMetadata" : {
        "metadata" : { }
      },
      "parametersMetadata" : {
        "metadata" : { }
      }
    }, {
      "majorSchemaVersion" : 3,
      "name" : "ai_cap-html5-repo-host",
      "properties" : { },
      "parameters" : {
        "config" : {
          "HTML5Runtime_enabled" : true
        },
        "content-target" : true
      },
      "propertiesMetadata" : {
        "metadata" : { }
      },
      "parametersMetadata" : {
        "metadata" : { }
      }
    } ],
    "providedDependencies" : [ {
      "majorSchemaVersion" : 3,
      "name" : "ai_cap-app-deployer",
      "isPublic" : false,
      "properties" : { },
      "parameters" : { },
      "propertiesMetadata" : {
        "metadata" : { }
      },
      "parametersMetadata" : {
        "metadata" : { }
      }
    } ],
    "propertiesMetadata" : {
      "metadata" : { }
    },
    "parametersMetadata" : {
      "metadata" : { }
    },
    "hooks" : [ ]
  } ],
  "resources" : [ {
    "majorSchemaVersion" : 3,
    "name" : "********",
    "type" : "org.cloudfoundry.managed-service",
    "properties" : { },
    "parameters" : {
      "generated-password" : "********",
      "path" : "./xs-security.json",
      "service-name" : "********",
      "service-plan" : "application",
      "service" : "xsuaa",
      "generated-user" : "********",
      "default-xsappname" : "********",
      "type" : "managed-service",
      "config" : {
        "oauth2-configuration" : "********",
        "tenant-mode" : "dedicated",
        "xsappname" : "ai_cap-dev"
      },
      "default-service-name" : "********",
      "default-container-name" : "********"
    },
    "isActive" : true,
    "isOptional" : false,
    "propertiesMetadata" : {
      "metadata" : { }
    },
    "parametersMetadata" : {
      "metadata" : { }
    },
    "requiredDependencies" : [ {
      "majorSchemaVersion" : 3,
      "name" : "app-api",
      "properties" : { },
      "parameters" : { },
      "propertiesMetadata" : {
        "metadata" : { }
      },
      "parametersMetadata" : {
        "metadata" : { }
      }
    } ],
    "processedAfter" : [ ]
  }, {
    "majorSchemaVersion" : 3,
    "name" : "ai_cap-aicore",
    "type" : "org.cloudfoundry.existing-service",
    "properties" : { },
    "parameters" : {
      "generated-password" : "********",
      "service-name" : "default_aicore",
      "generated-user" : "********",
      "default-xsappname" : "ai_cap-aicore",
      "type" : "existing-service",
      "default-service-name" : "ai_cap-aicore",
      "default-container-name" : "ABEAM_CONSULTING_LTD__JT9_LFWZNTZ7C_Y6_DEV_AI_CAP_AICORE"
    },
    "isActive" : true,
    "isOptional" : false,
    "propertiesMetadata" : {
      "metadata" : { }
    },
    "parametersMetadata" : {
      "metadata" : { }
    },
    "requiredDependencies" : [ ],
    "processedAfter" : [ ]
  }, {
    "majorSchemaVersion" : 3,
    "name" : "ai_cap-destination",
    "type" : "org.cloudfoundry.managed-service",
    "properties" : { },
    "parameters" : {
      "generated-password" : "********",
      "service-name" : "ai_cap-destination",
      "service-plan" : "lite",
      "service" : "destination",
      "generated-user" : "********",
      "default-xsappname" : "ai_cap-destination",
      "type" : "managed-service",
      "default-service-name" : "ai_cap-destination",
      "default-container-name" : "ABEAM_CONSULTING_LTD__JT9_LFWZNTZ7C_Y6_DEV_AI_CAP_DESTINATION"
    },
    "isActive" : true,
    "isOptional" : false,
    "propertiesMetadata" : {
      "metadata" : { }
    },
    "parametersMetadata" : {
      "metadata" : { }
    },
    "requiredDependencies" : [ ],
    "processedAfter" : [ ]
  }, {
    "majorSchemaVersion" : 3,
    "name" : "ai_cap-html5-repo-host",
    "type" : "org.cloudfoundry.managed-service",
    "properties" : { },
    "parameters" : {
      "generated-password" : "********",
      "service-name" : "ai_cap-html5-repo-host",
      "service-plan" : "app-host",
      "service" : "html5-apps-repo",
      "generated-user" : "********",
      "default-xsappname" : "ai_cap-html5-repo-host",
      "type" : "managed-service",
      "default-service-name" : "ai_cap-html5-repo-host",
      "default-container-name" : "ABEAM_CONSULTING_LTD__JT9_LFWZNTZ7C_Y6_DEV_AI_CAP_HTML5_R6BF2C66"
    },
    "isActive" : true,
    "isOptional" : false,
    "propertiesMetadata" : {
      "metadata" : { }
    },
    "parametersMetadata" : {
      "metadata" : { }
    },
    "requiredDependencies" : [ ],
    "processedAfter" : [ ]
  }, {
    "majorSchemaVersion" : 3,
    "name" : "ai_cap-html5-runtime",
    "type" : "org.cloudfoundry.managed-service",
    "properties" : { },
    "parameters" : {
      "generated-password" : "********",
      "service-name" : "ai_cap-html5-runtime",
      "service-plan" : "app-runtime",
      "service" : "html5-apps-repo",
      "generated-user" : "********",
      "default-xsappname" : "ai_cap-html5-runtime",
      "type" : "managed-service",
      "default-service-name" : "ai_cap-html5-runtime",
      "default-container-name" : "ABEAM_CONSULTING_LTD__JT9_LFWZNTZ7C_Y6_DEV_AI_CAP_HTML5_RUNTIME"
    },
    "isActive" : true,
    "isOptional" : false,
    "propertiesMetadata" : {
      "metadata" : { }
    },
    "parametersMetadata" : {
      "metadata" : { }
    },
    "requiredDependencies" : [ ],
    "processedAfter" : [ ]
  } ],
  "parameters" : {
    "deploy_mode" : "html5-repo",
    "mta-id" : "ai_cap",
    "authorization-url" : "********",
    "org-guid" : "8a7111bd-c1db-49fb-9463-093b5098054f",
    "org" : "ABeam Consulting Ltd._jt9-lfwzntz7c-y6",
    "deploy-target" : "ABeam Consulting Ltd._jt9-lfwzntz7c-y6 dev",
    "enable-parallel-deployments" : true,
    "region-primary-domain" : "ap10.hana.ondemand.com",
    "space" : "dev",
    "region-domain" : "ap10.hana.ondemand.com",
    "xs-api-url" : "https://api.cf.ap10.hana.ondemand.com",
    "deploy-url" : "deploy-service.cfapps.ap10.hana.ondemand.com",
    "xs-type" : "CF",
    "default-domain" : "cfapps.ap10.hana.ondemand.com",
    "mta-version" : "1.0.0",
    "xs-auth-url" : "********",
    "space-guid" : "88e5ad75-c77c-4164-b356-00f6d6d0ccdf",
    "user" : "********",
    "controller-url" : "https://api.cf.ap10.hana.ondemand.com",
    "timestamp" : "20260726143116"
  },
  "parametersMetadata" : {
    "metadata" : { }
  }
}#
#2026 07 26 14:31:30.277#Z#DEBUG#a94a10ac-88fe-11f1-b49e-eeee0a804d2e.OPERATION#flowable-async-job-executor-thread-5207#
[ProcessDescriptorStep] Merged descriptor properties and parameters resolved#
#2026 07 26 14:31:30.277#Z#DEBUG#a94a10ac-88fe-11f1-b49e-eeee0a804d2e.OPERATION#flowable-async-job-executor-thread-5207#
Step "Re-Process Descriptor Step" finished#
#2026 07 26 14:31:30.314#Z#DEBUG#a94a10ac-88fe-11f1-b49e-eeee0a804d2e.OPERATION#flowable-async-job-executor-thread-5207#
[BuildApplicationDeployModelStep] Executing task "buildApplicationDeployModelTask" of process "b13cac09-88fe-11f1-b49e-eeee0a804d2e"...#
#2026 07 26 14:31:30.317#Z#DEBUG#a94a10ac-88fe-11f1-b49e-eeee0a804d2e.OPERATION#flowable-async-job-executor-thread-5207#
[BuildApplicationDeployModelStep] Building cloud deployment model for application "ai_cap-srv"...#
#2026 07 26 14:31:30.322#Z#DEBUG#a94a10ac-88fe-11f1-b49e-eeee0a804d2e.OPERATION#flowable-async-job-executor-thread-5207#
[BuildApplicationDeployModelStep] No health-check-type is specified. Setting default type: port#
#2026 07 26 14:31:30.322#Z#INFO#a94a10ac-88fe-11f1-b49e-eeee0a804d2e.OPERATION#flowable-async-job-executor-thread-5207#
[BuildApplicationDeployModelStep] Building configuration entries for org ABeam Consulting Ltd._jt9-lfwzntz7c-y6, space dev, spaceId 88e5ad75-c77c-4164-b356-00f6d6d0ccdf and namespace null!#
#2026 07 26 14:31:30.323#Z#DEBUG#a94a10ac-88fe-11f1-b49e-eeee0a804d2e.OPERATION#flowable-async-job-executor-thread-5207#
[BuildApplicationDeployModelStep] Configuration entries to publish: [ ]#
#2026 07 26 14:31:30.323#Z#DEBUG#a94a10ac-88fe-11f1-b49e-eeee0a804d2e.OPERATION#flowable-async-job-executor-thread-5207#
[BuildApplicationDeployModelStep] Cloud deployment model for application built#
#2026 07 26 14:31:30.323#Z#DEBUG#a94a10ac-88fe-11f1-b49e-eeee0a804d2e.OPERATION#flowable-async-job-executor-thread-5207#
Step "Build Application Deploy Model" finished#
#2026 07 26 14:31:30.354#Z#DEBUG#a94a10ac-88fe-11f1-b49e-eeee0a804d2e.OPERATION#flowable-async-job-executor-thread-5207#
[CreateOrUpdateAppStep] Executing task "createAppTask" of process "b13cac09-88fe-11f1-b49e-eeee0a804d2e"...#
#2026 07 26 14:31:30.355#Z#DEBUG#a94a10ac-88fe-11f1-b49e-eeee0a804d2e.OPERATION#flowable-async-job-executor-thread-5207#
[CreateOrUpdateAppStep] Getting application "ai_cap-srv"...#
#2026 07 26 14:31:30.389#Z#INFO#a94a10ac-88fe-11f1-b49e-eeee0a804d2e.OPERATION#flowable-async-job-executor-thread-5207#
[CreateOrUpdateAppStep] Creating application "ai_cap-srv" from MTA module "ai_cap-srv"...#
#2026 07 26 14:31:30.395#Z#DEBUG#a94a10ac-88fe-11f1-b49e-eeee0a804d2e.OPERATION#flowable-async-job-executor-thread-5207#
[CreateOrUpdateAppStep] Creating application "ai_cap-srv" with disk "null" memory "null", URIs "abeam-consulting-ltd--jt9-lfwzntz7c-y6-dev-ai-cap-srv.cfapps.ap10.hana.ondemand.com" and staging: "{
  "buildpacks" : [ "nodejs_buildpack" ],
  "healthCheckType" : "port",
  "appFeatures" : { }
}"#
#2026 07 26 14:31:30.976#Z#DEBUG#a94a10ac-88fe-11f1-b49e-eeee0a804d2e.OPERATION#flowable-async-job-executor-thread-5207#
[CreateOrUpdateAppStep] Application "ai_cap-srv" created#
#2026 07 26 14:31:30.976#Z#DEBUG#a94a10ac-88fe-11f1-b49e-eeee0a804d2e.OPERATION#flowable-async-job-executor-thread-5207#
Step "Create App" finished#
#2026 07 26 14:31:31.060#Z#DEBUG#a94a10ac-88fe-11f1-b49e-eeee0a804d2e.OPERATION#flowable-async-job-executor-thread-5207#
[CheckServiceBindingOperationStep] Executing task "checkForServiceBindingOperationInProgress" of process "b1bd9c2c-88fe-11f1-b49e-eeee0a804d2e"...#
#2026 07 26 14:31:31.061#Z#DEBUG#a94a10ac-88fe-11f1-b49e-eeee0a804d2e.OPERATION#flowable-async-job-executor-thread-5207#
[CheckServiceBindingOperationStep] Checking for service binding operation in progress between app "ai_cap-srv" and service instance "ai_cap-auth"#
#2026 07 26 14:31:31.061#Z#DEBUG#a94a10ac-88fe-11f1-b49e-eeee0a804d2e.OPERATION#flowable-async-job-executor-thread-5207#
[CheckServiceBindingOperationStep] Getting application guid "ai_cap-srv"...#
#2026 07 26 14:31:31.090#Z#DEBUG#a94a10ac-88fe-11f1-b49e-eeee0a804d2e.OPERATION#flowable-async-job-executor-thread-5207#
[CheckServiceBindingOperationStep] Getting GUID of required service instance "ai_cap-auth"...#
#2026 07 26 14:31:31.125#Z#DEBUG#a94a10ac-88fe-11f1-b49e-eeee0a804d2e.OPERATION#flowable-async-job-executor-thread-5207#
[CheckServiceBindingOperationStep] Getting binding of service instance "560a1b2a-0b77-4d74-9925-726687f6ffd3" with application "8367713d-94ff-4437-9d72-8eecd6aef2d0"...#
#2026 07 26 14:31:31.152#Z#DEBUG#a94a10ac-88fe-11f1-b49e-eeee0a804d2e.OPERATION#flowable-async-job-executor-thread-5207#
Step "Check For Service Binding Operation In Progress" finished#
#2026 07 26 14:31:31.177#Z#DEBUG#a94a10ac-88fe-11f1-b49e-eeee0a804d2e.OPERATION#flowable-async-job-executor-thread-5207#
[DetermineApplicationServiceBindingActionsStep] Executing task "determineApplicationServiceBindingActionsTask" of process "b1bd9c2c-88fe-11f1-b49e-eeee0a804d2e"...#
#2026 07 26 14:31:31.179#Z#DEBUG#a94a10ac-88fe-11f1-b49e-eeee0a804d2e.OPERATION#flowable-async-job-executor-thread-5207#
[DetermineApplicationServiceBindingActionsStep] Determine bind/unbind operations of application "ai_cap-srv" to service instance "ai_cap-auth"#
#2026 07 26 14:31:31.179#Z#DEBUG#a94a10ac-88fe-11f1-b49e-eeee0a804d2e.OPERATION#flowable-async-job-executor-thread-5207#
[DetermineApplicationServiceBindingActionsStep] Getting application "ai_cap-srv"...#
#2026 07 26 14:31:31.214#Z#DEBUG#a94a10ac-88fe-11f1-b49e-eeee0a804d2e.OPERATION#flowable-async-job-executor-thread-5207#
[DetermineApplicationServiceBindingActionsStep] Binding parameters for application "ai_cap-srv": { }#
#2026 07 26 14:31:31.237#Z#DEBUG#a94a10ac-88fe-11f1-b49e-eeee0a804d2e.OPERATION#flowable-async-job-executor-thread-5207#
[DetermineApplicationServiceBindingActionsStep] Calculated binding operations between application "ai_cap-srv" and service instance "ai_cap-auth": unbind - false bind - true#
#2026 07 26 14:31:31.237#Z#DEBUG#a94a10ac-88fe-11f1-b49e-eeee0a804d2e.OPERATION#flowable-async-job-executor-thread-5207#
Step "Determine Application Service Binding Actions" finished#
#2026 07 26 14:31:31.267#Z#DEBUG#a94a10ac-88fe-11f1-b49e-eeee0a804d2e.OPERATION#flowable-async-job-executor-thread-5207#
[BindServiceToApplicationStep] Executing task "bindServiceToApplicationTask" of process "b1bd9c2c-88fe-11f1-b49e-eeee0a804d2e"...#
#2026 07 26 14:31:31.269#Z#INFO#a94a10ac-88fe-11f1-b49e-eeee0a804d2e.OPERATION#flowable-async-job-executor-thread-5207#
[BindServiceToApplicationStep] Binding service instance "ai_cap-auth" to application "ai_cap-srv"...#
#2026 07 26 14:31:31.274#Z#DEBUG#a94a10ac-88fe-11f1-b49e-eeee0a804d2e.OPERATION#flowable-async-job-executor-thread-5207#
[BindServiceToApplicationStep] Binding service instance "ai_cap-auth" to application "ai_cap-srv" with parameters: { }#
#2026 07 26 14:31:31.415#Z#DEBUG#a94a10ac-88fe-11f1-b49e-eeee0a804d2e.OPERATION#flowable-async-job-executor-thread-5207#
Step "Bind Service to Application" finished#
#2026 07 26 14:31:32.305#Z#DEBUG#a94a10ac-88fe-11f1-b49e-eeee0a804d2e.OPERATION#flowable-async-job-executor-thread-5201#
[CheckServiceBindingOperationStep] Executing task "checkForServiceBindingOperationInProgress" of process "b27aa9e2-88fe-11f1-b49e-eeee0a804d2e"...#
#2026 07 26 14:31:32.305#Z#DEBUG#a94a10ac-88fe-11f1-b49e-eeee0a804d2e.OPERATION#flowable-async-job-executor-thread-5201#
[CheckServiceBindingOperationStep] Checking for service binding operation in progress between app "ai_cap-srv" and service instance "default_aicore"#
#2026 07 26 14:31:32.306#Z#DEBUG#a94a10ac-88fe-11f1-b49e-eeee0a804d2e.OPERATION#flowable-async-job-executor-thread-5201#
[CheckServiceBindingOperationStep] Getting application guid "ai_cap-srv"...#
#2026 07 26 14:31:32.342#Z#DEBUG#a94a10ac-88fe-11f1-b49e-eeee0a804d2e.OPERATION#flowable-async-job-executor-thread-5201#
[CheckServiceBindingOperationStep] Getting GUID of required service instance "default_aicore"...#
#2026 07 26 14:31:32.372#Z#DEBUG#a94a10ac-88fe-11f1-b49e-eeee0a804d2e.OPERATION#flowable-async-job-executor-thread-5201#
[CheckServiceBindingOperationStep] Getting binding of service instance "f7c4af56-30ff-491e-b465-4155de877b6a" with application "8367713d-94ff-4437-9d72-8eecd6aef2d0"...#
#2026 07 26 14:31:32.405#Z#DEBUG#a94a10ac-88fe-11f1-b49e-eeee0a804d2e.OPERATION#flowable-async-job-executor-thread-5201#
Step "Check For Service Binding Operation In Progress" finished#
#2026 07 26 14:31:32.434#Z#DEBUG#a94a10ac-88fe-11f1-b49e-eeee0a804d2e.OPERATION#flowable-async-job-executor-thread-5201#
[DetermineApplicationServiceBindingActionsStep] Executing task "determineApplicationServiceBindingActionsTask" of process "b27aa9e2-88fe-11f1-b49e-eeee0a804d2e"...#
#2026 07 26 14:31:32.435#Z#DEBUG#a94a10ac-88fe-11f1-b49e-eeee0a804d2e.OPERATION#flowable-async-job-executor-thread-5201#
[DetermineApplicationServiceBindingActionsStep] Determine bind/unbind operations of application "ai_cap-srv" to service instance "default_aicore"#
#2026 07 26 14:31:32.435#Z#DEBUG#a94a10ac-88fe-11f1-b49e-eeee0a804d2e.OPERATION#flowable-async-job-executor-thread-5201#
[DetermineApplicationServiceBindingActionsStep] Getting application "ai_cap-srv"...#
#2026 07 26 14:31:32.472#Z#DEBUG#a94a10ac-88fe-11f1-b49e-eeee0a804d2e.OPERATION#flowable-async-job-executor-thread-5201#
[DetermineApplicationServiceBindingActionsStep] Binding parameters for application "ai_cap-srv": { }#
#2026 07 26 14:31:32.514#Z#DEBUG#a94a10ac-88fe-11f1-b49e-eeee0a804d2e.OPERATION#flowable-async-job-executor-thread-5201#
[DetermineApplicationServiceBindingActionsStep] Calculated binding operations between application "ai_cap-srv" and service instance "default_aicore": unbind - false bind - true#
#2026 07 26 14:31:32.514#Z#DEBUG#a94a10ac-88fe-11f1-b49e-eeee0a804d2e.OPERATION#flowable-async-job-executor-thread-5201#
Step "Determine Application Service Binding Actions" finished#
#2026 07 26 14:31:32.547#Z#DEBUG#a94a10ac-88fe-11f1-b49e-eeee0a804d2e.OPERATION#flowable-async-job-executor-thread-5201#
[BindServiceToApplicationStep] Executing task "bindServiceToApplicationTask" of process "b27aa9e2-88fe-11f1-b49e-eeee0a804d2e"...#
#2026 07 26 14:31:32.548#Z#INFO#a94a10ac-88fe-11f1-b49e-eeee0a804d2e.OPERATION#flowable-async-job-executor-thread-5201#
[BindServiceToApplicationStep] Binding service instance "default_aicore" to application "ai_cap-srv"...#
#2026 07 26 14:31:32.553#Z#DEBUG#a94a10ac-88fe-11f1-b49e-eeee0a804d2e.OPERATION#flowable-async-job-executor-thread-5201#
[BindServiceToApplicationStep] Binding service instance "default_aicore" to application "ai_cap-srv" with parameters: { }#
#2026 07 26 14:31:32.680#Z#DEBUG#a94a10ac-88fe-11f1-b49e-eeee0a804d2e.OPERATION#flowable-async-job-executor-thread-5201#
Step "Bind Service to Application" finished#
#2026 07 26 14:31:33.129#Z#DEBUG#a94a10ac-88fe-11f1-b49e-eeee0a804d2e.OPERATION#flowable-async-job-executor-thread-370#
[ProcessDescriptorStep] Executing task "reprocessDescriptorTask" of process "b2f494f3-88fe-11f1-a871-eeee0a91160a"...#
#2026 07 26 14:31:33.130#Z#DEBUG#a94a10ac-88fe-11f1-b49e-eeee0a804d2e.OPERATION#flowable-async-job-executor-thread-370#
[ProcessDescriptorStep] Resolving properties and parameters in merged descriptor...#
#2026 07 26 14:31:33.136#Z#DEBUG#a94a10ac-88fe-11f1-b49e-eeee0a804d2e.OPERATION#flowable-async-job-executor-thread-370#
[ProcessDescriptorStep] Subscriptions: [ ]#
#2026 07 26 14:31:33.142#Z#DEBUG#a94a10ac-88fe-11f1-b49e-eeee0a804d2e.OPERATION#flowable-async-job-executor-thread-370#
[ProcessDescriptorStep] MTA modules: [ai_cap-srv, ai_cap, ai_cap-app-deployer]#
#2026 07 26 14:31:33.146#Z#DEBUG#a94a10ac-88fe-11f1-b49e-eeee0a804d2e.OPERATION#flowable-async-job-executor-thread-370#
[ProcessDescriptorStep] Resolved deployment descriptor: {
  "majorSchemaVersion" : 3,
  "schemaVersion" : "3.3.0",
  "id" : "ai_cap",
  "version" : "1.0.0",
  "modules" : [ {
    "majorSchemaVersion" : 3,
    "name" : "ai_cap-srv",
    "type" : "javascript.nodejs",
    "path" : "ai_cap-srv",
    "properties" : { },
    "parameters" : {
      "default-url" : "https://abeam-consulting-ltd--jt9-lfwzntz7c-y6-dev-ai-cap-srv.cfapps.ap10.hana.ondemand.com",
      "default-app-name" : "ai_cap-srv",
      "generated-password" : "********",
      "default-live-url" : "https://abeam-consulting-ltd--jt9-lfwzntz7c-y6-dev-ai-cap-srv.cfapps.ap10.hana.ondemand.com",
      "default-uri" : "abeam-consulting-ltd--jt9-lfwzntz7c-y6-dev-ai-cap-srv.cfapps.ap10.hana.ondemand.com",
      "default-instances" : 1,
      "default-live-host" : "abeam-consulting-ltd--jt9-lfwzntz7c-y6-dev-ai-cap-srv",
      "instances" : 1,
      "buildpack" : "nodejs_buildpack",
      "default-host" : "abeam-consulting-ltd--jt9-lfwzntz7c-y6-dev-ai-cap-srv",
      "app-name" : "ai_cap-srv",
      "default-live-uri" : "abeam-consulting-ltd--jt9-lfwzntz7c-y6-dev-ai-cap-srv.cfapps.ap10.hana.ondemand.com",
      "protocol" : "https",
      "default-live-app-name" : "ai_cap-srv",
      "default-live-domain" : "cfapps.ap10.hana.ondemand.com",
      "domain" : "cfapps.ap10.hana.ondemand.com",
      "host" : "abeam-consulting-ltd--jt9-lfwzntz7c-y6-dev-ai-cap-srv",
      "generated-user" : "********"
    },
    "requiredDependencies" : [ {
      "majorSchemaVersion" : 3,
      "name" : "********",
      "properties" : { },
      "parameters" : { },
      "propertiesMetadata" : {
        "metadata" : { }
      },
      "parametersMetadata" : {
        "metadata" : { }
      }
    }, {
      "majorSchemaVersion" : 3,
      "name" : "ai_cap-aicore",
      "properties" : { },
      "parameters" : { },
      "propertiesMetadata" : {
        "metadata" : { }
      },
      "parametersMetadata" : {
        "metadata" : { }
      }
    } ],
    "providedDependencies" : [ {
      "majorSchemaVersion" : 3,
      "name" : "srv-api",
      "isPublic" : false,
      "properties" : {
        "srv-url" : "https://abeam-consulting-ltd--jt9-lfwzntz7c-y6-dev-ai-cap-srv.cfapps.ap10.hana.ondemand.com"
      },
      "parameters" : { },
      "propertiesMetadata" : {
        "metadata" : { }
      },
      "parametersMetadata" : {
        "metadata" : { }
      }
    }, {
      "majorSchemaVersion" : 3,
      "name" : "ai_cap-srv",
      "isPublic" : false,
      "properties" : { },
      "parameters" : { },
      "propertiesMetadata" : {
        "metadata" : { }
      },
      "parametersMetadata" : {
        "metadata" : { }
      }
    } ],
    "propertiesMetadata" : {
      "metadata" : { }
    },
    "parametersMetadata" : {
      "metadata" : { }
    },
    "hooks" : [ ]
  }, {
    "majorSchemaVersion" : 3,
    "name" : "ai_cap",
    "type" : "javascript.nodejs",
    "path" : "ai_cap",
    "properties" : { },
    "parameters" : {
      "default-url" : "https://abeam-consulting-ltd--jt9-lfwzntz7c-y6-dev-ai-cap.cfapps.ap10.hana.ondemand.com",
      "default-app-name" : "ai_cap",
      "generated-password" : "********",
      "default-live-url" : "https://abeam-consulting-ltd--jt9-lfwzntz7c-y6-dev-ai-cap.cfapps.ap10.hana.ondemand.com",
      "default-uri" : "abeam-consulting-ltd--jt9-lfwzntz7c-y6-dev-ai-cap.cfapps.ap10.hana.ondemand.com",
      "memory" : "256M",
      "default-instances" : 1,
      "default-live-host" : "abeam-consulting-ltd--jt9-lfwzntz7c-y6-dev-ai-cap",
      "instances" : 1,
      "default-host" : "abeam-consulting-ltd--jt9-lfwzntz7c-y6-dev-ai-cap",
      "keep-existing-routes" : true,
      "app-name" : "ai_cap",
      "default-live-uri" : "abeam-consulting-ltd--jt9-lfwzntz7c-y6-dev-ai-cap.cfapps.ap10.hana.ondemand.com",
      "protocol" : "https",
      "default-live-app-name" : "ai_cap",
      "default-live-domain" : "cfapps.ap10.hana.ondemand.com",
      "disk-quota" : "256M",
      "domain" : "cfapps.ap10.hana.ondemand.com",
      "host" : "abeam-consulting-ltd--jt9-lfwzntz7c-y6-dev-ai-cap",
      "generated-user" : "********"
    },
    "requiredDependencies" : [ {
      "majorSchemaVersion" : 3,
      "name" : "srv-api",
      "group" : "destinations",
      "properties" : {
        "name" : "srv-api",
        "forwardAuthToken" : "********",
        "url" : "https://abeam-consulting-ltd--jt9-lfwzntz7c-y6-dev-ai-cap-srv.cfapps.ap10.hana.ondemand.com"
      },
      "parameters" : { },
      "propertiesMetadata" : {
        "metadata" : { }
      },
      "parametersMetadata" : {
        "metadata" : { }
      }
    }, {
      "majorSchemaVersion" : 3,
      "name" : "********",
      "properties" : { },
      "parameters" : { },
      "propertiesMetadata" : {
        "metadata" : { }
      },
      "parametersMetadata" : {
        "metadata" : { }
      }
    }, {
      "majorSchemaVersion" : 3,
      "name" : "ai_cap-destination",
      "properties" : { },
      "parameters" : { },
      "propertiesMetadata" : {
        "metadata" : { }
      },
      "parametersMetadata" : {
        "metadata" : { }
      }
    }, {
      "majorSchemaVersion" : 3,
      "name" : "ai_cap-html5-runtime",
      "properties" : { },
      "parameters" : { },
      "propertiesMetadata" : {
        "metadata" : { }
      },
      "parametersMetadata" : {
        "metadata" : { }
      }
    } ],
    "providedDependencies" : [ {
      "majorSchemaVersion" : 3,
      "name" : "app-api",
      "isPublic" : false,
      "properties" : {
        "app-protocol" : "https",
        "app-uri" : "abeam-consulting-ltd--jt9-lfwzntz7c-y6-dev-ai-cap.cfapps.ap10.hana.ondemand.com"
      },
      "parameters" : { },
      "propertiesMetadata" : {
        "metadata" : { }
      },
      "parametersMetadata" : {
        "metadata" : { }
      }
    }, {
      "majorSchemaVersion" : 3,
      "name" : "ai_cap",
      "isPublic" : false,
      "properties" : { },
      "parameters" : { },
      "propertiesMetadata" : {
        "metadata" : { }
      },
      "parametersMetadata" : {
        "metadata" : { }
      }
    } ],
    "propertiesMetadata" : {
      "metadata" : { }
    },
    "parametersMetadata" : {
      "metadata" : { }
    },
    "hooks" : [ ]
  }, {
    "majorSchemaVersion" : 3,
    "name" : "ai_cap-app-deployer",
    "type" : "com.sap.application.content",
    "path" : "ai_cap-app-deployer",
    "properties" : { },
    "parameters" : {
      "default-url" : "https://abeam-consulting-ltd--jt9-lfwzntz7c-y6-dev-ai-cap-app-deployer.cfapps.ap10.hana.ondemand.com",
      "default-app-name" : "ai_cap-app-deployer",
      "generated-password" : "********",
      "default-live-url" : "https://abeam-consulting-ltd--jt9-lfwzntz7c-y6-dev-ai-cap-app-deployer.cfapps.ap10.hana.ondemand.com",
      "default-uri" : "abeam-consulting-ltd--jt9-lfwzntz7c-y6-dev-ai-cap-app-deployer.cfapps.ap10.hana.ondemand.com",
      "default-instances" : 1,
      "default-live-host" : "abeam-consulting-ltd--jt9-lfwzntz7c-y6-dev-ai-cap-app-deployer",
      "instances" : 1,
      "default-host" : "abeam-consulting-ltd--jt9-lfwzntz7c-y6-dev-ai-cap-app-deployer",
      "app-name" : "ai_cap-app-deployer",
      "default-live-uri" : "abeam-consulting-ltd--jt9-lfwzntz7c-y6-dev-ai-cap-app-deployer.cfapps.ap10.hana.ondemand.com",
      "protocol" : "https",
      "default-live-app-name" : "ai_cap-app-deployer",
      "default-live-domain" : "cfapps.ap10.hana.ondemand.com",
      "domain" : "cfapps.ap10.hana.ondemand.com",
      "host" : "abeam-consulting-ltd--jt9-lfwzntz7c-y6-dev-ai-cap-app-deployer",
      "generated-user" : "********"
    },
    "requiredDependencies" : [ {
      "majorSchemaVersion" : 3,
      "name" : "********",
      "properties" : { },
      "parameters" : { },
      "propertiesMetadata" : {
        "metadata" : { }
      },
      "parametersMetadata" : {
        "metadata" : { }
      }
    }, {
      "majorSchemaVersion" : 3,
      "name" : "srv-api",
      "properties" : { },
      "parameters" : { },
      "propertiesMetadata" : {
        "metadata" : { }
      },
      "parametersMetadata" : {
        "metadata" : { }
      }
    }, {
      "majorSchemaVersion" : 3,
      "name" : "ai_cap-html5-repo-host",
      "properties" : { },
      "parameters" : {
        "config" : {
          "HTML5Runtime_enabled" : true
        },
        "content-target" : true
      },
      "propertiesMetadata" : {
        "metadata" : { }
      },
      "parametersMetadata" : {
        "metadata" : { }
      }
    } ],
    "providedDependencies" : [ {
      "majorSchemaVersion" : 3,
      "name" : "ai_cap-app-deployer",
      "isPublic" : false,
      "properties" : { },
      "parameters" : { },
      "propertiesMetadata" : {
        "metadata" : { }
      },
      "parametersMetadata" : {
        "metadata" : { }
      }
    } ],
    "propertiesMetadata" : {
      "metadata" : { }
    },
    "parametersMetadata" : {
      "metadata" : { }
    },
    "hooks" : [ ]
  } ],
  "resources" : [ {
    "majorSchemaVersion" : 3,
    "name" : "********",
    "type" : "org.cloudfoundry.managed-service",
    "properties" : { },
    "parameters" : {
      "generated-password" : "********",
      "path" : "./xs-security.json",
      "service-name" : "********",
      "service-plan" : "application",
      "service" : "xsuaa",
      "generated-user" : "********",
      "default-xsappname" : "********",
      "type" : "managed-service",
      "config" : {
        "oauth2-configuration" : "********",
        "tenant-mode" : "dedicated",
        "xsappname" : "ai_cap-dev"
      },
      "default-service-name" : "********",
      "default-container-name" : "********"
    },
    "isActive" : true,
    "isOptional" : false,
    "propertiesMetadata" : {
      "metadata" : { }
    },
    "parametersMetadata" : {
      "metadata" : { }
    },
    "requiredDependencies" : [ {
      "majorSchemaVersion" : 3,
      "name" : "app-api",
      "properties" : { },
      "parameters" : { },
      "propertiesMetadata" : {
        "metadata" : { }
      },
      "parametersMetadata" : {
        "metadata" : { }
      }
    } ],
    "processedAfter" : [ ]
  }, {
    "majorSchemaVersion" : 3,
    "name" : "ai_cap-aicore",
    "type" : "org.cloudfoundry.existing-service",
    "properties" : { },
    "parameters" : {
      "generated-password" : "********",
      "service-name" : "default_aicore",
      "generated-user" : "********",
      "default-xsappname" : "ai_cap-aicore",
      "type" : "existing-service",
      "default-service-name" : "ai_cap-aicore",
      "default-container-name" : "ABEAM_CONSULTING_LTD__JT9_LFWZNTZ7C_Y6_DEV_AI_CAP_AICORE"
    },
    "isActive" : true,
    "isOptional" : false,
    "propertiesMetadata" : {
      "metadata" : { }
    },
    "parametersMetadata" : {
      "metadata" : { }
    },
    "requiredDependencies" : [ ],
    "processedAfter" : [ ]
  }, {
    "majorSchemaVersion" : 3,
    "name" : "ai_cap-destination",
    "type" : "org.cloudfoundry.managed-service",
    "properties" : { },
    "parameters" : {
      "generated-password" : "********",
      "service-name" : "ai_cap-destination",
      "service-plan" : "lite",
      "service" : "destination",
      "generated-user" : "********",
      "default-xsappname" : "ai_cap-destination",
      "type" : "managed-service",
      "default-service-name" : "ai_cap-destination",
      "default-container-name" : "ABEAM_CONSULTING_LTD__JT9_LFWZNTZ7C_Y6_DEV_AI_CAP_DESTINATION"
    },
    "isActive" : true,
    "isOptional" : false,
    "propertiesMetadata" : {
      "metadata" : { }
    },
    "parametersMetadata" : {
      "metadata" : { }
    },
    "requiredDependencies" : [ ],
    "processedAfter" : [ ]
  }, {
    "majorSchemaVersion" : 3,
    "name" : "ai_cap-html5-repo-host",
    "type" : "org.cloudfoundry.managed-service",
    "properties" : { },
    "parameters" : {
      "generated-password" : "********",
      "service-name" : "ai_cap-html5-repo-host",
      "service-plan" : "app-host",
      "service" : "html5-apps-repo",
      "generated-user" : "********",
      "default-xsappname" : "ai_cap-html5-repo-host",
      "type" : "managed-service",
      "default-service-name" : "ai_cap-html5-repo-host",
      "default-container-name" : "ABEAM_CONSULTING_LTD__JT9_LFWZNTZ7C_Y6_DEV_AI_CAP_HTML5_R6BF2C66"
    },
    "isActive" : true,
    "isOptional" : false,
    "propertiesMetadata" : {
      "metadata" : { }
    },
    "parametersMetadata" : {
      "metadata" : { }
    },
    "requiredDependencies" : [ ],
    "processedAfter" : [ ]
  }, {
    "majorSchemaVersion" : 3,
    "name" : "ai_cap-html5-runtime",
    "type" : "org.cloudfoundry.managed-service",
    "properties" : { },
    "parameters" : {
      "generated-password" : "********",
      "service-name" : "ai_cap-html5-runtime",
      "service-plan" : "app-runtime",
      "service" : "html5-apps-repo",
      "generated-user" : "********",
      "default-xsappname" : "ai_cap-html5-runtime",
      "type" : "managed-service",
      "default-service-name" : "ai_cap-html5-runtime",
      "default-container-name" : "ABEAM_CONSULTING_LTD__JT9_LFWZNTZ7C_Y6_DEV_AI_CAP_HTML5_RUNTIME"
    },
    "isActive" : true,
    "isOptional" : false,
    "propertiesMetadata" : {
      "metadata" : { }
    },
    "parametersMetadata" : {
      "metadata" : { }
    },
    "requiredDependencies" : [ ],
    "processedAfter" : [ ]
  } ],
  "parameters" : {
    "deploy_mode" : "html5-repo",
    "mta-id" : "ai_cap",
    "authorization-url" : "********",
    "org-guid" : "8a7111bd-c1db-49fb-9463-093b5098054f",
    "org" : "ABeam Consulting Ltd._jt9-lfwzntz7c-y6",
    "deploy-target" : "ABeam Consulting Ltd._jt9-lfwzntz7c-y6 dev",
    "enable-parallel-deployments" : true,
    "region-primary-domain" : "ap10.hana.ondemand.com",
    "space" : "dev",
    "region-domain" : "ap10.hana.ondemand.com",
    "xs-api-url" : "https://api.cf.ap10.hana.ondemand.com",
    "deploy-url" : "deploy-service.cfapps.ap10.hana.ondemand.com",
    "xs-type" : "CF",
    "default-domain" : "cfapps.ap10.hana.ondemand.com",
    "mta-version" : "1.0.0",
    "xs-auth-url" : "********",
    "space-guid" : "88e5ad75-c77c-4164-b356-00f6d6d0ccdf",
    "user" : "********",
    "controller-url" : "https://api.cf.ap10.hana.ondemand.com",
    "timestamp" : "20260726143116"
  },
  "parametersMetadata" : {
    "metadata" : { }
  }
}#
#2026 07 26 14:31:33.146#Z#DEBUG#a94a10ac-88fe-11f1-b49e-eeee0a804d2e.OPERATION#flowable-async-job-executor-thread-370#
[ProcessDescriptorStep] Merged descriptor properties and parameters resolved#
#2026 07 26 14:31:33.146#Z#DEBUG#a94a10ac-88fe-11f1-b49e-eeee0a804d2e.OPERATION#flowable-async-job-executor-thread-370#
Step "Re-Process Descriptor Step" finished#
#2026 07 26 14:31:33.176#Z#DEBUG#a94a10ac-88fe-11f1-b49e-eeee0a804d2e.OPERATION#flowable-async-job-executor-thread-371#
[BuildApplicationDeployModelStep] Executing task "buildApplicationDeployModelTask" of process "b2f494f3-88fe-11f1-a871-eeee0a91160a"...#
#2026 07 26 14:31:33.179#Z#DEBUG#a94a10ac-88fe-11f1-b49e-eeee0a804d2e.OPERATION#flowable-async-job-executor-thread-371#
[BuildApplicationDeployModelStep] Building cloud deployment model for application "ai_cap"...#
#2026 07 26 14:31:33.185#Z#DEBUG#a94a10ac-88fe-11f1-b49e-eeee0a804d2e.OPERATION#flowable-async-job-executor-thread-371#
[BuildApplicationDeployModelStep] No health-check-type is specified. Setting default type: port#
#2026 07 26 14:31:33.186#Z#INFO#a94a10ac-88fe-11f1-b49e-eeee0a804d2e.OPERATION#flowable-async-job-executor-thread-371#
[BuildApplicationDeployModelStep] Building configuration entries for org ABeam Consulting Ltd._jt9-lfwzntz7c-y6, space dev, spaceId 88e5ad75-c77c-4164-b356-00f6d6d0ccdf and namespace null!#
#2026 07 26 14:31:33.187#Z#DEBUG#a94a10ac-88fe-11f1-b49e-eeee0a804d2e.OPERATION#flowable-async-job-executor-thread-371#
[BuildApplicationDeployModelStep] Configuration entries to publish: [ ]#
#2026 07 26 14:31:33.187#Z#DEBUG#a94a10ac-88fe-11f1-b49e-eeee0a804d2e.OPERATION#flowable-async-job-executor-thread-371#
[BuildApplicationDeployModelStep] Cloud deployment model for application built#
#2026 07 26 14:31:33.187#Z#DEBUG#a94a10ac-88fe-11f1-b49e-eeee0a804d2e.OPERATION#flowable-async-job-executor-thread-371#
Step "Build Application Deploy Model" finished#
#2026 07 26 14:31:33.224#Z#DEBUG#a94a10ac-88fe-11f1-b49e-eeee0a804d2e.OPERATION#flowable-async-job-executor-thread-372#
[CreateOrUpdateAppStep] Executing task "createAppTask" of process "b2f494f3-88fe-11f1-a871-eeee0a91160a"...#
#2026 07 26 14:31:33.225#Z#DEBUG#a94a10ac-88fe-11f1-b49e-eeee0a804d2e.OPERATION#flowable-async-job-executor-thread-372#
[CreateOrUpdateAppStep] Getting application "ai_cap"...#
#2026 07 26 14:31:33.252#Z#INFO#a94a10ac-88fe-11f1-b49e-eeee0a804d2e.OPERATION#flowable-async-job-executor-thread-372#
[CreateOrUpdateAppStep] Creating application "ai_cap" from MTA module "ai_cap"...#
#2026 07 26 14:31:33.259#Z#DEBUG#a94a10ac-88fe-11f1-b49e-eeee0a804d2e.OPERATION#flowable-async-job-executor-thread-372#
[CreateOrUpdateAppStep] Creating application "ai_cap" with disk "256" memory "256", URIs "abeam-consulting-ltd--jt9-lfwzntz7c-y6-dev-ai-cap.cfapps.ap10.hana.ondemand.com" and staging: "{
  "buildpacks" : [ ],
  "healthCheckType" : "port",
  "appFeatures" : { }
}"#
#2026 07 26 14:31:33.768#Z#DEBUG#a94a10ac-88fe-11f1-b49e-eeee0a804d2e.OPERATION#flowable-async-job-executor-thread-372#
[CreateOrUpdateAppStep] Application "ai_cap" created#
#2026 07 26 14:31:33.768#Z#DEBUG#a94a10ac-88fe-11f1-b49e-eeee0a804d2e.OPERATION#flowable-async-job-executor-thread-372#
Step "Create App" finished#
#2026 07 26 14:31:32.350#Z#DEBUG#a94a10ac-88fe-11f1-b49e-eeee0a804d2e.OPERATION#flowable-async-job-executor-thread-5203#
[BuildContentDeploymentConfigurationStep] Executing task "buildContentDeploymentConfigurationTask" of process "b27c7f42-88fe-11f1-b49e-eeee0a804d2e"...#
#2026 07 26 14:31:32.356#Z#DEBUG#a94a10ac-88fe-11f1-b49e-eeee0a804d2e.OPERATION#ForkJoinPool-26-worker-1#
[BuildContentDeploymentConfigurationStep] Getting service key "ai_cap-app-deployer-ai_cap-html5-repo-host-credentials" for service instance "ai_cap-html5-repo-host"...#
#2026 07 26 14:31:32.356#Z#DEBUG#a94a10ac-88fe-11f1-b49e-eeee0a804d2e.OPERATION#ForkJoinPool-26-worker-2#
[BuildContentDeploymentConfigurationStep] Getting service key "ai_cap-app-deployer-ai_cap-auth-credentials" for service instance "ai_cap-auth"...#
#2026 07 26 14:31:32.480#Z#INFO#a94a10ac-88fe-11f1-b49e-eeee0a804d2e.OPERATION#ForkJoinPool-26-worker-1#
[BuildContentDeploymentConfigurationStep] Creating service key "ai_cap-app-deployer-ai_cap-html5-repo-host-credentials" for service instance "ai_cap-html5-repo-host"...#
#2026 07 26 14:31:32.486#Z#DEBUG#a94a10ac-88fe-11f1-b49e-eeee0a804d2e.OPERATION#ForkJoinPool-26-worker-1#
[BuildContentDeploymentConfigurationStep] Creating service key "ai_cap-app-deployer-ai_cap-html5-repo-host-credentials" for service instance "ai_cap-html5-repo-host" with parameters: {
  "service_key_type" : "********"
}#
#2026 07 26 14:31:32.489#Z#INFO#a94a10ac-88fe-11f1-b49e-eeee0a804d2e.OPERATION#ForkJoinPool-26-worker-2#
[BuildContentDeploymentConfigurationStep] Creating service key "ai_cap-app-deployer-ai_cap-auth-credentials" for service instance "ai_cap-auth"...#
#2026 07 26 14:31:32.495#Z#DEBUG#a94a10ac-88fe-11f1-b49e-eeee0a804d2e.OPERATION#ForkJoinPool-26-worker-2#
[BuildContentDeploymentConfigurationStep] Creating service key "ai_cap-app-deployer-ai_cap-auth-credentials" for service instance "ai_cap-auth" with parameters: { }#
#2026 07 26 14:31:33.852#Z#DEBUG#a94a10ac-88fe-11f1-b49e-eeee0a804d2e.OPERATION#ForkJoinPool-26-worker-1#
[BuildContentDeploymentConfigurationStep] Service key "ai_cap-app-deployer-ai_cap-html5-repo-host-credentials" created#
#2026 07 26 14:31:33.861#Z#DEBUG#a94a10ac-88fe-11f1-b49e-eeee0a804d2e.OPERATION#ForkJoinPool-26-worker-2#
[BuildContentDeploymentConfigurationStep] Service key "ai_cap-app-deployer-ai_cap-auth-credentials" created#
#2026 07 26 14:31:33.862#Z#DEBUG#a94a10ac-88fe-11f1-b49e-eeee0a804d2e.OPERATION#flowable-async-job-executor-thread-5203#
Step "Build Content Deployment Configuration" finished#
#2026 07 26 14:31:33.862#Z#DEBUG#a94a10ac-88fe-11f1-b49e-eeee0a804d2e.OPERATION#flowable-async-job-executor-thread-376#
[CheckServiceBindingOperationStep] Executing task "checkForServiceBindingOperationInProgress" of process "b367f08b-88fe-11f1-a871-eeee0a91160a"...#
#2026 07 26 14:31:33.862#Z#DEBUG#a94a10ac-88fe-11f1-b49e-eeee0a804d2e.OPERATION#flowable-async-job-executor-thread-376#
[CheckServiceBindingOperationStep] Checking for service binding operation in progress between app "ai_cap" and service instance "ai_cap-destination"#
#2026 07 26 14:31:33.863#Z#DEBUG#a94a10ac-88fe-11f1-b49e-eeee0a804d2e.OPERATION#flowable-async-job-executor-thread-376#
[CheckServiceBindingOperationStep] Getting application guid "ai_cap"...#
#2026 07 26 14:31:33.909#Z#DEBUG#a94a10ac-88fe-11f1-b49e-eeee0a804d2e.OPERATION#flowable-async-job-executor-thread-376#
[CheckServiceBindingOperationStep] Getting GUID of required service instance "ai_cap-destination"...#
#2026 07 26 14:31:33.937#Z#DEBUG#a94a10ac-88fe-11f1-b49e-eeee0a804d2e.OPERATION#flowable-async-job-executor-thread-376#
[CheckServiceBindingOperationStep] Getting binding of service instance "fa1449ff-8bfe-455d-9458-4a24ce7aaa86" with application "7660856f-8cbb-42ff-826b-d11e3bb26138"...#
#2026 07 26 14:31:33.962#Z#DEBUG#a94a10ac-88fe-11f1-b49e-eeee0a804d2e.OPERATION#flowable-async-job-executor-thread-376#
Step "Check For Service Binding Operation In Progress" finished#
#2026 07 26 14:31:33.990#Z#DEBUG#a94a10ac-88fe-11f1-b49e-eeee0a804d2e.OPERATION#flowable-async-job-executor-thread-369#
[DetermineApplicationServiceBindingActionsStep] Executing task "determineApplicationServiceBindingActionsTask" of process "b367f08b-88fe-11f1-a871-eeee0a91160a"...#
#2026 07 26 14:31:33.992#Z#DEBUG#a94a10ac-88fe-11f1-b49e-eeee0a804d2e.OPERATION#flowable-async-job-executor-thread-369#
[DetermineApplicationServiceBindingActionsStep] Determine bind/unbind operations of application "ai_cap" to service instance "ai_cap-destination"#
#2026 07 26 14:31:33.992#Z#DEBUG#a94a10ac-88fe-11f1-b49e-eeee0a804d2e.OPERATION#flowable-async-job-executor-thread-369#
[DetermineApplicationServiceBindingActionsStep] Getting application "ai_cap"...#
#2026 07 26 14:31:34.032#Z#DEBUG#a94a10ac-88fe-11f1-b49e-eeee0a804d2e.OPERATION#flowable-async-job-executor-thread-369#
[DetermineApplicationServiceBindingActionsStep] Binding parameters for application "ai_cap": { }#
#2026 07 26 14:31:34.066#Z#DEBUG#a94a10ac-88fe-11f1-b49e-eeee0a804d2e.OPERATION#flowable-async-job-executor-thread-369#
[DetermineApplicationServiceBindingActionsStep] Calculated binding operations between application "ai_cap" and service instance "ai_cap-destination": unbind - false bind - true#
#2026 07 26 14:31:34.066#Z#DEBUG#a94a10ac-88fe-11f1-b49e-eeee0a804d2e.OPERATION#flowable-async-job-executor-thread-369#
Step "Determine Application Service Binding Actions" finished#
#2026 07 26 14:31:33.869#Z#DEBUG#a94a10ac-88fe-11f1-b49e-eeee0a804d2e.OPERATION#flowable-async-job-executor-thread-5203#
[CreateContentDeployClientConfigurationStep] Executing task "createContentDeployClientConfigurationTask" of process "b36ecdb5-88fe-11f1-b49e-eeee0a804d2e"...#
#2026 07 26 14:31:33.869#Z#DEBUG#a94a10ac-88fe-11f1-b49e-eeee0a804d2e.OPERATION#flowable-async-job-executor-thread-5203#
[CreateContentDeployClientConfigurationStep] Content deployer client configuration: {
  "contentDeployerUrl" : "https://html5-apps-repo-dt.cfapps.ap10.hana.ondemand.com",
  "uaaClientConfiguration" : {
    "url" : "********",
    "credentials" : "********",
    "authenticationStrategyType" : "********"
  },
  "httpRequestHeaders" : {
    "X-CorrelationID" : "a94a10ac-88fe-11f1-b49e-eeee0a804d2e"
  },
  "spaceId" : "88e5ad75-c77c-4164-b356-00f6d6d0ccdf",
  "serviceName" : "ai_cap-html5-repo-host"
}#
#2026 07 26 14:31:34.188#Z#DEBUG#a94a10ac-88fe-11f1-b49e-eeee0a804d2e.OPERATION#flowable-async-job-executor-thread-5203#
Step "Create Content Deploy Client Configuration" finished#
#2026 07 26 14:31:34.189#Z#DEBUG#a94a10ac-88fe-11f1-b49e-eeee0a804d2e.OPERATION#flowable-async-job-executor-thread-5203#
[GetContentFromDeploymentDescriptorStep] Executing task "getContentFromDeploymentDescriptorTask" of process "b36ecdb5-88fe-11f1-b49e-eeee0a804d2e"...#
#2026 07 26 14:31:34.189#Z#DEBUG#a94a10ac-88fe-11f1-b49e-eeee0a804d2e.OPERATION#flowable-async-job-executor-thread-5203#
Step "Get Content From Deployment Descriptor" finished#
#2026 07 26 14:31:34.102#Z#DEBUG#a94a10ac-88fe-11f1-b49e-eeee0a804d2e.OPERATION#flowable-async-job-executor-thread-369#
[BindServiceToApplicationStep] Executing task "bindServiceToApplicationTask" of process "b367f08b-88fe-11f1-a871-eeee0a91160a"...#
#2026 07 26 14:31:34.104#Z#INFO#a94a10ac-88fe-11f1-b49e-eeee0a804d2e.OPERATION#flowable-async-job-executor-thread-369#
[BindServiceToApplicationStep] Binding service instance "ai_cap-destination" to application "ai_cap"...#
#2026 07 26 14:31:34.111#Z#DEBUG#a94a10ac-88fe-11f1-b49e-eeee0a804d2e.OPERATION#flowable-async-job-executor-thread-369#
[BindServiceToApplicationStep] Binding service instance "ai_cap-destination" to application "ai_cap" with parameters: { }#
#2026 07 26 14:31:34.254#Z#DEBUG#a94a10ac-88fe-11f1-b49e-eeee0a804d2e.OPERATION#flowable-async-job-executor-thread-369#
Step "Bind Service to Application" finished#
#2026 07 26 14:31:34.191#Z#DEBUG#a94a10ac-88fe-11f1-b49e-eeee0a804d2e.OPERATION#flowable-async-job-executor-thread-5203#
[UploadContentStep] Executing task "uploadContentTask" of process "b36ecdb5-88fe-11f1-b49e-eeee0a804d2e"...#
#2026 07 26 14:31:34.191#Z#INFO#a94a10ac-88fe-11f1-b49e-eeee0a804d2e.OPERATION#flowable-async-job-executor-thread-5203#
[UploadContentStep] Uploading content module "ai_cap-app-deployer" in target service "ai_cap-html5-repo-host"...#
#2026 07 26 14:31:34.196#Z#DEBUG#a94a10ac-88fe-11f1-b49e-eeee0a804d2e.OPERATION#flowable-async-job-executor-thread-5203#
[UploadContentStep] Uploading file "ai_cap-app-deployer/app/data.zip" for content module "ai_cap-app-deployer" in service "ai_cap-html5-repo-host"#
#2026 07 26 14:31:34.404#Z#INFO#a94a10ac-88fe-11f1-b49e-eeee0a804d2e.OPERATION#flowable-async-job-executor-thread-5203#
[UploadContentStep] Content to deploy size: 27,610 in bytes#
#2026 07 26 14:31:35.225#Z#DEBUG#a94a10ac-88fe-11f1-b49e-eeee0a804d2e.OPERATION#flowable-async-job-executor-thread-5203#
[UploadContentStep] Uploaded content: {
  "id" : "aca1d517-b68e-4813-bf9e-c72d5ea501c0",
  "name" : "content.zip",
  "contentType" : "FILE"
}#
#2026 07 26 14:31:35.225#Z#DEBUG#a94a10ac-88fe-11f1-b49e-eeee0a804d2e.OPERATION#flowable-async-job-executor-thread-5203#
Step "Upload Content" finished#
#2026 07 26 14:31:35.314#Z#DEBUG#a94a10ac-88fe-11f1-b49e-eeee0a804d2e.OPERATION#flowable-async-job-executor-thread-5211#
[CheckServiceBindingOperationStep] Executing task "checkForServiceBindingOperationInProgress" of process "b44557c8-88fe-11f1-b49e-eeee0a804d2e"...#
#2026 07 26 14:31:35.314#Z#DEBUG#a94a10ac-88fe-11f1-b49e-eeee0a804d2e.OPERATION#flowable-async-job-executor-thread-5211#
[CheckServiceBindingOperationStep] Checking for service binding operation in progress between app "ai_cap" and service instance "ai_cap-html5-runtime"#
#2026 07 26 14:31:35.314#Z#DEBUG#a94a10ac-88fe-11f1-b49e-eeee0a804d2e.OPERATION#flowable-async-job-executor-thread-5211#
[CheckServiceBindingOperationStep] Getting application guid "ai_cap"...#
#2026 07 26 14:31:35.353#Z#DEBUG#a94a10ac-88fe-11f1-b49e-eeee0a804d2e.OPERATION#flowable-async-job-executor-thread-5211#
[CheckServiceBindingOperationStep] Getting GUID of required service instance "ai_cap-html5-runtime"...#
#2026 07 26 14:31:35.387#Z#DEBUG#a94a10ac-88fe-11f1-b49e-eeee0a804d2e.OPERATION#flowable-async-job-executor-thread-5211#
[CheckServiceBindingOperationStep] Getting binding of service instance "76a30bd9-3ddd-4d94-8d55-9a4d0484ebbb" with application "7660856f-8cbb-42ff-826b-d11e3bb26138"...#
#2026 07 26 14:31:35.411#Z#DEBUG#a94a10ac-88fe-11f1-b49e-eeee0a804d2e.OPERATION#flowable-async-job-executor-thread-5211#
Step "Check For Service Binding Operation In Progress" finished#
#2026 07 26 14:31:35.228#Z#DEBUG#a94a10ac-88fe-11f1-b49e-eeee0a804d2e.OPERATION#flowable-async-job-executor-thread-5203#
[StartContentDeployStep] Executing task "startContentDeployTask" of process "b36ecdb5-88fe-11f1-b49e-eeee0a804d2e"...#
#2026 07 26 14:31:35.228#Z#INFO#a94a10ac-88fe-11f1-b49e-eeee0a804d2e.OPERATION#flowable-async-job-executor-thread-5203#
[StartContentDeployStep] Deploying content module "ai_cap-app-deployer" in target service "ai_cap-html5-repo-host"...#
#2026 07 26 14:31:35.492#Z#DEBUG#a94a10ac-88fe-11f1-b49e-eeee0a804d2e.OPERATION#flowable-async-job-executor-thread-5203#
Step "Start Content Deploy" finished#
#2026 07 26 14:31:35.440#Z#DEBUG#a94a10ac-88fe-11f1-b49e-eeee0a804d2e.OPERATION#flowable-async-job-executor-thread-5211#
[DetermineApplicationServiceBindingActionsStep] Executing task "determineApplicationServiceBindingActionsTask" of process "b44557c8-88fe-11f1-b49e-eeee0a804d2e"...#
#2026 07 26 14:31:35.442#Z#DEBUG#a94a10ac-88fe-11f1-b49e-eeee0a804d2e.OPERATION#flowable-async-job-executor-thread-5211#
[DetermineApplicationServiceBindingActionsStep] Determine bind/unbind operations of application "ai_cap" to service instance "ai_cap-html5-runtime"#
#2026 07 26 14:31:35.442#Z#DEBUG#a94a10ac-88fe-11f1-b49e-eeee0a804d2e.OPERATION#flowable-async-job-executor-thread-5211#
[DetermineApplicationServiceBindingActionsStep] Getting application "ai_cap"...#
#2026 07 26 14:31:35.481#Z#DEBUG#a94a10ac-88fe-11f1-b49e-eeee0a804d2e.OPERATION#flowable-async-job-executor-thread-5211#
[DetermineApplicationServiceBindingActionsStep] Binding parameters for application "ai_cap": { }#
#2026 07 26 14:31:35.525#Z#DEBUG#a94a10ac-88fe-11f1-b49e-eeee0a804d2e.OPERATION#flowable-async-job-executor-thread-5211#
[DetermineApplicationServiceBindingActionsStep] Calculated binding operations between application "ai_cap" and service instance "ai_cap-html5-runtime": unbind - false bind - true#
#2026 07 26 14:31:35.525#Z#DEBUG#a94a10ac-88fe-11f1-b49e-eeee0a804d2e.OPERATION#flowable-async-job-executor-thread-5211#
Step "Determine Application Service Binding Actions" finished#
#2026 07 26 14:31:35.556#Z#DEBUG#a94a10ac-88fe-11f1-b49e-eeee0a804d2e.OPERATION#flowable-async-job-executor-thread-5211#
[BindServiceToApplicationStep] Executing task "bindServiceToApplicationTask" of process "b44557c8-88fe-11f1-b49e-eeee0a804d2e"...#
#2026 07 26 14:31:35.558#Z#INFO#a94a10ac-88fe-11f1-b49e-eeee0a804d2e.OPERATION#flowable-async-job-executor-thread-5211#
[BindServiceToApplicationStep] Binding service instance "ai_cap-html5-runtime" to application "ai_cap"...#
#2026 07 26 14:31:35.565#Z#DEBUG#a94a10ac-88fe-11f1-b49e-eeee0a804d2e.OPERATION#flowable-async-job-executor-thread-5211#
[BindServiceToApplicationStep] Binding service instance "ai_cap-html5-runtime" to application "ai_cap" with parameters: { }#
#2026 07 26 14:31:35.713#Z#DEBUG#a94a10ac-88fe-11f1-b49e-eeee0a804d2e.OPERATION#flowable-async-job-executor-thread-5211#
Step "Bind Service to Application" finished#
#2026 07 26 14:31:36.087#Z#DEBUG#a94a10ac-88fe-11f1-b49e-eeee0a804d2e.OPERATION#flowable-async-job-executor-thread-372#
[CheckServiceBindingOperationStep] Executing task "checkForServiceBindingOperationInProgress" of process "b4bc0f1f-88fe-11f1-a871-eeee0a91160a"...#
#2026 07 26 14:31:36.087#Z#DEBUG#a94a10ac-88fe-11f1-b49e-eeee0a804d2e.OPERATION#flowable-async-job-executor-thread-372#
[CheckServiceBindingOperationStep] Checking for service binding operation in progress between app "ai_cap" and service instance "ai_cap-auth"#
#2026 07 26 14:31:36.088#Z#DEBUG#a94a10ac-88fe-11f1-b49e-eeee0a804d2e.OPERATION#flowable-async-job-executor-thread-372#
[CheckServiceBindingOperationStep] Getting application guid "ai_cap"...#
#2026 07 26 14:31:36.125#Z#DEBUG#a94a10ac-88fe-11f1-b49e-eeee0a804d2e.OPERATION#flowable-async-job-executor-thread-372#
[CheckServiceBindingOperationStep] Getting GUID of required service instance "ai_cap-auth"...#
#2026 07 26 14:31:36.156#Z#DEBUG#a94a10ac-88fe-11f1-b49e-eeee0a804d2e.OPERATION#flowable-async-job-executor-thread-372#
[CheckServiceBindingOperationStep] Getting binding of service instance "560a1b2a-0b77-4d74-9925-726687f6ffd3" with application "7660856f-8cbb-42ff-826b-d11e3bb26138"...#
#2026 07 26 14:31:36.180#Z#DEBUG#a94a10ac-88fe-11f1-b49e-eeee0a804d2e.OPERATION#flowable-async-job-executor-thread-372#
Step "Check For Service Binding Operation In Progress" finished#
#2026 07 26 14:31:36.209#Z#DEBUG#a94a10ac-88fe-11f1-b49e-eeee0a804d2e.OPERATION#flowable-async-job-executor-thread-372#
[DetermineApplicationServiceBindingActionsStep] Executing task "determineApplicationServiceBindingActionsTask" of process "b4bc0f1f-88fe-11f1-a871-eeee0a91160a"...#
#2026 07 26 14:31:36.210#Z#DEBUG#a94a10ac-88fe-11f1-b49e-eeee0a804d2e.OPERATION#flowable-async-job-executor-thread-372#
[DetermineApplicationServiceBindingActionsStep] Determine bind/unbind operations of application "ai_cap" to service instance "ai_cap-auth"#
#2026 07 26 14:31:36.211#Z#DEBUG#a94a10ac-88fe-11f1-b49e-eeee0a804d2e.OPERATION#flowable-async-job-executor-thread-372#
[DetermineApplicationServiceBindingActionsStep] Getting application "ai_cap"...#
#2026 07 26 14:31:36.252#Z#DEBUG#a94a10ac-88fe-11f1-b49e-eeee0a804d2e.OPERATION#flowable-async-job-executor-thread-372#
[DetermineApplicationServiceBindingActionsStep] Binding parameters for application "ai_cap": { }#
#2026 07 26 14:31:36.283#Z#DEBUG#a94a10ac-88fe-11f1-b49e-eeee0a804d2e.OPERATION#flowable-async-job-executor-thread-372#
[DetermineApplicationServiceBindingActionsStep] Calculated binding operations between application "ai_cap" and service instance "ai_cap-auth": unbind - false bind - true#
#2026 07 26 14:31:36.283#Z#DEBUG#a94a10ac-88fe-11f1-b49e-eeee0a804d2e.OPERATION#flowable-async-job-executor-thread-372#
Step "Determine Application Service Binding Actions" finished#
#2026 07 26 14:31:36.316#Z#DEBUG#a94a10ac-88fe-11f1-b49e-eeee0a804d2e.OPERATION#flowable-async-job-executor-thread-373#
[BindServiceToApplicationStep] Executing task "bindServiceToApplicationTask" of process "b4bc0f1f-88fe-11f1-a871-eeee0a91160a"...#
#2026 07 26 14:31:36.319#Z#INFO#a94a10ac-88fe-11f1-b49e-eeee0a804d2e.OPERATION#flowable-async-job-executor-thread-373#
[BindServiceToApplicationStep] Binding service instance "ai_cap-auth" to application "ai_cap"...#
#2026 07 26 14:31:36.326#Z#DEBUG#a94a10ac-88fe-11f1-b49e-eeee0a804d2e.OPERATION#flowable-async-job-executor-thread-373#
[BindServiceToApplicationStep] Binding service instance "ai_cap-auth" to application "ai_cap" with parameters: { }#
#2026 07 26 14:31:36.465#Z#DEBUG#a94a10ac-88fe-11f1-b49e-eeee0a804d2e.OPERATION#flowable-async-job-executor-thread-373#
Step "Bind Service to Application" finished#
#2026 07 26 14:31:39.729#Z#DEBUG#a94a10ac-88fe-11f1-b49e-eeee0a804d2e.OPERATION#flowable-async-job-executor-thread-5213#
[BindServiceToApplicationStep] Executing task "bindServiceToApplicationTask" of process "b1bd9c2c-88fe-11f1-b49e-eeee0a804d2e"...#
#2026 07 26 14:31:39.730#Z#DEBUG#a94a10ac-88fe-11f1-b49e-eeee0a804d2e.OPERATION#flowable-async-job-executor-thread-5213#
[BindServiceToApplicationStep] Getting async job "3ac86ba5-4f98-4574-86ea-d12ef76f03d2"#
#2026 07 26 14:31:39.755#Z#DEBUG#a94a10ac-88fe-11f1-b49e-eeee0a804d2e.OPERATION#flowable-async-job-executor-thread-5213#
[BindServiceToApplicationStep] Getting service instance "ai_cap-auth"...#
#2026 07 26 14:31:39.861#Z#DEBUG#a94a10ac-88fe-11f1-b49e-eeee0a804d2e.OPERATION#flowable-async-job-executor-thread-5213#
[BindServiceToApplicationStep] Async service binding operation with id "3ac86ba5-4f98-4574-86ea-d12ef76f03d2" finished#
#2026 07 26 14:31:39.862#Z#DEBUG#a94a10ac-88fe-11f1-b49e-eeee0a804d2e.OPERATION#flowable-async-job-executor-thread-5213#
Step "Bind Service to Application" finished#
#2026 07 26 14:31:39.730#Z#DEBUG#a94a10ac-88fe-11f1-b49e-eeee0a804d2e.OPERATION#flowable-async-job-executor-thread-379#
[BindServiceToApplicationStep] Executing task "bindServiceToApplicationTask" of process "b27aa9e2-88fe-11f1-b49e-eeee0a804d2e"...#
#2026 07 26 14:31:39.731#Z#DEBUG#a94a10ac-88fe-11f1-b49e-eeee0a804d2e.OPERATION#flowable-async-job-executor-thread-379#
[BindServiceToApplicationStep] Getting async job "0c238d66-d13f-4fc6-bcd0-7fe459b946bf"#
#2026 07 26 14:31:39.733#Z#DEBUG#a94a10ac-88fe-11f1-b49e-eeee0a804d2e.OPERATION#flowable-async-job-executor-thread-380#
[BindServiceToApplicationStep] Executing task "bindServiceToApplicationTask" of process "b367f08b-88fe-11f1-a871-eeee0a91160a"...#
#2026 07 26 14:31:39.734#Z#DEBUG#a94a10ac-88fe-11f1-b49e-eeee0a804d2e.OPERATION#flowable-async-job-executor-thread-380#
[BindServiceToApplicationStep] Getting async job "cd740658-592d-4c97-8086-e83d16c8dd0c"#
#2026 07 26 14:31:39.756#Z#DEBUG#a94a10ac-88fe-11f1-b49e-eeee0a804d2e.OPERATION#flowable-async-job-executor-thread-380#
[BindServiceToApplicationStep] Getting service instance "ai_cap-destination"...#
#2026 07 26 14:31:39.766#Z#DEBUG#a94a10ac-88fe-11f1-b49e-eeee0a804d2e.OPERATION#flowable-async-job-executor-thread-379#
[BindServiceToApplicationStep] Getting service instance "default_aicore"...#
#2026 07 26 14:31:39.862#Z#DEBUG#a94a10ac-88fe-11f1-b49e-eeee0a804d2e.OPERATION#flowable-async-job-executor-thread-380#
[BindServiceToApplicationStep] Async service binding operation with id "cd740658-592d-4c97-8086-e83d16c8dd0c" finished#
#2026 07 26 14:31:39.863#Z#DEBUG#a94a10ac-88fe-11f1-b49e-eeee0a804d2e.OPERATION#flowable-async-job-executor-thread-380#
Step "Bind Service to Application" finished#
#2026 07 26 14:31:39.864#Z#DEBUG#a94a10ac-88fe-11f1-b49e-eeee0a804d2e.OPERATION#flowable-async-job-executor-thread-379#
[BindServiceToApplicationStep] Async service binding operation with id "0c238d66-d13f-4fc6-bcd0-7fe459b946bf" finished#
#2026 07 26 14:31:39.864#Z#DEBUG#a94a10ac-88fe-11f1-b49e-eeee0a804d2e.OPERATION#flowable-async-job-executor-thread-379#
Step "Bind Service to Application" finished#
#2026 07 26 14:31:41.356#Z#DEBUG#a94a10ac-88fe-11f1-b49e-eeee0a804d2e.OPERATION#flowable-async-job-executor-thread-5216#
[DetermineVcapServicesPropertiesChangedStep] Executing task "determineVcapServicesPropertiesChangedTask" of process "b7df479d-88fe-11f1-b49e-eeee0a804d2e"...#
#2026 07 26 14:31:41.357#Z#DEBUG#a94a10ac-88fe-11f1-b49e-eeee0a804d2e.OPERATION#flowable-async-job-executor-thread-5216#
[DetermineVcapServicesPropertiesChangedStep] VCAP_SERVICES properties for application "ai_cap-srv" changed: true#
#2026 07 26 14:31:41.357#Z#DEBUG#a94a10ac-88fe-11f1-b49e-eeee0a804d2e.OPERATION#flowable-async-job-executor-thread-5216#
Step "Determine vcap services properties changed" finished#
#2026 07 26 14:31:41.386#Z#DEBUG#a94a10ac-88fe-11f1-b49e-eeee0a804d2e.OPERATION#flowable-async-job-executor-thread-5217#
[UploadAppStep] Executing task "uploadAppTask" of process "b7df479d-88fe-11f1-b49e-eeee0a804d2e"...#
#2026 07 26 14:31:41.390#Z#DEBUG#a94a10ac-88fe-11f1-b49e-eeee0a804d2e.OPERATION#flowable-async-job-executor-thread-5217#
[UploadAppStep] Application upload timeout is default one: 3,600 seconds#
#2026 07 26 14:31:41.390#Z#INFO#a94a10ac-88fe-11f1-b49e-eeee0a804d2e.OPERATION#flowable-async-job-executor-thread-5217#
[UploadAppStep] Uploading application "ai_cap-srv"...#
#2026 07 26 14:31:41.394#Z#DEBUG#a94a10ac-88fe-11f1-b49e-eeee0a804d2e.OPERATION#flowable-async-job-executor-thread-5217#
[UploadAppStep] Getting application "ai_cap-srv"...#
#2026 07 26 14:31:41.428#Z#DEBUG#a94a10ac-88fe-11f1-b49e-eeee0a804d2e.OPERATION#flowable-async-job-executor-thread-5217#
[UploadAppStep] Getting environment of application "8367713d-94ff-4437-9d72-8eecd6aef2d0"...#
#2026 07 26 14:31:41.470#Z#INFO#a94a10ac-88fe-11f1-b49e-eeee0a804d2e.OPERATION#flowable-async-job-executor-thread-5217#
[UploadAppStep] Calculating application digest: "ai_cap-srv"#
#2026 07 26 14:31:41.701#Z#DEBUG#a94a10ac-88fe-11f1-b49e-eeee0a804d2e.OPERATION#flowable-async-job-executor-thread-5217#
Step "Upload App" finished#
#2026 07 26 14:31:49.754#Z#DEBUG#a94a10ac-88fe-11f1-b49e-eeee0a804d2e.OPERATION#flowable-async-job-executor-thread-387#
[BindServiceToApplicationStep] Executing task "bindServiceToApplicationTask" of process "b44557c8-88fe-11f1-b49e-eeee0a804d2e"...#
#2026 07 26 14:31:49.756#Z#DEBUG#a94a10ac-88fe-11f1-b49e-eeee0a804d2e.OPERATION#flowable-async-job-executor-thread-387#
[BindServiceToApplicationStep] Getting async job "982c1541-6b53-4753-ab06-44caa00843ef"#
#2026 07 26 14:31:49.760#Z#DEBUG#a94a10ac-88fe-11f1-b49e-eeee0a804d2e.OPERATION#flowable-async-job-executor-thread-388#
[BindServiceToApplicationStep] Executing task "bindServiceToApplicationTask" of process "b4bc0f1f-88fe-11f1-a871-eeee0a91160a"...#
#2026 07 26 14:31:49.762#Z#DEBUG#a94a10ac-88fe-11f1-b49e-eeee0a804d2e.OPERATION#flowable-async-job-executor-thread-388#
[BindServiceToApplicationStep] Getting async job "dd2093f6-3cf7-4b47-a63d-051b411119a7"#
#2026 07 26 14:31:49.785#Z#DEBUG#a94a10ac-88fe-11f1-b49e-eeee0a804d2e.OPERATION#flowable-async-job-executor-thread-387#
[BindServiceToApplicationStep] Getting service instance "ai_cap-html5-runtime"...#
#2026 07 26 14:31:49.791#Z#DEBUG#a94a10ac-88fe-11f1-b49e-eeee0a804d2e.OPERATION#flowable-async-job-executor-thread-388#
[BindServiceToApplicationStep] Getting service instance "ai_cap-auth"...#
#2026 07 26 14:31:49.885#Z#DEBUG#a94a10ac-88fe-11f1-b49e-eeee0a804d2e.OPERATION#flowable-async-job-executor-thread-387#
[BindServiceToApplicationStep] Async service binding operation with id "982c1541-6b53-4753-ab06-44caa00843ef" finished#
#2026 07 26 14:31:49.886#Z#DEBUG#a94a10ac-88fe-11f1-b49e-eeee0a804d2e.OPERATION#flowable-async-job-executor-thread-387#
Step "Bind Service to Application" finished#
#2026 07 26 14:31:49.908#Z#DEBUG#a94a10ac-88fe-11f1-b49e-eeee0a804d2e.OPERATION#flowable-async-job-executor-thread-388#
[BindServiceToApplicationStep] Async service binding operation with id "dd2093f6-3cf7-4b47-a63d-051b411119a7" finished#
#2026 07 26 14:31:49.909#Z#DEBUG#a94a10ac-88fe-11f1-b49e-eeee0a804d2e.OPERATION#flowable-async-job-executor-thread-388#
Step "Bind Service to Application" finished#
#2026 07 26 14:31:49.741#Z#DEBUG#a94a10ac-88fe-11f1-b49e-eeee0a804d2e.OPERATION#flowable-async-job-executor-thread-383#
[StartContentDeployStep] Executing task "startContentDeployTask" of process "b36ecdb5-88fe-11f1-b49e-eeee0a804d2e"...#
#2026 07 26 14:31:49.744#Z#DEBUG#a94a10ac-88fe-11f1-b49e-eeee0a804d2e.OPERATION#flowable-async-job-executor-thread-383#
[StartContentDeployStep] Checking status of module content deployment "ai_cap-app-deployer" in service "ai_cap-html5-repo-host"...#
#2026 07 26 14:31:50.036#Z#DEBUG#a94a10ac-88fe-11f1-b49e-eeee0a804d2e.OPERATION#flowable-async-job-executor-thread-383#
[StartContentDeployStep] Deleting content deployment resource "aca1d517-b68e-4813-bf9e-c72d5ea501c0"...#
#2026 07 26 14:31:50.059#Z#DEBUG#a94a10ac-88fe-11f1-b49e-eeee0a804d2e.OPERATION#flowable-async-job-executor-thread-383#
Step "Start Content Deploy" finished#
#2026 07 26 14:31:50.361#Z#DEBUG#a94a10ac-88fe-11f1-b49e-eeee0a804d2e.OPERATION#flowable-async-job-executor-thread-5219#
[DetermineVcapServicesPropertiesChangedStep] Executing task "determineVcapServicesPropertiesChangedTask" of process "bd3d5583-88fe-11f1-b49e-eeee0a804d2e"...#
#2026 07 26 14:31:50.362#Z#DEBUG#a94a10ac-88fe-11f1-b49e-eeee0a804d2e.OPERATION#flowable-async-job-executor-thread-5219#
[DetermineVcapServicesPropertiesChangedStep] VCAP_SERVICES properties for application "ai_cap" changed: true#
#2026 07 26 14:31:50.362#Z#DEBUG#a94a10ac-88fe-11f1-b49e-eeee0a804d2e.OPERATION#flowable-async-job-executor-thread-5219#
Step "Determine vcap services properties changed" finished#
#2026 07 26 14:31:50.390#Z#DEBUG#a94a10ac-88fe-11f1-b49e-eeee0a804d2e.OPERATION#flowable-async-job-executor-thread-5220#
[UploadAppStep] Executing task "uploadAppTask" of process "bd3d5583-88fe-11f1-b49e-eeee0a804d2e"...#
#2026 07 26 14:31:50.391#Z#DEBUG#a94a10ac-88fe-11f1-b49e-eeee0a804d2e.OPERATION#flowable-async-job-executor-thread-5220#
[UploadAppStep] Application upload timeout is default one: 3,600 seconds#
#2026 07 26 14:31:50.391#Z#INFO#a94a10ac-88fe-11f1-b49e-eeee0a804d2e.OPERATION#flowable-async-job-executor-thread-5220#
[UploadAppStep] Uploading application "ai_cap"...#
#2026 07 26 14:31:50.396#Z#DEBUG#a94a10ac-88fe-11f1-b49e-eeee0a804d2e.OPERATION#flowable-async-job-executor-thread-5220#
[UploadAppStep] Getting application "ai_cap"...#
#2026 07 26 14:31:50.427#Z#DEBUG#a94a10ac-88fe-11f1-b49e-eeee0a804d2e.OPERATION#flowable-async-job-executor-thread-5220#
[UploadAppStep] Getting environment of application "7660856f-8cbb-42ff-826b-d11e3bb26138"...#
#2026 07 26 14:31:50.465#Z#INFO#a94a10ac-88fe-11f1-b49e-eeee0a804d2e.OPERATION#flowable-async-job-executor-thread-5220#
[UploadAppStep] Calculating application digest: "ai_cap"#
#2026 07 26 14:31:50.496#Z#DEBUG#a94a10ac-88fe-11f1-b49e-eeee0a804d2e.OPERATION#flowable-async-job-executor-thread-5220#
Step "Upload App" finished#
#2026 07 26 14:31:49.744#Z#DEBUG#a94a10ac-88fe-11f1-b49e-eeee0a804d2e.OPERATION#flowable-async-job-executor-thread-386#
[UploadAppStep] Executing task "uploadAppTask" of process "b7df479d-88fe-11f1-b49e-eeee0a804d2e"...#
#2026 07 26 14:31:49.746#Z#DEBUG#a94a10ac-88fe-11f1-b49e-eeee0a804d2e.OPERATION#flowable-async-job-executor-thread-386#
[UploadAppStep] Application upload timeout is default one: 3,600 seconds#
#2026 07 26 14:31:49.749#Z#DEBUG#a94a10ac-88fe-11f1-b49e-eeee0a804d2e.OPERATION#pool-21-thread-6#
[UploadAppStep] Upload of application: ai_cap-srv started on instance: 2#
#2026 07 26 14:31:49.749#Z#DEBUG#a94a10ac-88fe-11f1-b49e-eeee0a804d2e.OPERATION#pool-21-thread-6#
[UploadAppStep] Uploading file "ai_cap-srv/data.zip" for application "ai_cap-srv"#
#2026 07 26 14:31:49.978#Z#INFO#a94a10ac-88fe-11f1-b49e-eeee0a804d2e.OPERATION#pool-21-thread-6#
[UploadAppStep] Time elapsed for app binary download: 228 in millis#
#2026 07 26 14:31:49.978#Z#INFO#a94a10ac-88fe-11f1-b49e-eeee0a804d2e.OPERATION#pool-21-thread-6#
[UploadAppStep] Size of app ai_cap-srv is 24,448,158 bytes#
#2026 07 26 14:31:49.978#Z#DEBUG#a94a10ac-88fe-11f1-b49e-eeee0a804d2e.OPERATION#pool-21-thread-6#
[UploadAppStep] Asynchronously uploading binaries for application "ai_cap-srv"...#
#2026 07 26 14:31:50.324#Z#INFO#a94a10ac-88fe-11f1-b49e-eeee0a804d2e.OPERATION#pool-21-thread-6#
[UploadAppStep] Started async upload of application "ai_cap-srv"#
#2026 07 26 14:31:50.330#Z#INFO#a94a10ac-88fe-11f1-b49e-eeee0a804d2e.OPERATION#flowable-async-job-executor-thread-386#
[UploadAppStep] Time elapsed for upload: 583 in millis#
#2026 07 26 14:31:50.330#Z#DEBUG#a94a10ac-88fe-11f1-b49e-eeee0a804d2e.OPERATION#flowable-async-job-executor-thread-386#
[UploadAppStep] Getting application "ai_cap-srv"...#
#2026 07 26 14:31:50.349#Z#DEBUG#a94a10ac-88fe-11f1-b49e-eeee0a804d2e.OPERATION#App upload monitor: 05168038-07f7-412c-a429-4c5ae694847d#
[UploadAppStep] Upload status: PROCESSING_UPLOAD#
#2026 07 26 14:31:50.378#Z#DEBUG#a94a10ac-88fe-11f1-b49e-eeee0a804d2e.OPERATION#flowable-async-job-executor-thread-386#
[UploadAppStep] Getting environment of application "8367713d-94ff-4437-9d72-8eecd6aef2d0"...#
#2026 07 26 14:31:50.417#Z#DEBUG#a94a10ac-88fe-11f1-b49e-eeee0a804d2e.OPERATION#flowable-async-job-executor-thread-386#
[UploadAppStep] Updating environment of application "ai_cap-srv"#
#2026 07 26 14:31:50.496#Z#DEBUG#a94a10ac-88fe-11f1-b49e-eeee0a804d2e.OPERATION#flowable-async-job-executor-thread-386#
Step "Upload App" finished#
#2026 07 26 14:31:55.374#Z#DEBUG#a94a10ac-88fe-11f1-b49e-eeee0a804d2e.OPERATION#App upload monitor: 05168038-07f7-412c-a429-4c5ae694847d#
[UploadAppStep] Upload status: PROCESSING_UPLOAD#
#2026 07 26 14:31:59.771#Z#DEBUG#a94a10ac-88fe-11f1-b49e-eeee0a804d2e.OPERATION#flowable-async-job-executor-thread-391#
[UploadAppStep] Executing task "uploadAppTask" of process "b7df479d-88fe-11f1-b49e-eeee0a804d2e"...#
#2026 07 26 14:31:59.773#Z#DEBUG#a94a10ac-88fe-11f1-b49e-eeee0a804d2e.OPERATION#flowable-async-job-executor-thread-391#
[UploadAppStep] Application upload timeout is default one: 3,600 seconds#
#2026 07 26 14:31:59.774#Z#DEBUG#a94a10ac-88fe-11f1-b49e-eeee0a804d2e.OPERATION#flowable-async-job-executor-thread-391#
[UploadAppStep] Checking upload status of application "ai_cap-srv"...#
#2026 07 26 14:31:59.775#Z#DEBUG#a94a10ac-88fe-11f1-b49e-eeee0a804d2e.OPERATION#flowable-async-job-executor-thread-391#
[UploadAppStep] Getting package "05168038-07f7-412c-a429-4c5ae694847d"...#
#2026 07 26 14:31:59.807#Z#DEBUG#a94a10ac-88fe-11f1-b49e-eeee0a804d2e.OPERATION#flowable-async-job-executor-thread-391#
Step "Upload App" finished#
#2026 07 26 14:31:59.804#Z#DEBUG#a94a10ac-88fe-11f1-b49e-eeee0a804d2e.OPERATION#flowable-async-job-executor-thread-1604#
[UploadAppStep] Executing task "uploadAppTask" of process "bd3d5583-88fe-11f1-b49e-eeee0a804d2e"...#
#2026 07 26 14:31:59.807#Z#DEBUG#a94a10ac-88fe-11f1-b49e-eeee0a804d2e.OPERATION#flowable-async-job-executor-thread-1604#
[UploadAppStep] Application upload timeout is default one: 3,600 seconds#
#2026 07 26 14:31:59.811#Z#DEBUG#a94a10ac-88fe-11f1-b49e-eeee0a804d2e.OPERATION#pool-21-thread-5#
[UploadAppStep] Upload of application: ai_cap started on instance: 0#
#2026 07 26 14:31:59.811#Z#DEBUG#a94a10ac-88fe-11f1-b49e-eeee0a804d2e.OPERATION#pool-21-thread-5#
[UploadAppStep] Uploading file "ai_cap/data.zip" for application "ai_cap"#
#2026 07 26 14:31:59.840#Z#INFO#a94a10ac-88fe-11f1-b49e-eeee0a804d2e.OPERATION#pool-21-thread-5#
[UploadAppStep] Time elapsed for app binary download: 28 in millis#
#2026 07 26 14:31:59.840#Z#INFO#a94a10ac-88fe-11f1-b49e-eeee0a804d2e.OPERATION#pool-21-thread-5#
[UploadAppStep] Size of app ai_cap is 1,203 bytes#
#2026 07 26 14:31:59.840#Z#DEBUG#a94a10ac-88fe-11f1-b49e-eeee0a804d2e.OPERATION#pool-21-thread-5#
[UploadAppStep] Asynchronously uploading binaries for application "ai_cap"...#
#2026 07 26 14:32:00.048#Z#INFO#a94a10ac-88fe-11f1-b49e-eeee0a804d2e.OPERATION#pool-21-thread-5#
[UploadAppStep] Started async upload of application "ai_cap"#
#2026 07 26 14:32:00.056#Z#INFO#a94a10ac-88fe-11f1-b49e-eeee0a804d2e.OPERATION#flowable-async-job-executor-thread-1604#
[UploadAppStep] Time elapsed for upload: 247 in millis#
#2026 07 26 14:32:00.056#Z#DEBUG#a94a10ac-88fe-11f1-b49e-eeee0a804d2e.OPERATION#flowable-async-job-executor-thread-1604#
[UploadAppStep] Getting application "ai_cap"...#
#2026 07 26 14:32:00.088#Z#DEBUG#a94a10ac-88fe-11f1-b49e-eeee0a804d2e.OPERATION#App upload monitor: 08927139-575e-4c22-8778-96c5e21ece0a#
[UploadAppStep] Upload status: PROCESSING_UPLOAD#
#2026 07 26 14:32:00.111#Z#DEBUG#a94a10ac-88fe-11f1-b49e-eeee0a804d2e.OPERATION#flowable-async-job-executor-thread-1604#
[UploadAppStep] Getting environment of application "7660856f-8cbb-42ff-826b-d11e3bb26138"...#
#2026 07 26 14:32:00.155#Z#DEBUG#a94a10ac-88fe-11f1-b49e-eeee0a804d2e.OPERATION#flowable-async-job-executor-thread-1604#
[UploadAppStep] Updating environment of application "ai_cap"#
#2026 07 26 14:32:00.272#Z#DEBUG#a94a10ac-88fe-11f1-b49e-eeee0a804d2e.OPERATION#flowable-async-job-executor-thread-1604#
Step "Upload App" finished#
#2026 07 26 14:32:05.127#Z#DEBUG#a94a10ac-88fe-11f1-b49e-eeee0a804d2e.OPERATION#App upload monitor: 08927139-575e-4c22-8778-96c5e21ece0a#
[UploadAppStep] Upload status: READY#
#2026 07 26 14:32:00.415#Z#DEBUG#a94a10ac-88fe-11f1-b49e-eeee0a804d2e.OPERATION#App upload monitor: 05168038-07f7-412c-a429-4c5ae694847d#
[UploadAppStep] Upload status: PROCESSING_UPLOAD#
#2026 07 26 14:32:05.443#Z#DEBUG#a94a10ac-88fe-11f1-b49e-eeee0a804d2e.OPERATION#App upload monitor: 05168038-07f7-412c-a429-4c5ae694847d#
[UploadAppStep] Upload status: READY#
#2026 07 26 14:32:09.784#Z#DEBUG#a94a10ac-88fe-11f1-b49e-eeee0a804d2e.OPERATION#flowable-async-job-executor-thread-5222#
[UploadAppStep] Executing task "uploadAppTask" of process "b7df479d-88fe-11f1-b49e-eeee0a804d2e"...#
#2026 07 26 14:32:09.785#Z#DEBUG#a94a10ac-88fe-11f1-b49e-eeee0a804d2e.OPERATION#flowable-async-job-executor-thread-5222#
[UploadAppStep] Application upload timeout is default one: 3,600 seconds#
#2026 07 26 14:32:09.786#Z#DEBUG#a94a10ac-88fe-11f1-b49e-eeee0a804d2e.OPERATION#flowable-async-job-executor-thread-5222#
[UploadAppStep] Checking upload status of application "ai_cap-srv"...#
#2026 07 26 14:32:09.786#Z#DEBUG#a94a10ac-88fe-11f1-b49e-eeee0a804d2e.OPERATION#flowable-async-job-executor-thread-5222#
[UploadAppStep] Getting package "05168038-07f7-412c-a429-4c5ae694847d"...#
#2026 07 26 14:32:09.820#Z#DEBUG#a94a10ac-88fe-11f1-b49e-eeee0a804d2e.OPERATION#flowable-async-job-executor-thread-5222#
[UploadAppStep] Application "ai_cap-srv" uploaded#
#2026 07 26 14:32:09.820#Z#DEBUG#a94a10ac-88fe-11f1-b49e-eeee0a804d2e.OPERATION#flowable-async-job-executor-thread-5222#
Step "Upload App" finished#
#2026 07 26 14:32:09.853#Z#DEBUG#a94a10ac-88fe-11f1-b49e-eeee0a804d2e.OPERATION#flowable-async-job-executor-thread-5223#
[ScaleAppStep] Executing task "scaleAppTask" of process "b7df479d-88fe-11f1-b49e-eeee0a804d2e"...#
#2026 07 26 14:32:09.854#Z#DEBUG#a94a10ac-88fe-11f1-b49e-eeee0a804d2e.OPERATION#flowable-async-job-executor-thread-5223#
[ScaleAppStep] Scaling application "ai_cap-srv"...#
#2026 07 26 14:32:09.854#Z#DEBUG#a94a10ac-88fe-11f1-b49e-eeee0a804d2e.OPERATION#flowable-async-job-executor-thread-5223#
[ScaleAppStep] Application "ai_cap-srv" scaled#
#2026 07 26 14:32:09.854#Z#DEBUG#a94a10ac-88fe-11f1-b49e-eeee0a804d2e.OPERATION#flowable-async-job-executor-thread-5223#
Step "Scale App" finished#
#2026 07 26 14:32:09.814#Z#DEBUG#a94a10ac-88fe-11f1-b49e-eeee0a804d2e.OPERATION#flowable-async-job-executor-thread-1606#
[UploadAppStep] Executing task "uploadAppTask" of process "bd3d5583-88fe-11f1-b49e-eeee0a804d2e"...#
#2026 07 26 14:32:09.817#Z#DEBUG#a94a10ac-88fe-11f1-b49e-eeee0a804d2e.OPERATION#flowable-async-job-executor-thread-1606#
[UploadAppStep] Application upload timeout is default one: 3,600 seconds#
#2026 07 26 14:32:09.817#Z#DEBUG#a94a10ac-88fe-11f1-b49e-eeee0a804d2e.OPERATION#flowable-async-job-executor-thread-1606#
[UploadAppStep] Checking upload status of application "ai_cap"...#
#2026 07 26 14:32:09.819#Z#DEBUG#a94a10ac-88fe-11f1-b49e-eeee0a804d2e.OPERATION#flowable-async-job-executor-thread-1606#
[UploadAppStep] Getting package "08927139-575e-4c22-8778-96c5e21ece0a"...#
#2026 07 26 14:32:09.854#Z#DEBUG#a94a10ac-88fe-11f1-b49e-eeee0a804d2e.OPERATION#flowable-async-job-executor-thread-1606#
[UploadAppStep] Application "ai_cap" uploaded#
#2026 07 26 14:32:09.856#Z#DEBUG#a94a10ac-88fe-11f1-b49e-eeee0a804d2e.OPERATION#flowable-async-job-executor-thread-1606#
Step "Upload App" finished#
#2026 07 26 14:32:09.904#Z#DEBUG#a94a10ac-88fe-11f1-b49e-eeee0a804d2e.OPERATION#flowable-async-job-executor-thread-1607#
[ScaleAppStep] Executing task "scaleAppTask" of process "bd3d5583-88fe-11f1-b49e-eeee0a804d2e"...#
#2026 07 26 14:32:09.907#Z#DEBUG#a94a10ac-88fe-11f1-b49e-eeee0a804d2e.OPERATION#flowable-async-job-executor-thread-1607#
[ScaleAppStep] Scaling application "ai_cap"...#
#2026 07 26 14:32:09.907#Z#DEBUG#a94a10ac-88fe-11f1-b49e-eeee0a804d2e.OPERATION#flowable-async-job-executor-thread-1607#
[ScaleAppStep] Application "ai_cap" scaled#
#2026 07 26 14:32:09.907#Z#DEBUG#a94a10ac-88fe-11f1-b49e-eeee0a804d2e.OPERATION#flowable-async-job-executor-thread-1607#
Step "Scale App" finished#
#2026 07 26 14:32:09.877#Z#DEBUG#a94a10ac-88fe-11f1-b49e-eeee0a804d2e.OPERATION#flowable-async-job-executor-thread-5224#
[DetermineDesiredStateAchievingActionsStep] Executing task "determineDesiredStateAchievingActionsTask" of process "b7df479d-88fe-11f1-b49e-eeee0a804d2e"...#
#2026 07 26 14:32:09.878#Z#DEBUG#a94a10ac-88fe-11f1-b49e-eeee0a804d2e.OPERATION#flowable-async-job-executor-thread-5224#
[DetermineDesiredStateAchievingActionsStep] Getting application "ai_cap-srv"...#
#2026 07 26 14:32:09.914#Z#DEBUG#a94a10ac-88fe-11f1-b49e-eeee0a804d2e.OPERATION#flowable-async-job-executor-thread-5224#
[DetermineDesiredStateAchievingActionsStep] Getting instances for application "ai_cap-srv"...#
#2026 07 26 14:32:09.914#Z#DEBUG#a94a10ac-88fe-11f1-b49e-eeee0a804d2e.OPERATION#flowable-async-job-executor-thread-5224#
[DetermineDesiredStateAchievingActionsStep] Getting environment of application "8367713d-94ff-4437-9d72-8eecd6aef2d0"...#
#2026 07 26 14:32:09.956#Z#DEBUG#a94a10ac-88fe-11f1-b49e-eeee0a804d2e.OPERATION#flowable-async-job-executor-thread-5224#
[DetermineDesiredStateAchievingActionsStep] Current state of application ai_cap-srv: STOPPED#
#2026 07 26 14:32:09.956#Z#DEBUG#a94a10ac-88fe-11f1-b49e-eeee0a804d2e.OPERATION#flowable-async-job-executor-thread-5224#
[DetermineDesiredStateAchievingActionsStep] Desired state of application ai_cap-srv: STARTED#
#2026 07 26 14:32:09.956#Z#DEBUG#a94a10ac-88fe-11f1-b49e-eeee0a804d2e.OPERATION#flowable-async-job-executor-thread-5224#
[DetermineDesiredStateAchievingActionsStep] Actions that should be executed on application ai_cap-srv: [STAGE, START]#
#2026 07 26 14:32:09.956#Z#DEBUG#a94a10ac-88fe-11f1-b49e-eeee0a804d2e.OPERATION#flowable-async-job-executor-thread-5224#
Step "Determine Desired State Achieving Actions" finished#
#2026 07 26 14:32:09.948#Z#DEBUG#a94a10ac-88fe-11f1-b49e-eeee0a804d2e.OPERATION#flowable-async-job-executor-thread-1608#
[DetermineDesiredStateAchievingActionsStep] Executing task "determineDesiredStateAchievingActionsTask" of process "bd3d5583-88fe-11f1-b49e-eeee0a804d2e"...#
#2026 07 26 14:32:09.951#Z#DEBUG#a94a10ac-88fe-11f1-b49e-eeee0a804d2e.OPERATION#flowable-async-job-executor-thread-1608#
[DetermineDesiredStateAchievingActionsStep] Getting application "ai_cap"...#
#2026 07 26 14:32:09.990#Z#DEBUG#a94a10ac-88fe-11f1-b49e-eeee0a804d2e.OPERATION#flowable-async-job-executor-thread-1608#
[DetermineDesiredStateAchievingActionsStep] Getting instances for application "ai_cap"...#
#2026 07 26 14:32:09.991#Z#DEBUG#a94a10ac-88fe-11f1-b49e-eeee0a804d2e.OPERATION#flowable-async-job-executor-thread-1608#
[DetermineDesiredStateAchievingActionsStep] Getting environment of application "7660856f-8cbb-42ff-826b-d11e3bb26138"...#
#2026 07 26 14:32:10.056#Z#DEBUG#a94a10ac-88fe-11f1-b49e-eeee0a804d2e.OPERATION#flowable-async-job-executor-thread-1608#
[DetermineDesiredStateAchievingActionsStep] Current state of application ai_cap: STOPPED#
#2026 07 26 14:32:10.057#Z#DEBUG#a94a10ac-88fe-11f1-b49e-eeee0a804d2e.OPERATION#flowable-async-job-executor-thread-1608#
[DetermineDesiredStateAchievingActionsStep] Desired state of application ai_cap: STARTED#
#2026 07 26 14:32:10.057#Z#DEBUG#a94a10ac-88fe-11f1-b49e-eeee0a804d2e.OPERATION#flowable-async-job-executor-thread-1608#
[DetermineDesiredStateAchievingActionsStep] Actions that should be executed on application ai_cap: [STAGE, START]#
#2026 07 26 14:32:10.057#Z#DEBUG#a94a10ac-88fe-11f1-b49e-eeee0a804d2e.OPERATION#flowable-async-job-executor-thread-1608#
Step "Determine Desired State Achieving Actions" finished#
#2026 07 26 14:32:09.989#Z#DEBUG#a94a10ac-88fe-11f1-b49e-eeee0a804d2e.OPERATION#flowable-async-job-executor-thread-5225#
[StageAppStep] Executing task "stageAppTask" of process "b7df479d-88fe-11f1-b49e-eeee0a804d2e"...#
#2026 07 26 14:32:09.990#Z#DEBUG#a94a10ac-88fe-11f1-b49e-eeee0a804d2e.OPERATION#flowable-async-job-executor-thread-5225#
[StageAppStep] Application stage timeout is default one: 3,600 seconds#
#2026 07 26 14:32:09.993#Z#INFO#a94a10ac-88fe-11f1-b49e-eeee0a804d2e.OPERATION#flowable-async-job-executor-thread-5225#
[StageAppStep] Staging application "ai_cap-srv"...#
#2026 07 26 14:32:09.997#Z#DEBUG#a94a10ac-88fe-11f1-b49e-eeee0a804d2e.OPERATION#flowable-async-job-executor-thread-5225#
[StageAppStep] Creating build for package "05168038-07f7-412c-a429-4c5ae694847d"...#
#2026 07 26 14:32:10.341#Z#DEBUG#a94a10ac-88fe-11f1-b49e-eeee0a804d2e.OPERATION#flowable-async-job-executor-thread-5225#
Step "Stage App" finished#
#2026 07 26 14:32:10.109#Z#DEBUG#a94a10ac-88fe-11f1-b49e-eeee0a804d2e.OPERATION#flowable-async-job-executor-thread-1609#
[StageAppStep] Executing task "stageAppTask" of process "bd3d5583-88fe-11f1-b49e-eeee0a804d2e"...#
#2026 07 26 14:32:10.112#Z#DEBUG#a94a10ac-88fe-11f1-b49e-eeee0a804d2e.OPERATION#flowable-async-job-executor-thread-1609#
[StageAppStep] Application stage timeout is default one: 3,600 seconds#
#2026 07 26 14:32:10.115#Z#INFO#a94a10ac-88fe-11f1-b49e-eeee0a804d2e.OPERATION#flowable-async-job-executor-thread-1609#
[StageAppStep] Staging application "ai_cap"...#
#2026 07 26 14:32:10.122#Z#DEBUG#a94a10ac-88fe-11f1-b49e-eeee0a804d2e.OPERATION#flowable-async-job-executor-thread-1609#
[StageAppStep] Creating build for package "08927139-575e-4c22-8778-96c5e21ece0a"...#
#2026 07 26 14:32:11.327#Z#DEBUG#a94a10ac-88fe-11f1-b49e-eeee0a804d2e.OPERATION#flowable-async-job-executor-thread-1609#
Step "Stage App" finished#
#2026 07 26 14:32:19.805#Z#DEBUG#a94a10ac-88fe-11f1-b49e-eeee0a804d2e.OPERATION#flowable-async-job-executor-thread-394#
[StageAppStep] Executing task "stageAppTask" of process "b7df479d-88fe-11f1-b49e-eeee0a804d2e"...#
#2026 07 26 14:32:19.806#Z#DEBUG#a94a10ac-88fe-11f1-b49e-eeee0a804d2e.OPERATION#flowable-async-job-executor-thread-395#
[StageAppStep] Executing task "stageAppTask" of process "bd3d5583-88fe-11f1-b49e-eeee0a804d2e"...#
#2026 07 26 14:32:19.808#Z#DEBUG#a94a10ac-88fe-11f1-b49e-eeee0a804d2e.OPERATION#flowable-async-job-executor-thread-394#
[StageAppStep] Application stage timeout is default one: 3,600 seconds#
#2026 07 26 14:32:19.808#Z#DEBUG#a94a10ac-88fe-11f1-b49e-eeee0a804d2e.OPERATION#flowable-async-job-executor-thread-395#
[StageAppStep] Application stage timeout is default one: 3,600 seconds#
#2026 07 26 14:32:19.809#Z#DEBUG#a94a10ac-88fe-11f1-b49e-eeee0a804d2e.OPERATION#flowable-async-job-executor-thread-394#
[StageAppStep] Checking status of application "ai_cap-srv"...#
#2026 07 26 14:32:19.809#Z#DEBUG#a94a10ac-88fe-11f1-b49e-eeee0a804d2e.OPERATION#flowable-async-job-executor-thread-394#
[StageAppStep] Getting build "ddcdf57c-405b-4d82-b6a5-cfd4b14a078f"...#
#2026 07 26 14:32:19.809#Z#DEBUG#a94a10ac-88fe-11f1-b49e-eeee0a804d2e.OPERATION#flowable-async-job-executor-thread-395#
[StageAppStep] Checking status of application "ai_cap"...#
#2026 07 26 14:32:19.809#Z#DEBUG#a94a10ac-88fe-11f1-b49e-eeee0a804d2e.OPERATION#flowable-async-job-executor-thread-395#
[StageAppStep] Getting build "5234bd47-d189-4207-87ae-91a2ddf0a846"...#
#2026 07 26 14:32:19.841#Z#DEBUG#a94a10ac-88fe-11f1-b49e-eeee0a804d2e.OPERATION#flowable-async-job-executor-thread-395#
[StageAppStep] Staging status of application "ai_cap": PENDING#
#2026 07 26 14:32:19.847#Z#DEBUG#a94a10ac-88fe-11f1-b49e-eeee0a804d2e.OPERATION#flowable-async-job-executor-thread-395#
[StageAppStep] Getting application guid "ai_cap"...#
#2026 07 26 14:32:19.848#Z#DEBUG#a94a10ac-88fe-11f1-b49e-eeee0a804d2e.OPERATION#flowable-async-job-executor-thread-394#
[StageAppStep] Staging status of application "ai_cap-srv": PENDING#
#2026 07 26 14:32:19.849#Z#DEBUG#a94a10ac-88fe-11f1-b49e-eeee0a804d2e.OPERATION#flowable-async-job-executor-thread-394#
[StageAppStep] Getting application guid "ai_cap-srv"...#
#2026 07 26 14:32:19.935#Z#DEBUG#a94a10ac-88fe-11f1-b49e-eeee0a804d2e.OPERATION#flowable-async-job-executor-thread-395#
Step "Stage App" finished#
#2026 07 26 14:32:19.936#Z#DEBUG#a94a10ac-88fe-11f1-b49e-eeee0a804d2e.OPERATION#flowable-async-job-executor-thread-394#
Step "Stage App" finished#
#2026 07 26 14:32:29.813#Z#DEBUG#a94a10ac-88fe-11f1-b49e-eeee0a804d2e.OPERATION#flowable-async-job-executor-thread-398#
[StageAppStep] Executing task "stageAppTask" of process "bd3d5583-88fe-11f1-b49e-eeee0a804d2e"...#
#2026 07 26 14:32:29.814#Z#DEBUG#a94a10ac-88fe-11f1-b49e-eeee0a804d2e.OPERATION#flowable-async-job-executor-thread-399#
[StageAppStep] Executing task "stageAppTask" of process "b7df479d-88fe-11f1-b49e-eeee0a804d2e"...#
#2026 07 26 14:32:29.815#Z#DEBUG#a94a10ac-88fe-11f1-b49e-eeee0a804d2e.OPERATION#flowable-async-job-executor-thread-398#
[StageAppStep] Application stage timeout is default one: 3,600 seconds#
#2026 07 26 14:32:29.816#Z#DEBUG#a94a10ac-88fe-11f1-b49e-eeee0a804d2e.OPERATION#flowable-async-job-executor-thread-398#
[StageAppStep] Checking status of application "ai_cap"...#
#2026 07 26 14:32:29.816#Z#DEBUG#a94a10ac-88fe-11f1-b49e-eeee0a804d2e.OPERATION#flowable-async-job-executor-thread-398#
[StageAppStep] Getting build "5234bd47-d189-4207-87ae-91a2ddf0a846"...#
#2026 07 26 14:32:29.816#Z#DEBUG#a94a10ac-88fe-11f1-b49e-eeee0a804d2e.OPERATION#flowable-async-job-executor-thread-399#
[StageAppStep] Application stage timeout is default one: 3,600 seconds#
#2026 07 26 14:32:29.817#Z#DEBUG#a94a10ac-88fe-11f1-b49e-eeee0a804d2e.OPERATION#flowable-async-job-executor-thread-399#
[StageAppStep] Checking status of application "ai_cap-srv"...#
#2026 07 26 14:32:29.817#Z#DEBUG#a94a10ac-88fe-11f1-b49e-eeee0a804d2e.OPERATION#flowable-async-job-executor-thread-399#
[StageAppStep] Getting build "ddcdf57c-405b-4d82-b6a5-cfd4b14a078f"...#
#2026 07 26 14:32:29.850#Z#DEBUG#a94a10ac-88fe-11f1-b49e-eeee0a804d2e.OPERATION#flowable-async-job-executor-thread-399#
[StageAppStep] Staging status of application "ai_cap-srv": PENDING#
#2026 07 26 14:32:29.852#Z#DEBUG#a94a10ac-88fe-11f1-b49e-eeee0a804d2e.OPERATION#flowable-async-job-executor-thread-399#
[StageAppStep] Getting application guid "ai_cap-srv"...#
#2026 07 26 14:32:29.853#Z#DEBUG#a94a10ac-88fe-11f1-b49e-eeee0a804d2e.OPERATION#flowable-async-job-executor-thread-398#
[StageAppStep] Staging status of application "ai_cap": PENDING#
#2026 07 26 14:32:29.854#Z#DEBUG#a94a10ac-88fe-11f1-b49e-eeee0a804d2e.OPERATION#flowable-async-job-executor-thread-398#
[StageAppStep] Getting application guid "ai_cap"...#
#2026 07 26 14:32:29.911#Z#DEBUG#a94a10ac-88fe-11f1-b49e-eeee0a804d2e.OPERATION#flowable-async-job-executor-thread-399#
Step "Stage App" finished#
#2026 07 26 14:32:29.951#Z#DEBUG#a94a10ac-88fe-11f1-b49e-eeee0a804d2e.OPERATION#flowable-async-job-executor-thread-398#
Step "Stage App" finished#
#2026 07 26 14:32:39.827#Z#DEBUG#a94a10ac-88fe-11f1-b49e-eeee0a804d2e.OPERATION#flowable-async-job-executor-thread-401#
[StageAppStep] Executing task "stageAppTask" of process "b7df479d-88fe-11f1-b49e-eeee0a804d2e"...#
#2026 07 26 14:32:39.829#Z#DEBUG#a94a10ac-88fe-11f1-b49e-eeee0a804d2e.OPERATION#flowable-async-job-executor-thread-401#
[StageAppStep] Application stage timeout is default one: 3,600 seconds#
#2026 07 26 14:32:39.830#Z#DEBUG#a94a10ac-88fe-11f1-b49e-eeee0a804d2e.OPERATION#flowable-async-job-executor-thread-401#
[StageAppStep] Checking status of application "ai_cap-srv"...#
#2026 07 26 14:32:39.830#Z#DEBUG#a94a10ac-88fe-11f1-b49e-eeee0a804d2e.OPERATION#flowable-async-job-executor-thread-401#
[StageAppStep] Getting build "ddcdf57c-405b-4d82-b6a5-cfd4b14a078f"...#
#2026 07 26 14:32:39.867#Z#DEBUG#a94a10ac-88fe-11f1-b49e-eeee0a804d2e.OPERATION#flowable-async-job-executor-thread-401#
[StageAppStep] Staging status of application "ai_cap-srv": PENDING#
#2026 07 26 14:32:39.870#Z#DEBUG#a94a10ac-88fe-11f1-b49e-eeee0a804d2e.OPERATION#flowable-async-job-executor-thread-401#
[StageAppStep] Getting application guid "ai_cap-srv"...#
#2026 07 26 14:32:39.958#Z#DEBUG#a94a10ac-88fe-11f1-b49e-eeee0a804d2e.OPERATION#flowable-async-job-executor-thread-401#
Step "Stage App" finished#
#2026 07 26 14:32:39.827#Z#DEBUG#a94a10ac-88fe-11f1-b49e-eeee0a804d2e.OPERATION#flowable-async-job-executor-thread-5227#
[StageAppStep] Executing task "stageAppTask" of process "bd3d5583-88fe-11f1-b49e-eeee0a804d2e"...#
#2026 07 26 14:32:39.829#Z#DEBUG#a94a10ac-88fe-11f1-b49e-eeee0a804d2e.OPERATION#flowable-async-job-executor-thread-5227#
[StageAppStep] Application stage timeout is default one: 3,600 seconds#
#2026 07 26 14:32:39.829#Z#DEBUG#a94a10ac-88fe-11f1-b49e-eeee0a804d2e.OPERATION#flowable-async-job-executor-thread-5227#
[StageAppStep] Checking status of application "ai_cap"...#
#2026 07 26 14:32:39.829#Z#DEBUG#a94a10ac-88fe-11f1-b49e-eeee0a804d2e.OPERATION#flowable-async-job-executor-thread-5227#
[StageAppStep] Getting build "5234bd47-d189-4207-87ae-91a2ddf0a846"...#
#2026 07 26 14:32:39.872#Z#DEBUG#a94a10ac-88fe-11f1-b49e-eeee0a804d2e.OPERATION#flowable-async-job-executor-thread-5227#
[StageAppStep] Staging status of application "ai_cap": PENDING#
#2026 07 26 14:32:39.875#Z#DEBUG#a94a10ac-88fe-11f1-b49e-eeee0a804d2e.OPERATION#flowable-async-job-executor-thread-5227#
[StageAppStep] Getting application guid "ai_cap"...#
#2026 07 26 14:32:39.972#Z#DEBUG#a94a10ac-88fe-11f1-b49e-eeee0a804d2e.OPERATION#flowable-async-job-executor-thread-5227#
Step "Stage App" finished#
#2026 07 26 14:32:49.835#Z#DEBUG#a94a10ac-88fe-11f1-b49e-eeee0a804d2e.OPERATION#flowable-async-job-executor-thread-5230#
[StageAppStep] Executing task "stageAppTask" of process "bd3d5583-88fe-11f1-b49e-eeee0a804d2e"...#
#2026 07 26 14:32:49.836#Z#DEBUG#a94a10ac-88fe-11f1-b49e-eeee0a804d2e.OPERATION#flowable-async-job-executor-thread-5230#
[StageAppStep] Application stage timeout is default one: 3,600 seconds#
#2026 07 26 14:32:49.837#Z#DEBUG#a94a10ac-88fe-11f1-b49e-eeee0a804d2e.OPERATION#flowable-async-job-executor-thread-5230#
[StageAppStep] Checking status of application "ai_cap"...#
#2026 07 26 14:32:49.837#Z#DEBUG#a94a10ac-88fe-11f1-b49e-eeee0a804d2e.OPERATION#flowable-async-job-executor-thread-5230#
[StageAppStep] Getting build "5234bd47-d189-4207-87ae-91a2ddf0a846"...#
#2026 07 26 14:32:49.843#Z#DEBUG#a94a10ac-88fe-11f1-b49e-eeee0a804d2e.OPERATION#flowable-async-job-executor-thread-5231#
[StageAppStep] Executing task "stageAppTask" of process "b7df479d-88fe-11f1-b49e-eeee0a804d2e"...#
#2026 07 26 14:32:49.845#Z#DEBUG#a94a10ac-88fe-11f1-b49e-eeee0a804d2e.OPERATION#flowable-async-job-executor-thread-5231#
[StageAppStep] Application stage timeout is default one: 3,600 seconds#
#2026 07 26 14:32:49.846#Z#DEBUG#a94a10ac-88fe-11f1-b49e-eeee0a804d2e.OPERATION#flowable-async-job-executor-thread-5231#
[StageAppStep] Checking status of application "ai_cap-srv"...#
#2026 07 26 14:32:49.846#Z#DEBUG#a94a10ac-88fe-11f1-b49e-eeee0a804d2e.OPERATION#flowable-async-job-executor-thread-5231#
[StageAppStep] Getting build "ddcdf57c-405b-4d82-b6a5-cfd4b14a078f"...#
#2026 07 26 14:32:49.877#Z#DEBUG#a94a10ac-88fe-11f1-b49e-eeee0a804d2e.OPERATION#flowable-async-job-executor-thread-5230#
[StageAppStep] Staging status of application "ai_cap": PENDING#
#2026 07 26 14:32:49.878#Z#DEBUG#a94a10ac-88fe-11f1-b49e-eeee0a804d2e.OPERATION#flowable-async-job-executor-thread-5230#
[StageAppStep] Getting application guid "ai_cap"...#
#2026 07 26 14:32:49.883#Z#DEBUG#a94a10ac-88fe-11f1-b49e-eeee0a804d2e.OPERATION#flowable-async-job-executor-thread-5231#
[StageAppStep] Staging status of application "ai_cap-srv": STAGED#
#2026 07 26 14:32:49.884#Z#DEBUG#a94a10ac-88fe-11f1-b49e-eeee0a804d2e.OPERATION#flowable-async-job-executor-thread-5231#
[StageAppStep] Getting application guid "ai_cap-srv"...#
#2026 07 26 14:32:49.987#Z#DEBUG#a94a10ac-88fe-11f1-b49e-eeee0a804d2e.OPERATION#flowable-async-job-executor-thread-5231#
[StageAppStep] Getting build "ddcdf57c-405b-4d82-b6a5-cfd4b14a078f"...#
#2026 07 26 14:32:49.988#Z#DEBUG#a94a10ac-88fe-11f1-b49e-eeee0a804d2e.OPERATION#flowable-async-job-executor-thread-5230#
Step "Stage App" finished#
#2026 07 26 14:32:50.023#Z#DEBUG#a94a10ac-88fe-11f1-b49e-eeee0a804d2e.OPERATION#flowable-async-job-executor-thread-5231#
[StageAppStep] Binding droplet "9610a808-0c2e-4f08-a251-dd7d087ae567" to application "8367713d-94ff-4437-9d72-8eecd6aef2d0"...#
#2026 07 26 14:32:50.077#Z#INFO#a94a10ac-88fe-11f1-b49e-eeee0a804d2e.OPERATION#flowable-async-job-executor-thread-5231#
[StageAppStep] Application "ai_cap-srv" staged#
#2026 07 26 14:32:50.085#Z#DEBUG#a94a10ac-88fe-11f1-b49e-eeee0a804d2e.OPERATION#flowable-async-job-executor-thread-5231#
Step "Stage App" finished#
#2026 07 26 14:32:50.136#Z#DEBUG#a94a10ac-88fe-11f1-b49e-eeee0a804d2e.OPERATION#flowable-async-job-executor-thread-5232#
[RestartAppStep] Executing task "startAppTask" of process "b7df479d-88fe-11f1-b49e-eeee0a804d2e"...#
#2026 07 26 14:32:50.139#Z#DEBUG#a94a10ac-88fe-11f1-b49e-eeee0a804d2e.OPERATION#flowable-async-job-executor-thread-5232#
[RestartAppStep] Application start timeout is default one: 3,600 seconds#
#2026 07 26 14:32:50.140#Z#DEBUG#a94a10ac-88fe-11f1-b49e-eeee0a804d2e.OPERATION#flowable-async-job-executor-thread-5232#
[RestartAppStep] Getting application "ai_cap-srv"...#
#2026 07 26 14:32:50.174#Z#INFO#a94a10ac-88fe-11f1-b49e-eeee0a804d2e.OPERATION#flowable-async-job-executor-thread-5232#
[RestartAppStep] Starting application "ai_cap-srv"...#
#2026 07 26 14:32:50.180#Z#DEBUG#a94a10ac-88fe-11f1-b49e-eeee0a804d2e.OPERATION#flowable-async-job-executor-thread-5232#
[RestartAppStep] Starting application "ai_cap-srv"...#
#2026 07 26 14:32:50.461#Z#DEBUG#a94a10ac-88fe-11f1-b49e-eeee0a804d2e.OPERATION#flowable-async-job-executor-thread-5232#
Step "Start App" finished#
#2026 07 26 14:32:59.848#Z#DEBUG#a94a10ac-88fe-11f1-b49e-eeee0a804d2e.OPERATION#flowable-async-job-executor-thread-5235#
[StageAppStep] Executing task "stageAppTask" of process "bd3d5583-88fe-11f1-b49e-eeee0a804d2e"...#
#2026 07 26 14:32:59.850#Z#DEBUG#a94a10ac-88fe-11f1-b49e-eeee0a804d2e.OPERATION#flowable-async-job-executor-thread-5235#
[StageAppStep] Application stage timeout is default one: 3,600 seconds#
#2026 07 26 14:32:59.851#Z#DEBUG#a94a10ac-88fe-11f1-b49e-eeee0a804d2e.OPERATION#flowable-async-job-executor-thread-5235#
[StageAppStep] Checking status of application "ai_cap"...#
#2026 07 26 14:32:59.851#Z#DEBUG#a94a10ac-88fe-11f1-b49e-eeee0a804d2e.OPERATION#flowable-async-job-executor-thread-5235#
[StageAppStep] Getting build "5234bd47-d189-4207-87ae-91a2ddf0a846"...#
#2026 07 26 14:32:59.884#Z#DEBUG#a94a10ac-88fe-11f1-b49e-eeee0a804d2e.OPERATION#flowable-async-job-executor-thread-5235#
[StageAppStep] Staging status of application "ai_cap": PENDING#
#2026 07 26 14:32:59.886#Z#DEBUG#a94a10ac-88fe-11f1-b49e-eeee0a804d2e.OPERATION#flowable-async-job-executor-thread-5235#
[StageAppStep] Getting application guid "ai_cap"...#
#2026 07 26 14:32:59.996#Z#DEBUG#a94a10ac-88fe-11f1-b49e-eeee0a804d2e.OPERATION#flowable-async-job-executor-thread-5235#
Step "Stage App" finished#
#2026 07 26 14:32:59.866#Z#DEBUG#a94a10ac-88fe-11f1-b49e-eeee0a804d2e.OPERATION#flowable-async-job-executor-thread-5236#
[RestartAppStep] Executing task "startAppTask" of process "e116e20a-88fe-11f1-b49e-eeee0a804d2e"...#
#2026 07 26 14:32:59.868#Z#DEBUG#a94a10ac-88fe-11f1-b49e-eeee0a804d2e.OPERATION#flowable-async-job-executor-thread-5236#
[RestartAppStep] Application start timeout is default one: 3,600 seconds#
#2026 07 26 14:32:59.869#Z#DEBUG#a94a10ac-88fe-11f1-b49e-eeee0a804d2e.OPERATION#flowable-async-job-executor-thread-5236#
[RestartAppStep] Checking status of application "ai_cap-srv"...#
#2026 07 26 14:32:59.869#Z#DEBUG#a94a10ac-88fe-11f1-b49e-eeee0a804d2e.OPERATION#flowable-async-job-executor-thread-5236#
[RestartAppStep] Getting application "ai_cap-srv"...#
#2026 07 26 14:32:59.901#Z#DEBUG#a94a10ac-88fe-11f1-b49e-eeee0a804d2e.OPERATION#flowable-async-job-executor-thread-5236#
[RestartAppStep] Getting instances for application "ai_cap-srv"...#
#2026 07 26 14:32:59.961#Z#DEBUG#a94a10ac-88fe-11f1-b49e-eeee0a804d2e.OPERATION#flowable-async-job-executor-thread-5236#
[RestartAppStep] Application "ai_cap-srv": 1 of 1 instances running (1 running)#
#2026 07 26 14:33:00.039#Z#DEBUG#a94a10ac-88fe-11f1-b49e-eeee0a804d2e.OPERATION#flowable-async-job-executor-thread-5236#
[RestartAppStep] Getting routes for application "8367713d-94ff-4437-9d72-8eecd6aef2d0"...#
#2026 07 26 14:33:00.070#Z#INFO#a94a10ac-88fe-11f1-b49e-eeee0a804d2e.OPERATION#flowable-async-job-executor-thread-5236#
[RestartAppStep] Application "ai_cap-srv" started and available at "abeam-consulting-ltd--jt9-lfwzntz7c-y6-dev-ai-cap-srv.cfapps.ap10.hana.ondemand.com"#
#2026 07 26 14:33:00.077#Z#DEBUG#a94a10ac-88fe-11f1-b49e-eeee0a804d2e.OPERATION#flowable-async-job-executor-thread-5236#
Step "Start App" finished#
#2026 07 26 14:33:09.869#Z#DEBUG#a94a10ac-88fe-11f1-b49e-eeee0a804d2e.OPERATION#flowable-async-job-executor-thread-5240#
[RestartAppStep] Executing task "startAppTask" of process "e6d22b24-88fe-11f1-b49e-eeee0a804d2e"...#
#2026 07 26 14:33:09.871#Z#DEBUG#a94a10ac-88fe-11f1-b49e-eeee0a804d2e.OPERATION#flowable-async-job-executor-thread-5240#
[RestartAppStep] Application start timeout is default one: 3,600 seconds#
#2026 07 26 14:33:09.872#Z#DEBUG#a94a10ac-88fe-11f1-b49e-eeee0a804d2e.OPERATION#flowable-async-job-executor-thread-5240#
Step "Start App" finished#
#2026 07 26 14:33:09.943#Z#DEBUG#a94a10ac-88fe-11f1-b49e-eeee0a804d2e.OPERATION#flowable-async-job-executor-thread-5242#
[PrepareToExecuteTasksStep] Executing task "prepareToExecuteTasksTask" of process "ecadcd98-88fe-11f1-b49e-eeee0a804d2e"...#
#2026 07 26 14:33:09.945#Z#DEBUG#a94a10ac-88fe-11f1-b49e-eeee0a804d2e.OPERATION#flowable-async-job-executor-thread-5242#
Step "Prepare To Execute Tasks" finished#
#2026 07 26 14:33:09.999#Z#DEBUG#a94a10ac-88fe-11f1-b49e-eeee0a804d2e.OPERATION#flowable-async-job-executor-thread-5243#
[PublishConfigurationEntriesStep] Executing task "publishProvidedDependenciesTask" of process "eca8eb75-88fe-11f1-b49e-eeee0a804d2e"...#
#2026 07 26 14:33:09.999#Z#DEBUG#a94a10ac-88fe-11f1-b49e-eeee0a804d2e.OPERATION#flowable-async-job-executor-thread-5243#
[PublishConfigurationEntriesStep] Publishing public provided dependencies for application "ai_cap-srv"...#
#2026 07 26 14:33:10.000#Z#DEBUG#a94a10ac-88fe-11f1-b49e-eeee0a804d2e.OPERATION#flowable-async-job-executor-thread-5243#
[PublishConfigurationEntriesStep] No public provided dependencies for publishing#
#2026 07 26 14:33:10.000#Z#DEBUG#a94a10ac-88fe-11f1-b49e-eeee0a804d2e.OPERATION#flowable-async-job-executor-thread-5243#
Step "Publish Provided Dependencies" finished#
#2026 07 26 14:33:10.038#Z#DEBUG#a94a10ac-88fe-11f1-b49e-eeee0a804d2e.OPERATION#flowable-async-job-executor-thread-5244#
[CreateOrUpdateServiceBrokerStep] Executing task "createOrUpdateServiceBrokerTask" of process "eca8eb75-88fe-11f1-b49e-eeee0a804d2e"...#
#2026 07 26 14:33:10.040#Z#DEBUG#a94a10ac-88fe-11f1-b49e-eeee0a804d2e.OPERATION#flowable-async-job-executor-thread-5244#
[CreateOrUpdateServiceBrokerStep] Creating service brokers...#
#2026 07 26 14:33:10.042#Z#DEBUG#a94a10ac-88fe-11f1-b49e-eeee0a804d2e.OPERATION#flowable-async-job-executor-thread-5244#
Step "Create Or Update Service Broker " finished#
#2026 07 26 14:33:09.861#Z#DEBUG#a94a10ac-88fe-11f1-b49e-eeee0a804d2e.OPERATION#flowable-async-job-executor-thread-5239#
[StageAppStep] Executing task "stageAppTask" of process "bd3d5583-88fe-11f1-b49e-eeee0a804d2e"...#
#2026 07 26 14:33:09.862#Z#DEBUG#a94a10ac-88fe-11f1-b49e-eeee0a804d2e.OPERATION#flowable-async-job-executor-thread-5239#
[StageAppStep] Application stage timeout is default one: 3,600 seconds#
#2026 07 26 14:33:09.863#Z#DEBUG#a94a10ac-88fe-11f1-b49e-eeee0a804d2e.OPERATION#flowable-async-job-executor-thread-5239#
[StageAppStep] Checking status of application "ai_cap"...#
#2026 07 26 14:33:09.863#Z#DEBUG#a94a10ac-88fe-11f1-b49e-eeee0a804d2e.OPERATION#flowable-async-job-executor-thread-5239#
[StageAppStep] Getting build "5234bd47-d189-4207-87ae-91a2ddf0a846"...#
#2026 07 26 14:33:09.892#Z#DEBUG#a94a10ac-88fe-11f1-b49e-eeee0a804d2e.OPERATION#flowable-async-job-executor-thread-5239#
[StageAppStep] Staging status of application "ai_cap": STAGED#
#2026 07 26 14:33:09.893#Z#DEBUG#a94a10ac-88fe-11f1-b49e-eeee0a804d2e.OPERATION#flowable-async-job-executor-thread-5239#
[StageAppStep] Getting application guid "ai_cap"...#
#2026 07 26 14:33:09.991#Z#DEBUG#a94a10ac-88fe-11f1-b49e-eeee0a804d2e.OPERATION#flowable-async-job-executor-thread-5239#
[StageAppStep] Getting build "5234bd47-d189-4207-87ae-91a2ddf0a846"...#
#2026 07 26 14:33:10.042#Z#DEBUG#a94a10ac-88fe-11f1-b49e-eeee0a804d2e.OPERATION#flowable-async-job-executor-thread-5239#
[StageAppStep] Binding droplet "7a1fdc20-da86-4c2c-a53e-617fabb8442e" to application "7660856f-8cbb-42ff-826b-d11e3bb26138"...#
#2026 07 26 14:33:10.119#Z#INFO#a94a10ac-88fe-11f1-b49e-eeee0a804d2e.OPERATION#flowable-async-job-executor-thread-5239#
[StageAppStep] Application "ai_cap" staged#
#2026 07 26 14:33:10.127#Z#DEBUG#a94a10ac-88fe-11f1-b49e-eeee0a804d2e.OPERATION#flowable-async-job-executor-thread-5239#
Step "Stage App" finished#
#2026 07 26 14:33:10.162#Z#DEBUG#a94a10ac-88fe-11f1-b49e-eeee0a804d2e.OPERATION#flowable-async-job-executor-thread-5239#
[RestartAppStep] Executing task "startAppTask" of process "bd3d5583-88fe-11f1-b49e-eeee0a804d2e"...#
#2026 07 26 14:33:10.165#Z#DEBUG#a94a10ac-88fe-11f1-b49e-eeee0a804d2e.OPERATION#flowable-async-job-executor-thread-5239#
[RestartAppStep] Application start timeout is default one: 3,600 seconds#
#2026 07 26 14:33:10.167#Z#DEBUG#a94a10ac-88fe-11f1-b49e-eeee0a804d2e.OPERATION#flowable-async-job-executor-thread-5239#
[RestartAppStep] Getting application "ai_cap"...#
#2026 07 26 14:33:10.218#Z#INFO#a94a10ac-88fe-11f1-b49e-eeee0a804d2e.OPERATION#flowable-async-job-executor-thread-5239#
[RestartAppStep] Starting application "ai_cap"...#
#2026 07 26 14:33:10.225#Z#DEBUG#a94a10ac-88fe-11f1-b49e-eeee0a804d2e.OPERATION#flowable-async-job-executor-thread-5239#
[RestartAppStep] Starting application "ai_cap"...#
#2026 07 26 14:33:10.517#Z#DEBUG#a94a10ac-88fe-11f1-b49e-eeee0a804d2e.OPERATION#flowable-async-job-executor-thread-5239#
Step "Start App" finished#
#2026 07 26 14:33:19.881#Z#DEBUG#a94a10ac-88fe-11f1-b49e-eeee0a804d2e.OPERATION#flowable-async-job-executor-thread-403#
[RestartAppStep] Executing task "startAppTask" of process "ed0b5723-88fe-11f1-b49e-eeee0a804d2e"...#
#2026 07 26 14:33:19.884#Z#DEBUG#a94a10ac-88fe-11f1-b49e-eeee0a804d2e.OPERATION#flowable-async-job-executor-thread-403#
[RestartAppStep] Application start timeout is default one: 3,600 seconds#
#2026 07 26 14:33:19.885#Z#DEBUG#a94a10ac-88fe-11f1-b49e-eeee0a804d2e.OPERATION#flowable-async-job-executor-thread-403#
[RestartAppStep] Checking status of application "ai_cap"...#
#2026 07 26 14:33:19.886#Z#DEBUG#a94a10ac-88fe-11f1-b49e-eeee0a804d2e.OPERATION#flowable-async-job-executor-thread-403#
[RestartAppStep] Getting application "ai_cap"...#
#2026 07 26 14:33:19.922#Z#DEBUG#a94a10ac-88fe-11f1-b49e-eeee0a804d2e.OPERATION#flowable-async-job-executor-thread-403#
[RestartAppStep] Getting instances for application "ai_cap"...#
#2026 07 26 14:33:19.982#Z#DEBUG#a94a10ac-88fe-11f1-b49e-eeee0a804d2e.OPERATION#flowable-async-job-executor-thread-403#
[RestartAppStep] Application "ai_cap": 0 of 1 instances running (1 starting)#
#2026 07 26 14:33:20.056#Z#DEBUG#a94a10ac-88fe-11f1-b49e-eeee0a804d2e.OPERATION#flowable-async-job-executor-thread-403#
Step "Start App" finished#
#2026 07 26 14:33:29.889#Z#DEBUG#a94a10ac-88fe-11f1-b49e-eeee0a804d2e.OPERATION#flowable-async-job-executor-thread-405#
[RestartAppStep] Executing task "startAppTask" of process "f2bae07c-88fe-11f1-a871-eeee0a91160a"...#
#2026 07 26 14:33:29.892#Z#DEBUG#a94a10ac-88fe-11f1-b49e-eeee0a804d2e.OPERATION#flowable-async-job-executor-thread-405#
[RestartAppStep] Application start timeout is default one: 3,600 seconds#
#2026 07 26 14:33:29.893#Z#DEBUG#a94a10ac-88fe-11f1-b49e-eeee0a804d2e.OPERATION#flowable-async-job-executor-thread-405#
[RestartAppStep] Checking status of application "ai_cap"...#
#2026 07 26 14:33:29.894#Z#DEBUG#a94a10ac-88fe-11f1-b49e-eeee0a804d2e.OPERATION#flowable-async-job-executor-thread-405#
[RestartAppStep] Getting instances for application "ai_cap"...#
#2026 07 26 14:33:29.950#Z#DEBUG#a94a10ac-88fe-11f1-b49e-eeee0a804d2e.OPERATION#flowable-async-job-executor-thread-405#
[RestartAppStep] Application "ai_cap": 0 of 1 instances running (1 starting)#
#2026 07 26 14:33:29.981#Z#DEBUG#a94a10ac-88fe-11f1-b49e-eeee0a804d2e.OPERATION#flowable-async-job-executor-thread-405#
Step "Start App" finished#
#2026 07 26 14:33:39.898#Z#DEBUG#a94a10ac-88fe-11f1-b49e-eeee0a804d2e.OPERATION#flowable-async-job-executor-thread-407#
[RestartAppStep] Executing task "startAppTask" of process "f8a576e9-88fe-11f1-a871-eeee0a91160a"...#
#2026 07 26 14:33:39.901#Z#DEBUG#a94a10ac-88fe-11f1-b49e-eeee0a804d2e.OPERATION#flowable-async-job-executor-thread-407#
[RestartAppStep] Application start timeout is default one: 3,600 seconds#
#2026 07 26 14:33:39.902#Z#DEBUG#a94a10ac-88fe-11f1-b49e-eeee0a804d2e.OPERATION#flowable-async-job-executor-thread-407#
[RestartAppStep] Checking status of application "ai_cap"...#
#2026 07 26 14:33:39.903#Z#DEBUG#a94a10ac-88fe-11f1-b49e-eeee0a804d2e.OPERATION#flowable-async-job-executor-thread-407#
[RestartAppStep] Getting instances for application "ai_cap"...#
#2026 07 26 14:33:39.961#Z#DEBUG#a94a10ac-88fe-11f1-b49e-eeee0a804d2e.OPERATION#flowable-async-job-executor-thread-407#
[RestartAppStep] Application "ai_cap": 0 of 1 instances running (1 starting)#
#2026 07 26 14:33:40.031#Z#DEBUG#a94a10ac-88fe-11f1-b49e-eeee0a804d2e.OPERATION#flowable-async-job-executor-thread-407#
Step "Start App" finished#
#2026 07 26 14:33:49.904#Z#DEBUG#a94a10ac-88fe-11f1-b49e-eeee0a804d2e.OPERATION#flowable-async-job-executor-thread-5246#
[RestartAppStep] Executing task "startAppTask" of process "fea2f916-88fe-11f1-a871-eeee0a91160a"...#
#2026 07 26 14:33:49.907#Z#DEBUG#a94a10ac-88fe-11f1-b49e-eeee0a804d2e.OPERATION#flowable-async-job-executor-thread-5246#
[RestartAppStep] Application start timeout is default one: 3,600 seconds#
#2026 07 26 14:33:49.908#Z#DEBUG#a94a10ac-88fe-11f1-b49e-eeee0a804d2e.OPERATION#flowable-async-job-executor-thread-5246#
[RestartAppStep] Checking status of application "ai_cap"...#
#2026 07 26 14:33:49.909#Z#DEBUG#a94a10ac-88fe-11f1-b49e-eeee0a804d2e.OPERATION#flowable-async-job-executor-thread-5246#
[RestartAppStep] Getting instances for application "ai_cap"...#
#2026 07 26 14:33:49.963#Z#DEBUG#a94a10ac-88fe-11f1-b49e-eeee0a804d2e.OPERATION#flowable-async-job-executor-thread-5246#
[RestartAppStep] Application "ai_cap": 0 of 1 instances running (1 crashed)#
#2026 07 26 14:33:50.009#Z#ERROR#a94a10ac-88fe-11f1-b49e-eeee0a804d2e.OPERATION#flowable-async-job-executor-thread-5246#
[RestartAppStep] Error starting application "ai_cap": Some instances have crashed. Check the application logs of your application for details.#
#2026 07 26 14:33:50.014#Z#INFO#a94a10ac-88fe-11f1-b49e-eeee0a804d2e.OPERATION#flowable-async-job-executor-thread-5246#
[RestartAppStep] Download the MTA operation logs for more details.#
#2026 07 26 14:33:50.018#Z#DEBUG#a94a10ac-88fe-11f1-b49e-eeee0a804d2e.OPERATION#flowable-async-job-executor-thread-5246#
Step "Start App" finished#
#2026 07 26 14:33:51.194#Z#DEBUG#a94a10ac-88fe-11f1-b49e-eeee0a804d2e.OPERATION#flowable-async-job-executor-thread-1610#
[RestartAppStep] Executing task "startAppTask" of process "fea2f916-88fe-11f1-a871-eeee0a91160a"...#
#2026 07 26 14:33:51.202#Z#DEBUG#a94a10ac-88fe-11f1-b49e-eeee0a804d2e.OPERATION#flowable-async-job-executor-thread-1610#
[RestartAppStep] Application start timeout is default one: 3,600 seconds#
#2026 07 26 14:33:51.219#Z#DEBUG#a94a10ac-88fe-11f1-b49e-eeee0a804d2e.OPERATION#flowable-async-job-executor-thread-1610#
[RestartAppStep] Getting application "ai_cap"...#
#2026 07 26 14:33:51.252#Z#INFO#a94a10ac-88fe-11f1-b49e-eeee0a804d2e.OPERATION#flowable-async-job-executor-thread-1610#
[RestartAppStep] Stopping application "ai_cap"...#
#2026 07 26 14:33:51.259#Z#DEBUG#a94a10ac-88fe-11f1-b49e-eeee0a804d2e.OPERATION#flowable-async-job-executor-thread-1610#
[RestartAppStep] Stopping application "ai_cap"...#
#2026 07 26 14:33:51.383#Z#INFO#a94a10ac-88fe-11f1-b49e-eeee0a804d2e.OPERATION#flowable-async-job-executor-thread-1610#
[RestartAppStep] Starting application "ai_cap"...#
#2026 07 26 14:33:51.392#Z#DEBUG#a94a10ac-88fe-11f1-b49e-eeee0a804d2e.OPERATION#flowable-async-job-executor-thread-1610#
[RestartAppStep] Starting application "ai_cap"...#
#2026 07 26 14:33:51.578#Z#DEBUG#a94a10ac-88fe-11f1-b49e-eeee0a804d2e.OPERATION#flowable-async-job-executor-thread-1610#
Step "Start App" finished#
#2026 07 26 14:33:59.906#Z#DEBUG#a94a10ac-88fe-11f1-b49e-eeee0a804d2e.OPERATION#flowable-async-job-executor-thread-5248#
[RestartAppStep] Executing task "startAppTask" of process "05850eb2-88ff-11f1-980f-eeee0a917d7c"...#
#2026 07 26 14:33:59.909#Z#DEBUG#a94a10ac-88fe-11f1-b49e-eeee0a804d2e.OPERATION#flowable-async-job-executor-thread-5248#
[RestartAppStep] Application start timeout is default one: 3,600 seconds#
#2026 07 26 14:33:59.994#Z#DEBUG#a94a10ac-88fe-11f1-b49e-eeee0a804d2e.OPERATION#flowable-async-job-executor-thread-5248#
[RestartAppStep] Checking status of application "ai_cap"...#
#2026 07 26 14:33:59.995#Z#DEBUG#a94a10ac-88fe-11f1-b49e-eeee0a804d2e.OPERATION#flowable-async-job-executor-thread-5248#
[RestartAppStep] Getting instances for application "ai_cap"...#
#2026 07 26 14:34:00.078#Z#DEBUG#a94a10ac-88fe-11f1-b49e-eeee0a804d2e.OPERATION#flowable-async-job-executor-thread-5248#
[RestartAppStep] Application "ai_cap": 0 of 1 instances running (1 starting)#
#2026 07 26 14:34:00.158#Z#DEBUG#a94a10ac-88fe-11f1-b49e-eeee0a804d2e.OPERATION#flowable-async-job-executor-thread-5248#
Step "Start App" finished#
#2026 07 26 14:34:09.920#Z#DEBUG#a94a10ac-88fe-11f1-b49e-eeee0a804d2e.OPERATION#flowable-async-job-executor-thread-409#
[RestartAppStep] Executing task "startAppTask" of process "0aa1f4c5-88ff-11f1-b49e-eeee0a804d2e"...#
#2026 07 26 14:34:09.923#Z#DEBUG#a94a10ac-88fe-11f1-b49e-eeee0a804d2e.OPERATION#flowable-async-job-executor-thread-409#
[RestartAppStep] Application start timeout is default one: 3,600 seconds#
#2026 07 26 14:34:09.924#Z#DEBUG#a94a10ac-88fe-11f1-b49e-eeee0a804d2e.OPERATION#flowable-async-job-executor-thread-409#
[RestartAppStep] Checking status of application "ai_cap"...#
#2026 07 26 14:34:09.925#Z#DEBUG#a94a10ac-88fe-11f1-b49e-eeee0a804d2e.OPERATION#flowable-async-job-executor-thread-409#
[RestartAppStep] Getting instances for application "ai_cap"...#
#2026 07 26 14:34:09.987#Z#DEBUG#a94a10ac-88fe-11f1-b49e-eeee0a804d2e.OPERATION#flowable-async-job-executor-thread-409#
[RestartAppStep] Application "ai_cap": 0 of 1 instances running (1 starting)#
#2026 07 26 14:34:10.060#Z#DEBUG#a94a10ac-88fe-11f1-b49e-eeee0a804d2e.OPERATION#flowable-async-job-executor-thread-409#
Step "Start App" finished#
#2026 07 26 14:34:19.929#Z#DEBUG#a94a10ac-88fe-11f1-b49e-eeee0a804d2e.OPERATION#flowable-async-job-executor-thread-5250#
[RestartAppStep] Executing task "startAppTask" of process "1088e1e3-88ff-11f1-a871-eeee0a91160a"...#
#2026 07 26 14:34:19.932#Z#DEBUG#a94a10ac-88fe-11f1-b49e-eeee0a804d2e.OPERATION#flowable-async-job-executor-thread-5250#
[RestartAppStep] Application start timeout is default one: 3,600 seconds#
#2026 07 26 14:34:19.933#Z#DEBUG#a94a10ac-88fe-11f1-b49e-eeee0a804d2e.OPERATION#flowable-async-job-executor-thread-5250#
[RestartAppStep] Checking status of application "ai_cap"...#
#2026 07 26 14:34:19.934#Z#DEBUG#a94a10ac-88fe-11f1-b49e-eeee0a804d2e.OPERATION#flowable-async-job-executor-thread-5250#
[RestartAppStep] Getting instances for application "ai_cap"...#
#2026 07 26 14:34:19.991#Z#DEBUG#a94a10ac-88fe-11f1-b49e-eeee0a804d2e.OPERATION#flowable-async-job-executor-thread-5250#
[RestartAppStep] Application "ai_cap": 0 of 1 instances running (1 starting)#
#2026 07 26 14:34:20.050#Z#DEBUG#a94a10ac-88fe-11f1-b49e-eeee0a804d2e.OPERATION#flowable-async-job-executor-thread-5250#
Step "Start App" finished#
#2026 07 26 14:34:29.938#Z#DEBUG#a94a10ac-88fe-11f1-b49e-eeee0a804d2e.OPERATION#flowable-async-job-executor-thread-5252#
[RestartAppStep] Executing task "startAppTask" of process "167d3c12-88ff-11f1-b49e-eeee0a804d2e"...#
#2026 07 26 14:34:29.941#Z#DEBUG#a94a10ac-88fe-11f1-b49e-eeee0a804d2e.OPERATION#flowable-async-job-executor-thread-5252#
[RestartAppStep] Application start timeout is default one: 3,600 seconds#
#2026 07 26 14:34:29.941#Z#DEBUG#a94a10ac-88fe-11f1-b49e-eeee0a804d2e.OPERATION#flowable-async-job-executor-thread-5252#
[RestartAppStep] Checking status of application "ai_cap"...#
#2026 07 26 14:34:29.942#Z#DEBUG#a94a10ac-88fe-11f1-b49e-eeee0a804d2e.OPERATION#flowable-async-job-executor-thread-5252#
[RestartAppStep] Getting instances for application "ai_cap"...#
#2026 07 26 14:34:29.995#Z#DEBUG#a94a10ac-88fe-11f1-b49e-eeee0a804d2e.OPERATION#flowable-async-job-executor-thread-5252#
[RestartAppStep] Application "ai_cap": 0 of 1 instances running (1 crashed)#
#2026 07 26 14:34:30.035#Z#ERROR#a94a10ac-88fe-11f1-b49e-eeee0a804d2e.OPERATION#flowable-async-job-executor-thread-5252#
[RestartAppStep] Error starting application "ai_cap": Some instances have crashed. Check the application logs of your application for details.#
#2026 07 26 14:34:30.040#Z#INFO#a94a10ac-88fe-11f1-b49e-eeee0a804d2e.OPERATION#flowable-async-job-executor-thread-5252#
[RestartAppStep] Download the MTA operation logs for more details.#
#2026 07 26 14:34:30.044#Z#DEBUG#a94a10ac-88fe-11f1-b49e-eeee0a804d2e.OPERATION#flowable-async-job-executor-thread-5252#
Step "Start App" finished#
#2026 07 26 14:34:30.669#Z#DEBUG#a94a10ac-88fe-11f1-b49e-eeee0a804d2e.OPERATION#flowable-async-job-executor-thread-1611#
[RestartAppStep] Executing task "startAppTask" of process "167d3c12-88ff-11f1-b49e-eeee0a804d2e"...#
#2026 07 26 14:34:30.675#Z#DEBUG#a94a10ac-88fe-11f1-b49e-eeee0a804d2e.OPERATION#flowable-async-job-executor-thread-1611#
[RestartAppStep] Application start timeout is default one: 3,600 seconds#
#2026 07 26 14:34:30.690#Z#DEBUG#a94a10ac-88fe-11f1-b49e-eeee0a804d2e.OPERATION#flowable-async-job-executor-thread-1611#
[RestartAppStep] Getting application "ai_cap"...#
#2026 07 26 14:34:30.719#Z#INFO#a94a10ac-88fe-11f1-b49e-eeee0a804d2e.OPERATION#flowable-async-job-executor-thread-1611#
[RestartAppStep] Stopping application "ai_cap"...#
#2026 07 26 14:34:30.725#Z#DEBUG#a94a10ac-88fe-11f1-b49e-eeee0a804d2e.OPERATION#flowable-async-job-executor-thread-1611#
[RestartAppStep] Stopping application "ai_cap"...#
#2026 07 26 14:34:30.871#Z#INFO#a94a10ac-88fe-11f1-b49e-eeee0a804d2e.OPERATION#flowable-async-job-executor-thread-1611#
[RestartAppStep] Starting application "ai_cap"...#
#2026 07 26 14:34:30.878#Z#DEBUG#a94a10ac-88fe-11f1-b49e-eeee0a804d2e.OPERATION#flowable-async-job-executor-thread-1611#
[RestartAppStep] Starting application "ai_cap"...#
#2026 07 26 14:34:31.063#Z#DEBUG#a94a10ac-88fe-11f1-b49e-eeee0a804d2e.OPERATION#flowable-async-job-executor-thread-1611#
Step "Start App" finished#
#2026 07 26 14:34:39.944#Z#DEBUG#a94a10ac-88fe-11f1-b49e-eeee0a804d2e.OPERATION#flowable-async-job-executor-thread-5254#
[RestartAppStep] Executing task "startAppTask" of process "1d0dfd8d-88ff-11f1-980f-eeee0a917d7c"...#
#2026 07 26 14:34:39.946#Z#DEBUG#a94a10ac-88fe-11f1-b49e-eeee0a804d2e.OPERATION#flowable-async-job-executor-thread-5254#
[RestartAppStep] Application start timeout is default one: 3,600 seconds#
#2026 07 26 14:34:40.034#Z#DEBUG#a94a10ac-88fe-11f1-b49e-eeee0a804d2e.OPERATION#flowable-async-job-executor-thread-5254#
[RestartAppStep] Checking status of application "ai_cap"...#
#2026 07 26 14:34:40.035#Z#DEBUG#a94a10ac-88fe-11f1-b49e-eeee0a804d2e.OPERATION#flowable-async-job-executor-thread-5254#
[RestartAppStep] Getting instances for application "ai_cap"...#
#2026 07 26 14:34:40.121#Z#DEBUG#a94a10ac-88fe-11f1-b49e-eeee0a804d2e.OPERATION#flowable-async-job-executor-thread-5254#
[RestartAppStep] Application "ai_cap": 0 of 1 instances running (1 starting)#
#2026 07 26 14:34:40.162#Z#DEBUG#a94a10ac-88fe-11f1-b49e-eeee0a804d2e.OPERATION#flowable-async-job-executor-thread-5254#
Step "Start App" finished#
#2026 07 26 14:34:49.953#Z#DEBUG#a94a10ac-88fe-11f1-b49e-eeee0a804d2e.OPERATION#flowable-async-job-executor-thread-5256#
[RestartAppStep] Executing task "startAppTask" of process "2279ee14-88ff-11f1-b49e-eeee0a804d2e"...#
#2026 07 26 14:34:49.956#Z#DEBUG#a94a10ac-88fe-11f1-b49e-eeee0a804d2e.OPERATION#flowable-async-job-executor-thread-5256#
[RestartAppStep] Application start timeout is default one: 3,600 seconds#
#2026 07 26 14:34:49.956#Z#DEBUG#a94a10ac-88fe-11f1-b49e-eeee0a804d2e.OPERATION#flowable-async-job-executor-thread-5256#
[RestartAppStep] Checking status of application "ai_cap"...#
#2026 07 26 14:34:49.957#Z#DEBUG#a94a10ac-88fe-11f1-b49e-eeee0a804d2e.OPERATION#flowable-async-job-executor-thread-5256#
[RestartAppStep] Getting instances for application "ai_cap"...#
#2026 07 26 14:34:50.032#Z#DEBUG#a94a10ac-88fe-11f1-b49e-eeee0a804d2e.OPERATION#flowable-async-job-executor-thread-5256#
[RestartAppStep] Application "ai_cap": 0 of 1 instances running (1 starting)#
#2026 07 26 14:34:50.096#Z#DEBUG#a94a10ac-88fe-11f1-b49e-eeee0a804d2e.OPERATION#flowable-async-job-executor-thread-5256#
Step "Start App" finished#
#2026 07 26 14:34:59.965#Z#DEBUG#a94a10ac-88fe-11f1-b49e-eeee0a804d2e.OPERATION#flowable-async-job-executor-thread-411#
[RestartAppStep] Executing task "startAppTask" of process "28660b21-88ff-11f1-b49e-eeee0a804d2e"...#
#2026 07 26 14:34:59.969#Z#DEBUG#a94a10ac-88fe-11f1-b49e-eeee0a804d2e.OPERATION#flowable-async-job-executor-thread-411#
[RestartAppStep] Application start timeout is default one: 3,600 seconds#
#2026 07 26 14:34:59.969#Z#DEBUG#a94a10ac-88fe-11f1-b49e-eeee0a804d2e.OPERATION#flowable-async-job-executor-thread-411#
[RestartAppStep] Checking status of application "ai_cap"...#
#2026 07 26 14:34:59.970#Z#DEBUG#a94a10ac-88fe-11f1-b49e-eeee0a804d2e.OPERATION#flowable-async-job-executor-thread-411#
[RestartAppStep] Getting instances for application "ai_cap"...#
#2026 07 26 14:35:00.020#Z#DEBUG#a94a10ac-88fe-11f1-b49e-eeee0a804d2e.OPERATION#flowable-async-job-executor-thread-411#
[RestartAppStep] Application "ai_cap": 0 of 1 instances running (1 starting)#
#2026 07 26 14:35:00.104#Z#DEBUG#a94a10ac-88fe-11f1-b49e-eeee0a804d2e.OPERATION#flowable-async-job-executor-thread-411#
Step "Start App" finished#
#2026 07 26 14:35:09.980#Z#DEBUG#a94a10ac-88fe-11f1-b49e-eeee0a804d2e.OPERATION#flowable-async-job-executor-thread-414#
[RestartAppStep] Executing task "startAppTask" of process "2e5cfdb0-88ff-11f1-a871-eeee0a91160a"...#
#2026 07 26 14:35:09.983#Z#DEBUG#a94a10ac-88fe-11f1-b49e-eeee0a804d2e.OPERATION#flowable-async-job-executor-thread-414#
[RestartAppStep] Application start timeout is default one: 3,600 seconds#
#2026 07 26 14:35:09.984#Z#DEBUG#a94a10ac-88fe-11f1-b49e-eeee0a804d2e.OPERATION#flowable-async-job-executor-thread-414#
[RestartAppStep] Checking status of application "ai_cap"...#
#2026 07 26 14:35:09.985#Z#DEBUG#a94a10ac-88fe-11f1-b49e-eeee0a804d2e.OPERATION#flowable-async-job-executor-thread-414#
[RestartAppStep] Getting instances for application "ai_cap"...#
#2026 07 26 14:35:10.068#Z#DEBUG#a94a10ac-88fe-11f1-b49e-eeee0a804d2e.OPERATION#flowable-async-job-executor-thread-414#
[RestartAppStep] Application "ai_cap": 0 of 1 instances running (1 crashed)#
#2026 07 26 14:35:10.131#Z#ERROR#a94a10ac-88fe-11f1-b49e-eeee0a804d2e.OPERATION#flowable-async-job-executor-thread-414#
[RestartAppStep] Error starting application "ai_cap": Some instances have crashed. Check the application logs of your application for details.#
#2026 07 26 14:35:10.137#Z#INFO#a94a10ac-88fe-11f1-b49e-eeee0a804d2e.OPERATION#flowable-async-job-executor-thread-414#
[RestartAppStep] Download the MTA operation logs for more details.#
#2026 07 26 14:35:10.141#Z#DEBUG#a94a10ac-88fe-11f1-b49e-eeee0a804d2e.OPERATION#flowable-async-job-executor-thread-414#
Step "Start App" finished#
#2026 07 26 14:35:13.169#Z#DEBUG#a94a10ac-88fe-11f1-b49e-eeee0a804d2e.OPERATION#flowable-async-job-executor-thread-1620#
[RestartAppStep] Executing task "startAppTask" of process "2e5cfdb0-88ff-11f1-a871-eeee0a91160a"...#
#2026 07 26 14:35:13.176#Z#DEBUG#a94a10ac-88fe-11f1-b49e-eeee0a804d2e.OPERATION#flowable-async-job-executor-thread-1620#
[RestartAppStep] Application start timeout is default one: 3,600 seconds#
#2026 07 26 14:35:13.190#Z#DEBUG#a94a10ac-88fe-11f1-b49e-eeee0a804d2e.OPERATION#flowable-async-job-executor-thread-1620#
[RestartAppStep] Getting application "ai_cap"...#
#2026 07 26 14:35:13.238#Z#INFO#a94a10ac-88fe-11f1-b49e-eeee0a804d2e.OPERATION#flowable-async-job-executor-thread-1620#
[RestartAppStep] Stopping application "ai_cap"...#
#2026 07 26 14:35:13.246#Z#DEBUG#a94a10ac-88fe-11f1-b49e-eeee0a804d2e.OPERATION#flowable-async-job-executor-thread-1620#
[RestartAppStep] Stopping application "ai_cap"...#
#2026 07 26 14:35:13.420#Z#INFO#a94a10ac-88fe-11f1-b49e-eeee0a804d2e.OPERATION#flowable-async-job-executor-thread-1620#
[RestartAppStep] Starting application "ai_cap"...#
#2026 07 26 14:35:13.427#Z#DEBUG#a94a10ac-88fe-11f1-b49e-eeee0a804d2e.OPERATION#flowable-async-job-executor-thread-1620#
[RestartAppStep] Starting application "ai_cap"...#
#2026 07 26 14:35:13.734#Z#DEBUG#a94a10ac-88fe-11f1-b49e-eeee0a804d2e.OPERATION#flowable-async-job-executor-thread-1620#
Step "Start App" finished#
#2026 07 26 14:35:19.991#Z#DEBUG#a94a10ac-88fe-11f1-b49e-eeee0a804d2e.OPERATION#flowable-async-job-executor-thread-5260#
[RestartAppStep] Executing task "startAppTask" of process "367d111a-88ff-11f1-980f-eeee0a917d7c"...#
#2026 07 26 14:35:19.993#Z#DEBUG#a94a10ac-88fe-11f1-b49e-eeee0a804d2e.OPERATION#flowable-async-job-executor-thread-5260#
[RestartAppStep] Application start timeout is default one: 3,600 seconds#
#2026 07 26 14:35:19.994#Z#DEBUG#a94a10ac-88fe-11f1-b49e-eeee0a804d2e.OPERATION#flowable-async-job-executor-thread-5260#
[RestartAppStep] Checking status of application "ai_cap"...#
#2026 07 26 14:35:19.995#Z#DEBUG#a94a10ac-88fe-11f1-b49e-eeee0a804d2e.OPERATION#flowable-async-job-executor-thread-5260#
[RestartAppStep] Getting instances for application "ai_cap"...#
#2026 07 26 14:35:20.080#Z#DEBUG#a94a10ac-88fe-11f1-b49e-eeee0a804d2e.OPERATION#flowable-async-job-executor-thread-5260#
[RestartAppStep] Application "ai_cap": 0 of 1 instances running (1 starting)#
#2026 07 26 14:35:20.116#Z#DEBUG#a94a10ac-88fe-11f1-b49e-eeee0a804d2e.OPERATION#flowable-async-job-executor-thread-5260#
Step "Start App" finished#
#2026 07 26 14:35:30.010#Z#DEBUG#a94a10ac-88fe-11f1-b49e-eeee0a804d2e.OPERATION#flowable-async-job-executor-thread-417#
[RestartAppStep] Executing task "startAppTask" of process "3a4a6d5e-88ff-11f1-b49e-eeee0a804d2e"...#
#2026 07 26 14:35:30.013#Z#DEBUG#a94a10ac-88fe-11f1-b49e-eeee0a804d2e.OPERATION#flowable-async-job-executor-thread-417#
[RestartAppStep] Application start timeout is default one: 3,600 seconds#
#2026 07 26 14:35:30.088#Z#DEBUG#a94a10ac-88fe-11f1-b49e-eeee0a804d2e.OPERATION#flowable-async-job-executor-thread-417#
[RestartAppStep] Checking status of application "ai_cap"...#
#2026 07 26 14:35:30.089#Z#DEBUG#a94a10ac-88fe-11f1-b49e-eeee0a804d2e.OPERATION#flowable-async-job-executor-thread-417#
[RestartAppStep] Getting instances for application "ai_cap"...#
#2026 07 26 14:35:30.170#Z#DEBUG#a94a10ac-88fe-11f1-b49e-eeee0a804d2e.OPERATION#flowable-async-job-executor-thread-417#
[RestartAppStep] Application "ai_cap": 0 of 1 instances running (1 starting)#
#2026 07 26 14:35:30.235#Z#DEBUG#a94a10ac-88fe-11f1-b49e-eeee0a804d2e.OPERATION#flowable-async-job-executor-thread-417#
Step "Start App" finished#
#2026 07 26 14:35:40.016#Z#DEBUG#a94a10ac-88fe-11f1-b49e-eeee0a804d2e.OPERATION#flowable-async-job-executor-thread-420#
[RestartAppStep] Executing task "startAppTask" of process "40529cff-88ff-11f1-a871-eeee0a91160a"...#
#2026 07 26 14:35:40.019#Z#DEBUG#a94a10ac-88fe-11f1-b49e-eeee0a804d2e.OPERATION#flowable-async-job-executor-thread-420#
[RestartAppStep] Application start timeout is default one: 3,600 seconds#
#2026 07 26 14:35:40.020#Z#DEBUG#a94a10ac-88fe-11f1-b49e-eeee0a804d2e.OPERATION#flowable-async-job-executor-thread-420#
[RestartAppStep] Checking status of application "ai_cap"...#
#2026 07 26 14:35:40.021#Z#DEBUG#a94a10ac-88fe-11f1-b49e-eeee0a804d2e.OPERATION#flowable-async-job-executor-thread-420#
[RestartAppStep] Getting instances for application "ai_cap"...#
#2026 07 26 14:35:40.082#Z#DEBUG#a94a10ac-88fe-11f1-b49e-eeee0a804d2e.OPERATION#flowable-async-job-executor-thread-420#
[RestartAppStep] Application "ai_cap": 0 of 1 instances running (1 starting)#
#2026 07 26 14:35:40.113#Z#DEBUG#a94a10ac-88fe-11f1-b49e-eeee0a804d2e.OPERATION#flowable-async-job-executor-thread-420#
Step "Start App" finished#
#2026 07 26 14:35:50.027#Z#DEBUG#a94a10ac-88fe-11f1-b49e-eeee0a804d2e.OPERATION#flowable-async-job-executor-thread-424#
[RestartAppStep] Executing task "startAppTask" of process "46360783-88ff-11f1-a871-eeee0a91160a"...#
#2026 07 26 14:35:50.030#Z#DEBUG#a94a10ac-88fe-11f1-b49e-eeee0a804d2e.OPERATION#flowable-async-job-executor-thread-424#
[RestartAppStep] Application start timeout is default one: 3,600 seconds#
#2026 07 26 14:35:50.031#Z#DEBUG#a94a10ac-88fe-11f1-b49e-eeee0a804d2e.OPERATION#flowable-async-job-executor-thread-424#
[RestartAppStep] Checking status of application "ai_cap"...#
#2026 07 26 14:35:50.032#Z#DEBUG#a94a10ac-88fe-11f1-b49e-eeee0a804d2e.OPERATION#flowable-async-job-executor-thread-424#
[RestartAppStep] Getting instances for application "ai_cap"...#
#2026 07 26 14:35:50.136#Z#DEBUG#a94a10ac-88fe-11f1-b49e-eeee0a804d2e.OPERATION#flowable-async-job-executor-thread-424#
[RestartAppStep] Application "ai_cap": 0 of 1 instances running (1 crashed)#
#2026 07 26 14:35:50.173#Z#ERROR#a94a10ac-88fe-11f1-b49e-eeee0a804d2e.OPERATION#flowable-async-job-executor-thread-424#
[RestartAppStep] Error starting application "ai_cap": Some instances have crashed. Check the application logs of your application for details.#
#2026 07 26 14:35:50.178#Z#INFO#a94a10ac-88fe-11f1-b49e-eeee0a804d2e.OPERATION#flowable-async-job-executor-thread-424#
[RestartAppStep] Download the MTA operation logs for more details.#
#2026 07 26 14:35:50.182#Z#DEBUG#a94a10ac-88fe-11f1-b49e-eeee0a804d2e.OPERATION#flowable-async-job-executor-thread-424#
Step "Start App" finished#
